<?xml version="1.0" encoding="ISO-8859-1"?>
<Vehicle menyoo_ver="0.9998746b">
	<ModelHash>0x9114eada</ModelHash>
	<InitialHandle>146477</InitialHandle>
	<VehicleProperties>
		<Colours>
			<Primary>152</Primary>
			<Secondary>152</Secondary>
			<Pearl>18</Pearl>
			<Rim>152</Rim>
			<Mod1_a>6</Mod1_a>
			<Mod1_b>-1</Mod1_b>
			<Mod1_c>-1</Mod1_c>
			<Mod2_a>6</Mod2_a>
			<Mod2_b>-1</Mod2_b>
			<IsPrimaryColourCustom>false</IsPrimaryColourCustom>
			<IsSecondaryColourCustom>false</IsSecondaryColourCustom>
			<tyreSmoke_R>255</tyreSmoke_R>
			<tyreSmoke_G>255</tyreSmoke_G>
			<tyreSmoke_B>255</tyreSmoke_B>
			<LrInterior>0</LrInterior>
			<LrDashboard>0</LrDashboard>
		</Colours>
		<Livery>-1</Livery>
		<NumberPlateText> MENYOO </NumberPlateText>
		<NumberPlateIndex>5</NumberPlateIndex>
		<WheelType>3</WheelType>
		<WheelsInvisible>false</WheelsInvisible>
		<EngineSoundName></EngineSoundName>
		<WindowTint>-1</WindowTint>
		<BulletProofTyres>true</BulletProofTyres>
		<DirtLevel>0.00851876754</DirtLevel>
		<PaintFade>0.298039228</PaintFade>
		<RoofState>0</RoofState>
		<SirenActive>false</SirenActive>
		<EngineOn>true</EngineOn>
		<EngineHealth>2000</EngineHealth>
		<LightsOn>true</LightsOn>
		<IsRadioLoud>0</IsRadioLoud>
		<LockStatus>1</LockStatus>
		<Neons>
			<Left>false</Left>
			<Right>false</Right>
			<Front>false</Front>
			<Back>false</Back>
			<R>255</R>
			<G>0</G>
			<B>255</B>
		</Neons>
		<ModExtras>
			<_1>true</_1>
		</ModExtras>
		<Mods>
			<_0>-1,0</_0>
			<_1>-1,0</_1>
			<_2>-1,0</_2>
			<_3>-1,0</_3>
			<_4>-1,0</_4>
			<_5>-1,0</_5>
			<_6>-1,0</_6>
			<_7>-1,0</_7>
			<_8>-1,0</_8>
			<_9>-1,0</_9>
			<_10>-1,0</_10>
			<_11>-1,0</_11>
			<_12>-1,0</_12>
			<_13>-1,0</_13>
			<_14>-1,0</_14>
			<_15>-1,0</_15>
			<_16>-1,0</_16>
			<_17>false</_17>
			<_18>false</_18>
			<_19>false</_19>
			<_20>false</_20>
			<_21>false</_21>
			<_22>false</_22>
			<_23>-1,0</_23>
			<_24>-1,0</_24>
			<_25>-1,0</_25>
			<_26>-1,0</_26>
			<_27>-1,0</_27>
			<_28>-1,0</_28>
			<_29>-1,0</_29>
			<_30>-1,0</_30>
			<_31>-1,0</_31>
			<_32>-1,0</_32>
			<_33>-1,0</_33>
			<_34>-1,0</_34>
			<_35>-1,0</_35>
			<_36>-1,0</_36>
			<_37>-1,0</_37>
			<_38>-1,0</_38>
			<_39>-1,0</_39>
			<_40>-1,0</_40>
			<_41>-1,0</_41>
			<_42>-1,0</_42>
			<_43>-1,0</_43>
			<_44>-1,0</_44>
			<_45>-1,0</_45>
			<_46>-1,0</_46>
			<_47>-1,0</_47>
			<_48>-1,0</_48>
		</Mods>
		<DoorsOpen>
			<BackLeftDoor>false</BackLeftDoor>
			<BackRightDoor>false</BackRightDoor>
			<FrontLeftDoor>false</FrontLeftDoor>
			<FrontRightDoor>false</FrontRightDoor>
			<Hood>false</Hood>
			<Trunk>false</Trunk>
			<Trunk2>false</Trunk2>
		</DoorsOpen>
		<DoorsBroken>
			<BackLeftDoor>false</BackLeftDoor>
			<BackRightDoor>false</BackRightDoor>
			<FrontLeftDoor>false</FrontLeftDoor>
			<FrontRightDoor>false</FrontRightDoor>
			<Hood>false</Hood>
			<Trunk>false</Trunk>
			<Trunk2>false</Trunk2>
		</DoorsBroken>
		<TyresBursted>
			<FrontLeft>false</FrontLeft>
			<FrontRight>false</FrontRight>
			<_2>false</_2>
			<_3>false</_3>
			<BackLeft>false</BackLeft>
			<BackRight>false</BackRight>
			<_6>false</_6>
			<_7>false</_7>
			<_8>false</_8>
		</TyresBursted>
		<RpmMultiplier>1</RpmMultiplier>
		<TorqueMultiplier>1</TorqueMultiplier>
		<HeadlightIntensity>1</HeadlightIntensity>
	</VehicleProperties>
	<OpacityLevel>255</OpacityLevel>
	<LodDistance>750</LodDistance>
	<IsVisible>true</IsVisible>
	<IsDriverVisible>true</IsDriverVisible>
	<MaxHealth>1000</MaxHealth>
	<Health>1000</Health>
	<HasGravity>true</HasGravity>
	<IsOnFire>false</IsOnFire>
	<IsInvincible>true</IsInvincible>
	<IsBulletProof>true</IsBulletProof>
	<IsExplosionProof>true</IsExplosionProof>
	<IsFireProof>false</IsFireProof>
	<IsMeleeProof>true</IsMeleeProof>
	<IsOnlyDamagedByPlayer>false</IsOnlyDamagedByPlayer>
	<SpoonerAttachments SetAttachmentsPersistentAndAddToSpoonerDatabase="false" StartTaskSequencesOnLoad="true">
		<Attachment>
			<ModelHash>0x9a842668</ModelHash>
			<Type>3</Type>
			<Dynamic>false</Dynamic>
			<FrozenPos>true</FrozenPos>
			<HashName>bkr_prop_weed_plantpot_stack_01c</HashName>
			<InitialHandle>639792</InitialHandle>
			<ObjectProperties>
				<TextureVariation>0</TextureVariation>
			</ObjectProperties>
			<OpacityLevel>255</OpacityLevel>
			<LodDistance>16960</LodDistance>
			<IsVisible>true</IsVisible>
			<MaxHealth>1000</MaxHealth>
			<Health>1000</Health>
			<HasGravity>true</HasGravity>
			<IsOnFire>false</IsOnFire>
			<IsInvincible>false</IsInvincible>
			<IsBulletProof>false</IsBulletProof>
			<IsCollisionProof>false</IsCollisionProof>
			<IsExplosionProof>false</IsExplosionProof>
			<IsFireProof>false</IsFireProof>
			<IsMeleeProof>false</IsMeleeProof>
			<IsOnlyDamagedByPlayer>false</IsOnlyDamagedByPlayer>
			<PositionRotation>
				<X>-14.6553268</X>
				<Y>544.565674</Y>
				<Z>171.997894</Z>
				<Pitch>-75.5970459</Pitch>
				<Roll>164.844864</Roll>
				<Yaw>-68.8181381</Yaw>
			</PositionRotation>
			<Attachment isAttached="true">
				<AttachedTo>146477</AttachedTo>
				<BoneIndex>0</BoneIndex>
				<X>1.20000029</X>
				<Y>1.70000041</Y>
				<Z>0.400000095</Z>
				<Pitch>-92.2000046</Pitch>
				<Roll>0</Roll>
				<Yaw>0</Yaw>
			</Attachment>
		</Attachment>
		<Attachment>
			<ModelHash>0xa9c27562</ModelHash>
			<Type>3</Type>
			<Dynamic>false</Dynamic>
			<FrozenPos>true</FrozenPos>
			<HashName>ex_office_swag_guns01</HashName>
			<InitialHandle>27953</InitialHandle>
			<ObjectProperties>
				<TextureVariation>0</TextureVariation>
			</ObjectProperties>
			<OpacityLevel>255</OpacityLevel>
			<LodDistance>16960</LodDistance>
			<IsVisible>true</IsVisible>
			<MaxHealth>1000</MaxHealth>
			<Health>1000</Health>
			<HasGravity>true</HasGravity>
			<IsOnFire>false</IsOnFire>
			<IsInvincible>false</IsInvincible>
			<IsBulletProof>false</IsBulletProof>
			<IsCollisionProof>false</IsCollisionProof>
			<IsExplosionProof>false</IsExplosionProof>
			<IsFireProof>false</IsFireProof>
			<IsMeleeProof>false</IsMeleeProof>
			<IsOnlyDamagedByPlayer>false</IsOnlyDamagedByPlayer>
			<PositionRotation>
				<X>-14.5039978</X>
				<Y>543.84906</Y>
				<Z>172.491394</Z>
				<Pitch>77.0845718</Pitch>
				<Roll>-77.5226974</Roll>
				<Yaw>111.458771</Yaw>
			</PositionRotation>
			<Attachment isAttached="true">
				<AttachedTo>146477</AttachedTo>
				<BoneIndex>0</BoneIndex>
				<X>0.500000119</X>
				<Y>1.90000045</Y>
				<Z>0.900000215</Z>
				<Pitch>89.0999908</Pitch>
				<Roll>-122.30011</Roll>
				<Yaw>29.9000015</Yaw>
			</Attachment>
		</Attachment>
		<Attachment>
			<ModelHash>0x9c0759ec</ModelHash>
			<Type>3</Type>
			<Dynamic>false</Dynamic>
			<FrozenPos>true</FrozenPos>
			<HashName>ex_office_swag_guns02</HashName>
			<InitialHandle>583984</InitialHandle>
			<ObjectProperties>
				<TextureVariation>0</TextureVariation>
			</ObjectProperties>
			<OpacityLevel>255</OpacityLevel>
			<LodDistance>16960</LodDistance>
			<IsVisible>true</IsVisible>
			<MaxHealth>1000</MaxHealth>
			<Health>1000</Health>
			<HasGravity>true</HasGravity>
			<IsOnFire>false</IsOnFire>
			<IsInvincible>false</IsInvincible>
			<IsBulletProof>false</IsBulletProof>
			<IsCollisionProof>false</IsCollisionProof>
			<IsExplosionProof>false</IsExplosionProof>
			<IsFireProof>false</IsFireProof>
			<IsMeleeProof>false</IsMeleeProof>
			<IsOnlyDamagedByPlayer>false</IsOnlyDamagedByPlayer>
			<PositionRotation>
				<X>-13.1527262</X>
				<Y>544.912537</Y>
				<Z>173.560547</Z>
				<Pitch>-11.6967115</Pitch>
				<Roll>3.80769825</Roll>
				<Yaw>126.654633</Yaw>
			</PositionRotation>
			<Attachment isAttached="true">
				<AttachedTo>146477</AttachedTo>
				<BoneIndex>0</BoneIndex>
				<X>0.500000119</X>
				<Y>0</Y>
				<Z>1.60000038</Z>
				<Pitch>0</Pitch>
				<Roll>0</Roll>
				<Yaw>0</Yaw>
			</Attachment>
		</Attachment>
		<Attachment>
			<ModelHash>0x64a5169a</ModelHash>
			<Type>3</Type>
			<Dynamic>false</Dynamic>
			<FrozenPos>true</FrozenPos>
			<HashName>ex_prop_adv_case_sm</HashName>
			<InitialHandle>592945</InitialHandle>
			<ObjectProperties>
				<TextureVariation>0</TextureVariation>
			</ObjectProperties>
			<OpacityLevel>255</OpacityLevel>
			<LodDistance>16960</LodDistance>
			<IsVisible>true</IsVisible>
			<MaxHealth>1000</MaxHealth>
			<Health>1000</Health>
			<HasGravity>true</HasGravity>
			<IsOnFire>false</IsOnFire>
			<IsInvincible>false</IsInvincible>
			<IsBulletProof>false</IsBulletProof>
			<IsCollisionProof>false</IsCollisionProof>
			<IsExplosionProof>false</IsExplosionProof>
			<IsFireProof>false</IsFireProof>
			<IsMeleeProof>false</IsMeleeProof>
			<IsOnlyDamagedByPlayer>false</IsOnlyDamagedByPlayer>
			<PositionRotation>
				<X>-10.3839731</X>
				<Y>545.671204</Y>
				<Z>173.468719</Z>
				<Pitch>-11.6967115</Pitch>
				<Roll>3.80769825</Roll>
				<Yaw>126.654633</Yaw>
			</PositionRotation>
			<Attachment isAttached="true">
				<AttachedTo>146477</AttachedTo>
				<BoneIndex>0</BoneIndex>
				<X>-0.500000119</X>
				<Y>-2.5999999</Y>
				<Z>0.900000215</Z>
				<Pitch>0</Pitch>
				<Roll>0</Roll>
				<Yaw>0</Yaw>
			</Attachment>
		</Attachment>
		<Attachment>
			<ModelHash>0x70679f34</ModelHash>
			<Type>3</Type>
			<Dynamic>false</Dynamic>
			<FrozenPos>true</FrozenPos>
			<HashName>hei_prop_carrier_crate_01a</HashName>
			<InitialHandle>49418</InitialHandle>
			<ObjectProperties>
				<TextureVariation>0</TextureVariation>
			</ObjectProperties>
			<OpacityLevel>255</OpacityLevel>
			<LodDistance>16960</LodDistance>
			<IsVisible>true</IsVisible>
			<MaxHealth>1000</MaxHealth>
			<Health>1000</Health>
			<HasGravity>true</HasGravity>
			<IsOnFire>false</IsOnFire>
			<IsInvincible>false</IsInvincible>
			<IsBulletProof>false</IsBulletProof>
			<IsCollisionProof>false</IsCollisionProof>
			<IsExplosionProof>false</IsExplosionProof>
			<IsFireProof>false</IsFireProof>
			<IsMeleeProof>false</IsMeleeProof>
			<IsOnlyDamagedByPlayer>false</IsOnlyDamagedByPlayer>
			<PositionRotation>
				<X>-11.0327578</X>
				<Y>545.329346</Y>
				<Z>173.515717</Z>
				<Pitch>-11.6967115</Pitch>
				<Roll>-86.0922928</Roll>
				<Yaw>126.654625</Yaw>
			</PositionRotation>
			<Attachment isAttached="true">
				<AttachedTo>146477</AttachedTo>
				<BoneIndex>0</BoneIndex>
				<X>-0.400000095</X>
				<Y>-1.90000045</Y>
				<Z>1.10000026</Z>
				<Pitch>0</Pitch>
				<Roll>-89.8999939</Roll>
				<Yaw>0</Yaw>
			</Attachment>
		</Attachment>
		<Attachment>
			<ModelHash>0x8b02bba6</ModelHash>
			<Type>3</Type>
			<Dynamic>false</Dynamic>
			<FrozenPos>true</FrozenPos>
			<HashName>hei_prop_hei_ammo_single</HashName>
			<InitialHandle>185395</InitialHandle>
			<ObjectProperties>
				<TextureVariation>0</TextureVariation>
			</ObjectProperties>
			<OpacityLevel>255</OpacityLevel>
			<LodDistance>16960</LodDistance>
			<IsVisible>true</IsVisible>
			<MaxHealth>1000</MaxHealth>
			<Health>1000</Health>
			<HasGravity>true</HasGravity>
			<IsOnFire>false</IsOnFire>
			<IsInvincible>false</IsInvincible>
			<IsBulletProof>false</IsBulletProof>
			<IsCollisionProof>false</IsCollisionProof>
			<IsExplosionProof>false</IsExplosionProof>
			<IsFireProof>false</IsFireProof>
			<IsMeleeProof>false</IsMeleeProof>
			<IsOnlyDamagedByPlayer>false</IsOnlyDamagedByPlayer>
			<PositionRotation>
				<X>-12.7016859</X>
				<Y>545.389099</Y>
				<Z>173.891373</Z>
				<Pitch>-3.72852015</Pitch>
				<Roll>-11.7218714</Roll>
				<Yaw>35.8816261</Yaw>
			</PositionRotation>
			<Attachment isAttached="true">
				<AttachedTo>146477</AttachedTo>
				<BoneIndex>0</BoneIndex>
				<X>0.600000143</X>
				<Y>-0.700000167</Y>
				<Z>1.80000043</Z>
				<Pitch>0</Pitch>
				<Roll>0</Roll>
				<Yaw>-89.9999847</Yaw>
			</Attachment>
		</Attachment>
		<Attachment>
			<ModelHash>0xda00c515</ModelHash>
			<Type>3</Type>
			<Dynamic>false</Dynamic>
			<FrozenPos>true</FrozenPos>
			<HashName>hei_prop_hei_carrier_disp_01</HashName>
			<InitialHandle>113205</InitialHandle>
			<ObjectProperties>
				<TextureVariation>0</TextureVariation>
			</ObjectProperties>
			<OpacityLevel>255</OpacityLevel>
			<LodDistance>16960</LodDistance>
			<IsVisible>true</IsVisible>
			<MaxHealth>1000</MaxHealth>
			<Health>1000</Health>
			<HasGravity>true</HasGravity>
			<IsOnFire>false</IsOnFire>
			<IsInvincible>false</IsInvincible>
			<IsBulletProof>false</IsBulletProof>
			<IsCollisionProof>false</IsCollisionProof>
			<IsExplosionProof>false</IsExplosionProof>
			<IsFireProof>false</IsFireProof>
			<IsMeleeProof>false</IsMeleeProof>
			<IsOnlyDamagedByPlayer>false</IsOnlyDamagedByPlayer>
			<PositionRotation>
				<X>-13.3598747</X>
				<Y>544.098816</Y>
				<Z>173.256836</Z>
				<Pitch>-11.6967115</Pitch>
				<Roll>-174.392273</Roll>
				<Yaw>126.654625</Yaw>
			</PositionRotation>
			<Attachment isAttached="true">
				<AttachedTo>146477</AttachedTo>
				<BoneIndex>0</BoneIndex>
				<X>-0.0170000046</X>
				<Y>0.700000167</Y>
				<Z>1.40000033</Z>
				<Pitch>0</Pitch>
				<Roll>-178.199982</Roll>
				<Yaw>0</Yaw>
			</Attachment>
		</Attachment>
		<Attachment>
			<ModelHash>0x3ddd4ad6</ModelHash>
			<Type>3</Type>
			<Dynamic>false</Dynamic>
			<FrozenPos>true</FrozenPos>
			<HashName>hei_prop_hei_security_case</HashName>
			<InitialHandle>276533</InitialHandle>
			<ObjectProperties>
				<TextureVariation>0</TextureVariation>
			</ObjectProperties>
			<OpacityLevel>255</OpacityLevel>
			<LodDistance>16960</LodDistance>
			<IsVisible>true</IsVisible>
			<MaxHealth>1000</MaxHealth>
			<Health>1000</Health>
			<HasGravity>true</HasGravity>
			<IsOnFire>false</IsOnFire>
			<IsInvincible>false</IsInvincible>
			<IsBulletProof>false</IsBulletProof>
			<IsCollisionProof>false</IsCollisionProof>
			<IsExplosionProof>false</IsExplosionProof>
			<IsFireProof>false</IsFireProof>
			<IsMeleeProof>false</IsMeleeProof>
			<IsOnlyDamagedByPlayer>false</IsOnlyDamagedByPlayer>
			<PositionRotation>
				<X>-12.9068365</X>
				<Y>545.858521</Y>
				<Z>172.346191</Z>
				<Pitch>3.72851634</Pitch>
				<Roll>11.7218723</Roll>
				<Yaw>-144.118393</Yaw>
			</PositionRotation>
			<Attachment isAttached="true">
				<AttachedTo>146477</AttachedTo>
				<BoneIndex>0</BoneIndex>
				<X>1.20000029</X>
				<Y>-0.500000119</Y>
				<Z>0.300000072</Z>
				<Pitch>0</Pitch>
				<Roll>0</Roll>
				<Yaw>90.0000076</Yaw>
			</Attachment>
		</Attachment>
		<Attachment>
			<ModelHash>0x3794acc9</ModelHash>
			<Type>3</Type>
			<Dynamic>false</Dynamic>
			<FrozenPos>true</FrozenPos>
			<HashName>hei_prop_heist_emp</HashName>
			<InitialHandle>232243</InitialHandle>
			<ObjectProperties>
				<TextureVariation>0</TextureVariation>
			</ObjectProperties>
			<OpacityLevel>255</OpacityLevel>
			<LodDistance>16960</LodDistance>
			<IsVisible>true</IsVisible>
			<MaxHealth>1000</MaxHealth>
			<Health>994</Health>
			<HasGravity>true</HasGravity>
			<IsOnFire>false</IsOnFire>
			<IsInvincible>false</IsInvincible>
			<IsBulletProof>false</IsBulletProof>
			<IsCollisionProof>false</IsCollisionProof>
			<IsExplosionProof>false</IsExplosionProof>
			<IsFireProof>false</IsFireProof>
			<IsMeleeProof>false</IsMeleeProof>
			<IsOnlyDamagedByPlayer>false</IsOnlyDamagedByPlayer>
			<PositionRotation>
				<X>-9.91386414</X>
				<Y>544.99292</Y>
				<Z>173.109634</Z>
				<Pitch>-11.6967115</Pitch>
				<Roll>3.80769825</Roll>
				<Yaw>126.654633</Yaw>
			</PositionRotation>
			<Attachment isAttached="true">
				<AttachedTo>146477</AttachedTo>
				<BoneIndex>0</BoneIndex>
				<X>-1.30000031</X>
				<Y>-2.5</Y>
				<Z>0.500000119</Z>
				<Pitch>0</Pitch>
				<Roll>0</Roll>
				<Yaw>0</Yaw>
			</Attachment>
		</Attachment>
		<Attachment>
			<ModelHash>0x3794acc9</ModelHash>
			<Type>3</Type>
			<Dynamic>false</Dynamic>
			<FrozenPos>true</FrozenPos>
			<HashName>hei_prop_heist_emp</HashName>
			<InitialHandle>538420</InitialHandle>
			<ObjectProperties>
				<TextureVariation>0</TextureVariation>
			</ObjectProperties>
			<OpacityLevel>255</OpacityLevel>
			<LodDistance>16960</LodDistance>
			<IsVisible>true</IsVisible>
			<MaxHealth>1000</MaxHealth>
			<Health>1000</Health>
			<HasGravity>true</HasGravity>
			<IsOnFire>false</IsOnFire>
			<IsInvincible>false</IsInvincible>
			<IsBulletProof>false</IsBulletProof>
			<IsCollisionProof>false</IsCollisionProof>
			<IsExplosionProof>false</IsExplosionProof>
			<IsFireProof>false</IsFireProof>
			<IsMeleeProof>false</IsMeleeProof>
			<IsOnlyDamagedByPlayer>false</IsOnlyDamagedByPlayer>
			<PositionRotation>
				<X>-11.4345303</X>
				<Y>547.095093</Y>
				<Z>172.940567</Z>
				<Pitch>-11.6967115</Pitch>
				<Roll>3.80769825</Roll>
				<Yaw>126.654633</Yaw>
			</PositionRotation>
			<Attachment isAttached="true">
				<AttachedTo>146477</AttachedTo>
				<BoneIndex>0</BoneIndex>
				<X>1.30000031</X>
				<Y>-2.5</Y>
				<Z>0.500000119</Z>
				<Pitch>0</Pitch>
				<Roll>0</Roll>
				<Yaw>0</Yaw>
			</Attachment>
		</Attachment>
		<Attachment>
			<ModelHash>0x3794acc9</ModelHash>
			<Type>3</Type>
			<Dynamic>false</Dynamic>
			<FrozenPos>true</FrozenPos>
			<HashName>hei_prop_heist_emp</HashName>
			<InitialHandle>664629</InitialHandle>
			<ObjectProperties>
				<TextureVariation>0</TextureVariation>
			</ObjectProperties>
			<OpacityLevel>255</OpacityLevel>
			<LodDistance>16960</LodDistance>
			<IsVisible>true</IsVisible>
			<MaxHealth>1000</MaxHealth>
			<Health>850</Health>
			<HasGravity>true</HasGravity>
			<IsOnFire>false</IsOnFire>
			<IsInvincible>false</IsInvincible>
			<IsBulletProof>false</IsBulletProof>
			<IsCollisionProof>false</IsCollisionProof>
			<IsExplosionProof>false</IsExplosionProof>
			<IsFireProof>false</IsFireProof>
			<IsMeleeProof>false</IsMeleeProof>
			<IsOnlyDamagedByPlayer>false</IsOnlyDamagedByPlayer>
			<PositionRotation>
				<X>-10.8117409</X>
				<Y>546.014526</Y>
				<Z>173.741776</Z>
				<Pitch>-11.6967115</Pitch>
				<Roll>3.80769825</Roll>
				<Yaw>126.654633</Yaw>
			</PositionRotation>
			<Attachment isAttached="true">
				<AttachedTo>146477</AttachedTo>
				<BoneIndex>0</BoneIndex>
				<X>0.0100000082</X>
				<Y>-2.51999998</Y>
				<Z>1.23000038</Z>
				<Pitch>-5.58793545e-09</Pitch>
				<Roll>0</Roll>
				<Yaw>0</Yaw>
			</Attachment>
		</Attachment>
		<Attachment>
			<ModelHash>0xebfabfbc</ModelHash>
			<Type>3</Type>
			<Dynamic>false</Dynamic>
			<FrozenPos>true</FrozenPos>
			<HashName>hei_prop_heist_thermite_flash</HashName>
			<InitialHandle>246325</InitialHandle>
			<ObjectProperties>
				<TextureVariation>0</TextureVariation>
			</ObjectProperties>
			<OpacityLevel>255</OpacityLevel>
			<LodDistance>16960</LodDistance>
			<IsVisible>true</IsVisible>
			<MaxHealth>1000</MaxHealth>
			<Health>1000</Health>
			<HasGravity>true</HasGravity>
			<IsOnFire>false</IsOnFire>
			<IsInvincible>false</IsInvincible>
			<IsBulletProof>false</IsBulletProof>
			<IsCollisionProof>false</IsCollisionProof>
			<IsExplosionProof>false</IsExplosionProof>
			<IsFireProof>false</IsFireProof>
			<IsMeleeProof>false</IsMeleeProof>
			<IsOnlyDamagedByPlayer>false</IsOnlyDamagedByPlayer>
			<PositionRotation>
				<X>-11.8420925</X>
				<Y>546.476563</Y>
				<Z>173.837082</Z>
				<Pitch>-11.6967096</Pitch>
				<Roll>91.2678375</Roll>
				<Yaw>126.654633</Yaw>
			</PositionRotation>
			<Attachment isAttached="true">
				<AttachedTo>146477</AttachedTo>
				<BoneIndex>0</BoneIndex>
				<X>0.980000257</X>
				<Y>-2.00000048</Y>
				<Z>1.50000036</Z>
				<Pitch>0</Pitch>
				<Roll>87.4601517</Roll>
				<Yaw>1.86264515e-09</Yaw>
			</Attachment>
		</Attachment>
		<Attachment>
			<ModelHash>0x9b7c93cb</ModelHash>
			<Type>3</Type>
			<Dynamic>false</Dynamic>
			<FrozenPos>true</FrozenPos>
			<HashName>imp_prop_air_compressor_01a</HashName>
			<InitialHandle>443190</InitialHandle>
			<ObjectProperties>
				<TextureVariation>0</TextureVariation>
			</ObjectProperties>
			<OpacityLevel>255</OpacityLevel>
			<LodDistance>16960</LodDistance>
			<IsVisible>true</IsVisible>
			<MaxHealth>1000</MaxHealth>
			<Health>1000</Health>
			<HasGravity>true</HasGravity>
			<IsOnFire>false</IsOnFire>
			<IsInvincible>false</IsInvincible>
			<IsBulletProof>false</IsBulletProof>
			<IsCollisionProof>false</IsCollisionProof>
			<IsExplosionProof>false</IsExplosionProof>
			<IsFireProof>false</IsFireProof>
			<IsMeleeProof>false</IsMeleeProof>
			<IsOnlyDamagedByPlayer>false</IsOnlyDamagedByPlayer>
			<PositionRotation>
				<X>-11.524353</X>
				<Y>545.564575</Y>
				<Z>174.249146</Z>
				<Pitch>85.8937225</Pitch>
				<Roll>-114.054077</Roll>
				<Yaw>60.6917648</Yaw>
			</PositionRotation>
			<Attachment isAttached="true">
				<AttachedTo>146477</AttachedTo>
				<BoneIndex>0</BoneIndex>
				<X>0.0300000086</X>
				<Y>-1.80000043</Y>
				<Z>1.90000045</Z>
				<Pitch>99.9999847</Pitch>
				<Roll>-179.299973</Roll>
				<Yaw>0</Yaw>
			</Attachment>
		</Attachment>
		<Attachment>
			<ModelHash>0x4df92e8c</ModelHash>
			<Type>3</Type>
			<Dynamic>false</Dynamic>
			<FrozenPos>true</FrozenPos>
			<HashName>imp_prop_impexp_cargo_01</HashName>
			<InitialHandle>219702</InitialHandle>
			<ObjectProperties>
				<TextureVariation>0</TextureVariation>
			</ObjectProperties>
			<OpacityLevel>255</OpacityLevel>
			<LodDistance>16960</LodDistance>
			<IsVisible>true</IsVisible>
			<MaxHealth>1000</MaxHealth>
			<Health>1000</Health>
			<HasGravity>true</HasGravity>
			<IsOnFire>false</IsOnFire>
			<IsInvincible>false</IsInvincible>
			<IsBulletProof>false</IsBulletProof>
			<IsCollisionProof>false</IsCollisionProof>
			<IsExplosionProof>false</IsExplosionProof>
			<IsFireProof>false</IsFireProof>
			<IsMeleeProof>false</IsMeleeProof>
			<IsOnlyDamagedByPlayer>false</IsOnlyDamagedByPlayer>
			<PositionRotation>
				<X>-10.4363089</X>
				<Y>546.187927</Y>
				<Z>172.67482</Z>
				<Pitch>-11.6967115</Pitch>
				<Roll>3.80769825</Roll>
				<Yaw>126.654633</Yaw>
			</PositionRotation>
			<Attachment isAttached="true">
				<AttachedTo>146477</AttachedTo>
				<BoneIndex>0</BoneIndex>
				<X>0</X>
				<Y>-2.69999981</Y>
				<Z>0.100000024</Z>
				<Pitch>0</Pitch>
				<Roll>0</Roll>
				<Yaw>0</Yaw>
			</Attachment>
		</Attachment>
		<Attachment>
			<ModelHash>0x5d9377d3</ModelHash>
			<Type>3</Type>
			<Dynamic>false</Dynamic>
			<FrozenPos>true</FrozenPos>
			<HashName>p_s_scuba_tank_s</HashName>
			<InitialHandle>397877</InitialHandle>
			<ObjectProperties>
				<TextureVariation>0</TextureVariation>
			</ObjectProperties>
			<OpacityLevel>255</OpacityLevel>
			<LodDistance>16960</LodDistance>
			<IsVisible>true</IsVisible>
			<MaxHealth>1000</MaxHealth>
			<Health>1000</Health>
			<HasGravity>true</HasGravity>
			<IsOnFire>false</IsOnFire>
			<IsInvincible>false</IsInvincible>
			<IsBulletProof>false</IsBulletProof>
			<IsCollisionProof>false</IsCollisionProof>
			<IsExplosionProof>false</IsExplosionProof>
			<IsFireProof>false</IsFireProof>
			<IsMeleeProof>false</IsMeleeProof>
			<IsOnlyDamagedByPlayer>false</IsOnlyDamagedByPlayer>
			<PositionRotation>
				<X>-10.5229893</X>
				<Y>545.459961</Y>
				<Z>173.630096</Z>
				<Pitch>6.63126945</Pitch>
				<Roll>-3.34248352</Roll>
				<Yaw>-55.6935234</Yaw>
			</PositionRotation>
			<Attachment isAttached="true">
				<AttachedTo>146477</AttachedTo>
				<BoneIndex>0</BoneIndex>
				<X>-0.600000143</X>
				<Y>-2.4000001</Y>
				<Z>1.10000026</Z>
				<Pitch>-5.19999743</Pitch>
				<Roll>0</Roll>
				<Yaw>178.000015</Yaw>
			</Attachment>
		</Attachment>
		<Attachment>
			<ModelHash>0x158c9081</ModelHash>
			<Type>3</Type>
			<Dynamic>false</Dynamic>
			<FrozenPos>true</FrozenPos>
			<HashName>prop_biotech_store</HashName>
			<InitialHandle>486966</InitialHandle>
			<ObjectProperties>
				<TextureVariation>0</TextureVariation>
			</ObjectProperties>
			<OpacityLevel>255</OpacityLevel>
			<LodDistance>16960</LodDistance>
			<IsVisible>true</IsVisible>
			<MaxHealth>1000</MaxHealth>
			<Health>1000</Health>
			<HasGravity>true</HasGravity>
			<IsOnFire>false</IsOnFire>
			<IsInvincible>false</IsInvincible>
			<IsBulletProof>false</IsBulletProof>
			<IsCollisionProof>false</IsCollisionProof>
			<IsExplosionProof>false</IsExplosionProof>
			<IsFireProof>false</IsFireProof>
			<IsMeleeProof>false</IsMeleeProof>
			<IsOnlyDamagedByPlayer>false</IsOnlyDamagedByPlayer>
			<PositionRotation>
				<X>-12.144413</X>
				<Y>544.908569</Y>
				<Z>172.131104</Z>
				<Pitch>-11.6967115</Pitch>
				<Roll>3.80770016</Roll>
				<Yaw>126.654633</Yaw>
			</PositionRotation>
			<Attachment isAttached="true">
				<AttachedTo>146477</AttachedTo>
				<BoneIndex>0</BoneIndex>
				<X>0</X>
				<Y>-0.500000119</Y>
				<Z>0</Z>
				<Pitch>0</Pitch>
				<Roll>0</Roll>
				<Yaw>7.62939453e-06</Yaw>
			</Attachment>
		</Attachment>
		<Attachment>
			<ModelHash>0x61d7f0a0</ModelHash>
			<Type>3</Type>
			<Dynamic>false</Dynamic>
			<FrozenPos>true</FrozenPos>
			<HashName>prop_bison_winch</HashName>
			<InitialHandle>337210</InitialHandle>
			<ObjectProperties>
				<TextureVariation>0</TextureVariation>
			</ObjectProperties>
			<OpacityLevel>255</OpacityLevel>
			<LodDistance>16960</LodDistance>
			<IsVisible>true</IsVisible>
			<MaxHealth>1000</MaxHealth>
			<Health>1000</Health>
			<HasGravity>true</HasGravity>
			<IsOnFire>false</IsOnFire>
			<IsInvincible>false</IsInvincible>
			<IsBulletProof>false</IsBulletProof>
			<IsCollisionProof>false</IsCollisionProof>
			<IsExplosionProof>false</IsExplosionProof>
			<IsFireProof>false</IsFireProof>
			<IsMeleeProof>false</IsMeleeProof>
			<IsOnlyDamagedByPlayer>false</IsOnlyDamagedByPlayer>
			<PositionRotation>
				<X>-13.1947184</X>
				<Y>544.2677</Y>
				<Z>173.609665</Z>
				<Pitch>-11.6967115</Pitch>
				<Roll>3.80769825</Roll>
				<Yaw>126.654633</Yaw>
			</PositionRotation>
			<Attachment isAttached="true">
				<AttachedTo>146477</AttachedTo>
				<BoneIndex>-1</BoneIndex>
				<X>0</X>
				<Y>0.400000095</Y>
				<Z>1.70000041</Z>
				<Pitch>0</Pitch>
				<Roll>0</Roll>
				<Yaw>0</Yaw>
			</Attachment>
		</Attachment>
		<Attachment>
			<ModelHash>0x95f357db</ModelHash>
			<Type>3</Type>
			<Dynamic>false</Dynamic>
			<FrozenPos>true</FrozenPos>
			<HashName>prop_bodyarmour_03</HashName>
			<InitialHandle>210490</InitialHandle>
			<ObjectProperties>
				<TextureVariation>0</TextureVariation>
			</ObjectProperties>
			<OpacityLevel>255</OpacityLevel>
			<LodDistance>16960</LodDistance>
			<IsVisible>true</IsVisible>
			<MaxHealth>1000</MaxHealth>
			<Health>1000</Health>
			<HasGravity>true</HasGravity>
			<IsOnFire>false</IsOnFire>
			<IsInvincible>false</IsInvincible>
			<IsBulletProof>false</IsBulletProof>
			<IsCollisionProof>false</IsCollisionProof>
			<IsExplosionProof>false</IsExplosionProof>
			<IsFireProof>false</IsFireProof>
			<IsMeleeProof>false</IsMeleeProof>
			<IsOnlyDamagedByPlayer>false</IsOnlyDamagedByPlayer>
			<PositionRotation>
				<X>-12.8006296</X>
				<Y>545.356079</Y>
				<Z>174.370132</Z>
				<Pitch>1.65247619</Pitch>
				<Roll>12.1827831</Roll>
				<Yaw>-153.911865</Yaw>
			</PositionRotation>
			<Attachment isAttached="true">
				<AttachedTo>146477</AttachedTo>
				<BoneIndex>0</BoneIndex>
				<X>0.600000143</X>
				<Y>-0.700000167</Y>
				<Z>2.2900002</Z>
				<Pitch>0</Pitch>
				<Roll>0</Roll>
				<Yaw>80.0000076</Yaw>
			</Attachment>
		</Attachment>
		<Attachment>
			<ModelHash>0xa9c27562</ModelHash>
			<Type>3</Type>
			<Dynamic>false</Dynamic>
			<FrozenPos>true</FrozenPos>
			<HashName>ex_office_swag_guns01</HashName>
			<InitialHandle>600896</InitialHandle>
			<ObjectProperties>
				<TextureVariation>0</TextureVariation>
			</ObjectProperties>
			<OpacityLevel>255</OpacityLevel>
			<LodDistance>16960</LodDistance>
			<IsVisible>true</IsVisible>
			<MaxHealth>1000</MaxHealth>
			<Health>1000</Health>
			<HasGravity>true</HasGravity>
			<IsOnFire>false</IsOnFire>
			<IsInvincible>false</IsInvincible>
			<IsBulletProof>false</IsBulletProof>
			<IsCollisionProof>false</IsCollisionProof>
			<IsExplosionProof>false</IsExplosionProof>
			<IsFireProof>false</IsFireProof>
			<IsMeleeProof>false</IsMeleeProof>
			<IsOnlyDamagedByPlayer>false</IsOnlyDamagedByPlayer>
			<PositionRotation>
				<X>-13.9968204</X>
				<Y>543.231506</Y>
				<Z>172.553558</Z>
				<Pitch>77.0845566</Pitch>
				<Roll>-77.3525543</Roll>
				<Yaw>111.458824</Yaw>
			</PositionRotation>
			<Attachment isAttached="true">
				<AttachedTo>146477</AttachedTo>
				<BoneIndex>32</BoneIndex>
				<X>-0.300000072</X>
				<Y>1.8500005</Y>
				<Z>0.900000215</Z>
				<Pitch>89.0999908</Pitch>
				<Roll>-122.129921</Roll>
				<Yaw>29.9000015</Yaw>
			</Attachment>
		</Attachment>
		<Attachment>
			<ModelHash>0x70679f34</ModelHash>
			<Type>3</Type>
			<Dynamic>false</Dynamic>
			<FrozenPos>true</FrozenPos>
			<HashName>hei_prop_carrier_crate_01a</HashName>
			<InitialHandle>54594</InitialHandle>
			<ObjectProperties>
				<TextureVariation>0</TextureVariation>
			</ObjectProperties>
			<OpacityLevel>255</OpacityLevel>
			<LodDistance>16960</LodDistance>
			<IsVisible>true</IsVisible>
			<MaxHealth>1000</MaxHealth>
			<Health>1000</Health>
			<HasGravity>true</HasGravity>
			<IsOnFire>false</IsOnFire>
			<IsInvincible>false</IsInvincible>
			<IsBulletProof>false</IsBulletProof>
			<IsCollisionProof>false</IsCollisionProof>
			<IsExplosionProof>false</IsExplosionProof>
			<IsFireProof>false</IsFireProof>
			<IsMeleeProof>false</IsMeleeProof>
			<IsOnlyDamagedByPlayer>false</IsOnlyDamagedByPlayer>
			<PositionRotation>
				<X>-11.5006552</X>
				<Y>545.976196</Y>
				<Z>173.463699</Z>
				<Pitch>-11.6967115</Pitch>
				<Roll>91.6077423</Roll>
				<Yaw>126.654625</Yaw>
			</PositionRotation>
			<Attachment isAttached="true">
				<AttachedTo>146477</AttachedTo>
				<BoneIndex>0</BoneIndex>
				<X>0.400000095</X>
				<Y>-1.90000045</Y>
				<Z>1.10000026</Z>
				<Pitch>0</Pitch>
				<Roll>87.8000565</Roll>
				<Yaw>0</Yaw>
			</Attachment>
		</Attachment>
		<Attachment>
			<ModelHash>0x9a842668</ModelHash>
			<Type>3</Type>
			<Dynamic>false</Dynamic>
			<FrozenPos>true</FrozenPos>
			<HashName>bkr_prop_weed_plantpot_stack_01c</HashName>
			<InitialHandle>766787</InitialHandle>
			<ObjectProperties>
				<TextureVariation>0</TextureVariation>
			</ObjectProperties>
			<OpacityLevel>255</OpacityLevel>
			<LodDistance>16960</LodDistance>
			<IsVisible>true</IsVisible>
			<MaxHealth>1000</MaxHealth>
			<Health>1000</Health>
			<HasGravity>true</HasGravity>
			<IsOnFire>false</IsOnFire>
			<IsInvincible>false</IsInvincible>
			<IsBulletProof>false</IsBulletProof>
			<IsCollisionProof>false</IsCollisionProof>
			<IsExplosionProof>false</IsExplosionProof>
			<IsFireProof>false</IsFireProof>
			<IsMeleeProof>false</IsMeleeProof>
			<IsOnlyDamagedByPlayer>false</IsOnlyDamagedByPlayer>
			<PositionRotation>
				<X>-13.2516346</X>
				<Y>542.625244</Y>
				<Z>172.153961</Z>
				<Pitch>-75.5970459</Pitch>
				<Roll>164.844864</Roll>
				<Yaw>-68.8181381</Yaw>
			</PositionRotation>
			<Attachment isAttached="true">
				<AttachedTo>146477</AttachedTo>
				<BoneIndex>0</BoneIndex>
				<X>-1.20000029</X>
				<Y>1.70000041</Y>
				<Z>0.400000095</Z>
				<Pitch>-92.2000046</Pitch>
				<Roll>0</Roll>
				<Yaw>0</Yaw>
			</Attachment>
		</Attachment>
		<Attachment>
			<ModelHash>0xebfabfbc</ModelHash>
			<Type>3</Type>
			<Dynamic>false</Dynamic>
			<FrozenPos>true</FrozenPos>
			<HashName>hei_prop_heist_thermite_flash</HashName>
			<InitialHandle>150086</InitialHandle>
			<ObjectProperties>
				<TextureVariation>0</TextureVariation>
			</ObjectProperties>
			<OpacityLevel>255</OpacityLevel>
			<LodDistance>16960</LodDistance>
			<IsVisible>true</IsVisible>
			<MaxHealth>1000</MaxHealth>
			<Health>1000</Health>
			<HasGravity>true</HasGravity>
			<IsOnFire>false</IsOnFire>
			<IsInvincible>false</IsInvincible>
			<IsBulletProof>false</IsBulletProof>
			<IsCollisionProof>false</IsCollisionProof>
			<IsExplosionProof>false</IsExplosionProof>
			<IsFireProof>false</IsFireProof>
			<IsMeleeProof>false</IsMeleeProof>
			<IsOnlyDamagedByPlayer>false</IsOnlyDamagedByPlayer>
			<PositionRotation>
				<X>-11.761322</X>
				<Y>546.50354</Y>
				<Z>173.446259</Z>
				<Pitch>-11.6967096</Pitch>
				<Roll>91.2678375</Roll>
				<Yaw>126.654633</Yaw>
			</PositionRotation>
			<Attachment isAttached="true">
				<AttachedTo>146477</AttachedTo>
				<BoneIndex>0</BoneIndex>
				<X>0.980000257</X>
				<Y>-2.00000048</Y>
				<Z>1.10000026</Z>
				<Pitch>0</Pitch>
				<Roll>87.4601517</Roll>
				<Yaw>1.86264515e-09</Yaw>
			</Attachment>
		</Attachment>
		<Attachment>
			<ModelHash>0xebfabfbc</ModelHash>
			<Type>3</Type>
			<Dynamic>false</Dynamic>
			<FrozenPos>true</FrozenPos>
			<HashName>hei_prop_heist_thermite_flash</HashName>
			<InitialHandle>770118</InitialHandle>
			<ObjectProperties>
				<TextureVariation>0</TextureVariation>
			</ObjectProperties>
			<OpacityLevel>255</OpacityLevel>
			<LodDistance>16960</LodDistance>
			<IsVisible>true</IsVisible>
			<MaxHealth>1000</MaxHealth>
			<Health>1000</Health>
			<HasGravity>true</HasGravity>
			<IsOnFire>false</IsOnFire>
			<IsInvincible>false</IsInvincible>
			<IsBulletProof>false</IsBulletProof>
			<IsCollisionProof>false</IsCollisionProof>
			<IsExplosionProof>false</IsExplosionProof>
			<IsFireProof>false</IsFireProof>
			<IsMeleeProof>false</IsMeleeProof>
			<IsOnlyDamagedByPlayer>false</IsOnlyDamagedByPlayer>
			<PositionRotation>
				<X>-10.6032763</X>
				<Y>544.90271</Y>
				<Z>173.575012</Z>
				<Pitch>-11.6967115</Pitch>
				<Roll>-86.1321716</Roll>
				<Yaw>126.654625</Yaw>
			</PositionRotation>
			<Attachment isAttached="true">
				<AttachedTo>146477</AttachedTo>
				<BoneIndex>0</BoneIndex>
				<X>-1.00000024</X>
				<Y>-2.00000048</Y>
				<Z>1.10000026</Z>
				<Pitch>0</Pitch>
				<Roll>-89.9398804</Roll>
				<Yaw>1.86264515e-09</Yaw>
			</Attachment>
		</Attachment>
		<Attachment>
			<ModelHash>0xebfabfbc</ModelHash>
			<Type>3</Type>
			<Dynamic>false</Dynamic>
			<FrozenPos>true</FrozenPos>
			<HashName>hei_prop_heist_thermite_flash</HashName>
			<InitialHandle>374599</InitialHandle>
			<ObjectProperties>
				<TextureVariation>0</TextureVariation>
			</ObjectProperties>
			<OpacityLevel>255</OpacityLevel>
			<LodDistance>16960</LodDistance>
			<IsVisible>true</IsVisible>
			<MaxHealth>1000</MaxHealth>
			<Health>1000</Health>
			<HasGravity>true</HasGravity>
			<IsOnFire>false</IsOnFire>
			<IsInvincible>false</IsInvincible>
			<IsBulletProof>false</IsBulletProof>
			<IsCollisionProof>false</IsCollisionProof>
			<IsExplosionProof>false</IsExplosionProof>
			<IsFireProof>false</IsFireProof>
			<IsMeleeProof>false</IsMeleeProof>
			<IsOnlyDamagedByPlayer>false</IsOnlyDamagedByPlayer>
			<PositionRotation>
				<X>-10.677989</X>
				<Y>544.877747</Y>
				<Z>173.936523</Z>
				<Pitch>-11.6967115</Pitch>
				<Roll>-86.1321716</Roll>
				<Yaw>126.654625</Yaw>
			</PositionRotation>
			<Attachment isAttached="true">
				<AttachedTo>146477</AttachedTo>
				<BoneIndex>0</BoneIndex>
				<X>-1.00000024</X>
				<Y>-2.00000048</Y>
				<Z>1.46999991</Z>
				<Pitch>0</Pitch>
				<Roll>-89.9398804</Roll>
				<Yaw>1.86264515e-09</Yaw>
			</Attachment>
		</Attachment>
		<Attachment>
			<ModelHash>0x9a842668</ModelHash>
			<Type>3</Type>
			<Dynamic>false</Dynamic>
			<FrozenPos>true</FrozenPos>
			<HashName>bkr_prop_weed_plantpot_stack_01c</HashName>
			<InitialHandle>277062</InitialHandle>
			<ObjectProperties>
				<TextureVariation>0</TextureVariation>
			</ObjectProperties>
			<OpacityLevel>255</OpacityLevel>
			<LodDistance>16960</LodDistance>
			<IsVisible>true</IsVisible>
			<MaxHealth>1000</MaxHealth>
			<Health>1000</Health>
			<HasGravity>true</HasGravity>
			<IsOnFire>false</IsOnFire>
			<IsInvincible>false</IsInvincible>
			<IsBulletProof>false</IsBulletProof>
			<IsCollisionProof>false</IsCollisionProof>
			<IsExplosionProof>false</IsExplosionProof>
			<IsFireProof>false</IsFireProof>
			<IsMeleeProof>false</IsMeleeProof>
			<IsOnlyDamagedByPlayer>false</IsOnlyDamagedByPlayer>
			<PositionRotation>
				<X>-14.530304</X>
				<Y>543.062622</Y>
				<Z>171.408188</Z>
				<Pitch>-75.5970459</Pitch>
				<Roll>164.844864</Roll>
				<Yaw>-68.8181381</Yaw>
			</PositionRotation>
			<Attachment isAttached="true">
				<AttachedTo>146477</AttachedTo>
				<BoneIndex>0</BoneIndex>
				<X>-0.0500001907</X>
				<Y>2.5999999</Y>
				<Z>-0.100000024</Z>
				<Pitch>-92.2000046</Pitch>
				<Roll>0</Roll>
				<Yaw>0</Yaw>
			</Attachment>
		</Attachment>
		<Attachment>
			<ModelHash>0x3ddd4ad6</ModelHash>
			<Type>3</Type>
			<Dynamic>false</Dynamic>
			<FrozenPos>true</FrozenPos>
			<HashName>hei_prop_hei_security_case</HashName>
			<InitialHandle>365649</InitialHandle>
			<ObjectProperties>
				<TextureVariation>0</TextureVariation>
			</ObjectProperties>
			<OpacityLevel>255</OpacityLevel>
			<LodDistance>16960</LodDistance>
			<IsVisible>true</IsVisible>
			<MaxHealth>1000</MaxHealth>
			<Health>1000</Health>
			<HasGravity>true</HasGravity>
			<IsOnFire>false</IsOnFire>
			<IsInvincible>false</IsInvincible>
			<IsBulletProof>false</IsBulletProof>
			<IsCollisionProof>false</IsCollisionProof>
			<IsExplosionProof>false</IsExplosionProof>
			<IsFireProof>false</IsFireProof>
			<IsMeleeProof>false</IsMeleeProof>
			<IsOnlyDamagedByPlayer>false</IsOnlyDamagedByPlayer>
			<PositionRotation>
				<X>-13.6924267</X>
				<Y>545.273926</Y>
				<Z>172.143463</Z>
				<Pitch>3.72851634</Pitch>
				<Roll>11.7218723</Roll>
				<Yaw>-144.118393</Yaw>
			</PositionRotation>
			<Attachment isAttached="true">
				<AttachedTo>146477</AttachedTo>
				<BoneIndex>0</BoneIndex>
				<X>1.20000029</X>
				<Y>0.500000119</Y>
				<Z>0.300000072</Z>
				<Pitch>0</Pitch>
				<Roll>0</Roll>
				<Yaw>90.0000076</Yaw>
			</Attachment>
		</Attachment>
		<Attachment>
			<ModelHash>0x3ddd4ad6</ModelHash>
			<Type>3</Type>
			<Dynamic>false</Dynamic>
			<FrozenPos>true</FrozenPos>
			<HashName>hei_prop_hei_security_case</HashName>
			<InitialHandle>525647</InitialHandle>
			<ObjectProperties>
				<TextureVariation>0</TextureVariation>
			</ObjectProperties>
			<OpacityLevel>255</OpacityLevel>
			<LodDistance>16960</LodDistance>
			<IsVisible>true</IsVisible>
			<MaxHealth>1000</MaxHealth>
			<Health>1000</Health>
			<HasGravity>true</HasGravity>
			<IsOnFire>false</IsOnFire>
			<IsInvincible>false</IsInvincible>
			<IsBulletProof>false</IsBulletProof>
			<IsCollisionProof>false</IsCollisionProof>
			<IsExplosionProof>false</IsExplosionProof>
			<IsFireProof>false</IsFireProof>
			<IsMeleeProof>false</IsMeleeProof>
			<IsOnlyDamagedByPlayer>false</IsOnlyDamagedByPlayer>
			<PositionRotation>
				<X>-12.2887344</X>
				<Y>543.333496</Y>
				<Z>172.29953</Z>
				<Pitch>3.72851634</Pitch>
				<Roll>11.7218723</Roll>
				<Yaw>-144.118393</Yaw>
			</PositionRotation>
			<Attachment isAttached="true">
				<AttachedTo>146477</AttachedTo>
				<BoneIndex>0</BoneIndex>
				<X>-1.20000029</X>
				<Y>0.500000119</Y>
				<Z>0.300000072</Z>
				<Pitch>0</Pitch>
				<Roll>0</Roll>
				<Yaw>90.0000076</Yaw>
			</Attachment>
		</Attachment>
		<Attachment>
			<ModelHash>0x3ddd4ad6</ModelHash>
			<Type>3</Type>
			<Dynamic>false</Dynamic>
			<FrozenPos>true</FrozenPos>
			<HashName>hei_prop_hei_security_case</HashName>
			<InitialHandle>117074</InitialHandle>
			<ObjectProperties>
				<TextureVariation>0</TextureVariation>
			</ObjectProperties>
			<OpacityLevel>255</OpacityLevel>
			<LodDistance>16960</LodDistance>
			<IsVisible>true</IsVisible>
			<MaxHealth>1000</MaxHealth>
			<Health>1000</Health>
			<HasGravity>true</HasGravity>
			<IsOnFire>false</IsOnFire>
			<IsInvincible>false</IsInvincible>
			<IsBulletProof>false</IsBulletProof>
			<IsCollisionProof>false</IsCollisionProof>
			<IsExplosionProof>false</IsExplosionProof>
			<IsFireProof>false</IsFireProof>
			<IsMeleeProof>false</IsMeleeProof>
			<IsOnlyDamagedByPlayer>false</IsOnlyDamagedByPlayer>
			<PositionRotation>
				<X>-11.5031443</X>
				<Y>543.918091</Y>
				<Z>172.502258</Z>
				<Pitch>3.72851634</Pitch>
				<Roll>11.7218723</Roll>
				<Yaw>-144.118393</Yaw>
			</PositionRotation>
			<Attachment isAttached="true">
				<AttachedTo>146477</AttachedTo>
				<BoneIndex>0</BoneIndex>
				<X>-1.20000029</X>
				<Y>-0.500000119</Y>
				<Z>0.300000072</Z>
				<Pitch>0</Pitch>
				<Roll>0</Roll>
				<Yaw>90.0000076</Yaw>
			</Attachment>
		</Attachment>
		<Attachment>
			<ModelHash>0x64a5169a</ModelHash>
			<Type>3</Type>
			<Dynamic>false</Dynamic>
			<FrozenPos>true</FrozenPos>
			<HashName>ex_prop_adv_case_sm</HashName>
			<InitialHandle>445011</InitialHandle>
			<ObjectProperties>
				<TextureVariation>0</TextureVariation>
			</ObjectProperties>
			<OpacityLevel>255</OpacityLevel>
			<LodDistance>16960</LodDistance>
			<IsVisible>true</IsVisible>
			<MaxHealth>1000</MaxHealth>
			<Health>1000</Health>
			<HasGravity>true</HasGravity>
			<IsOnFire>false</IsOnFire>
			<IsInvincible>false</IsInvincible>
			<IsBulletProof>false</IsBulletProof>
			<IsCollisionProof>false</IsCollisionProof>
			<IsExplosionProof>false</IsExplosionProof>
			<IsFireProof>false</IsFireProof>
			<IsMeleeProof>false</IsMeleeProof>
			<IsOnlyDamagedByPlayer>false</IsOnlyDamagedByPlayer>
			<PositionRotation>
				<X>-10.9688454</X>
				<Y>546.479736</Y>
				<Z>173.403687</Z>
				<Pitch>-11.6967115</Pitch>
				<Roll>3.80769825</Roll>
				<Yaw>126.654633</Yaw>
			</PositionRotation>
			<Attachment isAttached="true">
				<AttachedTo>146477</AttachedTo>
				<BoneIndex>0</BoneIndex>
				<X>0.500000119</X>
				<Y>-2.5999999</Y>
				<Z>0.900000215</Z>
				<Pitch>0</Pitch>
				<Roll>0</Roll>
				<Yaw>0</Yaw>
			</Attachment>
		</Attachment>
		<Attachment>
			<ModelHash>0x5d9377d3</ModelHash>
			<Type>3</Type>
			<Dynamic>false</Dynamic>
			<FrozenPos>true</FrozenPos>
			<HashName>p_s_scuba_tank_s</HashName>
			<InitialHandle>590164</InitialHandle>
			<ObjectProperties>
				<TextureVariation>0</TextureVariation>
			</ObjectProperties>
			<OpacityLevel>255</OpacityLevel>
			<LodDistance>16960</LodDistance>
			<IsVisible>true</IsVisible>
			<MaxHealth>1000</MaxHealth>
			<Health>1000</Health>
			<HasGravity>true</HasGravity>
			<IsOnFire>false</IsOnFire>
			<IsInvincible>false</IsInvincible>
			<IsBulletProof>false</IsBulletProof>
			<IsCollisionProof>false</IsCollisionProof>
			<IsExplosionProof>false</IsExplosionProof>
			<IsFireProof>false</IsFireProof>
			<IsMeleeProof>false</IsMeleeProof>
			<IsOnlyDamagedByPlayer>false</IsOnlyDamagedByPlayer>
			<PositionRotation>
				<X>-11.2248354</X>
				<Y>546.430176</Y>
				<Z>173.552063</Z>
				<Pitch>6.63126945</Pitch>
				<Roll>-3.34248352</Roll>
				<Yaw>-55.6935234</Yaw>
			</PositionRotation>
			<Attachment isAttached="true">
				<AttachedTo>146477</AttachedTo>
				<BoneIndex>-1</BoneIndex>
				<X>0.600000143</X>
				<Y>-2.4000001</Y>
				<Z>1.10000026</Z>
				<Pitch>-5.19999743</Pitch>
				<Roll>0</Roll>
				<Yaw>178.000015</Yaw>
			</Attachment>
		</Attachment>
		<Attachment>
			<ModelHash>0x4df92e8c</ModelHash>
			<Type>3</Type>
			<Dynamic>false</Dynamic>
			<FrozenPos>true</FrozenPos>
			<HashName>imp_prop_impexp_cargo_01</HashName>
			<InitialHandle>34912</InitialHandle>
			<ObjectProperties>
				<TextureVariation>0</TextureVariation>
			</ObjectProperties>
			<OpacityLevel>255</OpacityLevel>
			<LodDistance>16960</LodDistance>
			<IsVisible>true</IsVisible>
			<MaxHealth>1000</MaxHealth>
			<Health>1000</Health>
			<HasGravity>true</HasGravity>
			<IsOnFire>false</IsOnFire>
			<IsInvincible>false</IsInvincible>
			<IsBulletProof>false</IsBulletProof>
			<IsCollisionProof>false</IsCollisionProof>
			<IsExplosionProof>false</IsExplosionProof>
			<IsFireProof>false</IsFireProof>
			<IsMeleeProof>false</IsMeleeProof>
			<IsOnlyDamagedByPlayer>false</IsOnlyDamagedByPlayer>
			<PositionRotation>
				<X>-10.7391987</X>
				<Y>546.08667</Y>
				<Z>174.140427</Z>
				<Pitch>77.7073593</Pitch>
				<Roll>17.7844067</Roll>
				<Yaw>108.480064</Yaw>
			</PositionRotation>
			<Attachment isAttached="true">
				<AttachedTo>146477</AttachedTo>
				<BoneIndex>0</BoneIndex>
				<X>0</X>
				<Y>-2.69999981</Y>
				<Z>1.60000038</Z>
				<Pitch>90.0000076</Pitch>
				<Roll>0</Roll>
				<Yaw>0</Yaw>
			</Attachment>
		</Attachment>
		<Attachment>
			<ModelHash>0x4df92e8c</ModelHash>
			<Type>3</Type>
			<Dynamic>false</Dynamic>
			<FrozenPos>true</FrozenPos>
			<HashName>imp_prop_impexp_cargo_01</HashName>
			<InitialHandle>450659</InitialHandle>
			<ObjectProperties>
				<TextureVariation>0</TextureVariation>
			</ObjectProperties>
			<OpacityLevel>255</OpacityLevel>
			<LodDistance>16960</LodDistance>
			<IsVisible>true</IsVisible>
			<MaxHealth>1000</MaxHealth>
			<Health>1000</Health>
			<HasGravity>true</HasGravity>
			<IsOnFire>false</IsOnFire>
			<IsInvincible>false</IsInvincible>
			<IsBulletProof>false</IsBulletProof>
			<IsCollisionProof>false</IsCollisionProof>
			<IsExplosionProof>false</IsExplosionProof>
			<IsFireProof>false</IsFireProof>
			<IsMeleeProof>false</IsMeleeProof>
			<IsOnlyDamagedByPlayer>false</IsOnlyDamagedByPlayer>
			<PositionRotation>
				<X>-10.0089178</X>
				<Y>545.660156</Y>
				<Z>173.033737</Z>
				<Pitch>77.7073593</Pitch>
				<Roll>17.7844067</Roll>
				<Yaw>108.480064</Yaw>
			</PositionRotation>
			<Attachment isAttached="true">
				<AttachedTo>146477</AttachedTo>
				<BoneIndex>0</BoneIndex>
				<X>-0.700000167</X>
				<Y>-2.79999971</Y>
				<Z>0.400000095</Z>
				<Pitch>90.0000076</Pitch>
				<Roll>0</Roll>
				<Yaw>0</Yaw>
			</Attachment>
		</Attachment>
		<Attachment>
			<ModelHash>0x4df92e8c</ModelHash>
			<Type>3</Type>
			<Dynamic>false</Dynamic>
			<FrozenPos>true</FrozenPos>
			<HashName>imp_prop_impexp_cargo_01</HashName>
			<InitialHandle>642148</InitialHandle>
			<ObjectProperties>
				<TextureVariation>0</TextureVariation>
			</ObjectProperties>
			<OpacityLevel>255</OpacityLevel>
			<LodDistance>16960</LodDistance>
			<IsVisible>true</IsVisible>
			<MaxHealth>1000</MaxHealth>
			<Health>1000</Health>
			<HasGravity>true</HasGravity>
			<IsOnFire>false</IsOnFire>
			<IsInvincible>false</IsInvincible>
			<IsBulletProof>false</IsBulletProof>
			<IsCollisionProof>false</IsCollisionProof>
			<IsExplosionProof>false</IsExplosionProof>
			<IsFireProof>false</IsFireProof>
			<IsMeleeProof>false</IsMeleeProof>
			<IsOnlyDamagedByPlayer>false</IsOnlyDamagedByPlayer>
			<PositionRotation>
				<X>-10.8277388</X>
				<Y>546.792114</Y>
				<Z>172.942688</Z>
				<Pitch>77.7073593</Pitch>
				<Roll>17.7844067</Roll>
				<Yaw>108.480064</Yaw>
			</PositionRotation>
			<Attachment isAttached="true">
				<AttachedTo>146477</AttachedTo>
				<BoneIndex>0</BoneIndex>
				<X>0.700000167</X>
				<Y>-2.79999971</Y>
				<Z>0.400000095</Z>
				<Pitch>90.0000076</Pitch>
				<Roll>0</Roll>
				<Yaw>0</Yaw>
			</Attachment>
		</Attachment>
		<Attachment>
			<ModelHash>0x9c0759ec</ModelHash>
			<Type>3</Type>
			<Dynamic>false</Dynamic>
			<FrozenPos>true</FrozenPos>
			<HashName>ex_office_swag_guns02</HashName>
			<InitialHandle>540006</InitialHandle>
			<ObjectProperties>
				<TextureVariation>0</TextureVariation>
			</ObjectProperties>
			<OpacityLevel>255</OpacityLevel>
			<LodDistance>16960</LodDistance>
			<IsVisible>true</IsVisible>
			<MaxHealth>1000</MaxHealth>
			<Health>1000</Health>
			<HasGravity>true</HasGravity>
			<IsOnFire>false</IsOnFire>
			<IsInvincible>false</IsInvincible>
			<IsBulletProof>false</IsBulletProof>
			<IsCollisionProof>false</IsCollisionProof>
			<IsExplosionProof>false</IsExplosionProof>
			<IsFireProof>false</IsFireProof>
			<IsMeleeProof>false</IsMeleeProof>
			<IsOnlyDamagedByPlayer>false</IsOnlyDamagedByPlayer>
			<PositionRotation>
				<X>-12.5678539</X>
				<Y>544.104065</Y>
				<Z>173.625565</Z>
				<Pitch>-11.6967115</Pitch>
				<Roll>3.80769825</Roll>
				<Yaw>126.654633</Yaw>
			</PositionRotation>
			<Attachment isAttached="true">
				<AttachedTo>146477</AttachedTo>
				<BoneIndex>0</BoneIndex>
				<X>-0.500000119</X>
				<Y>0</Y>
				<Z>1.60000038</Z>
				<Pitch>0</Pitch>
				<Roll>0</Roll>
				<Yaw>0</Yaw>
			</Attachment>
		</Attachment>
		<Attachment>
			<ModelHash>0x8b02bba6</ModelHash>
			<Type>3</Type>
			<Dynamic>false</Dynamic>
			<FrozenPos>true</FrozenPos>
			<HashName>hei_prop_hei_ammo_single</HashName>
			<InitialHandle>478273</InitialHandle>
			<ObjectProperties>
				<TextureVariation>0</TextureVariation>
			</ObjectProperties>
			<OpacityLevel>255</OpacityLevel>
			<LodDistance>16960</LodDistance>
			<IsVisible>true</IsVisible>
			<MaxHealth>1000</MaxHealth>
			<Health>1000</Health>
			<HasGravity>true</HasGravity>
			<IsOnFire>false</IsOnFire>
			<IsInvincible>false</IsInvincible>
			<IsBulletProof>false</IsBulletProof>
			<IsCollisionProof>false</IsCollisionProof>
			<IsExplosionProof>false</IsExplosionProof>
			<IsFireProof>false</IsFireProof>
			<IsMeleeProof>false</IsMeleeProof>
			<IsOnlyDamagedByPlayer>false</IsOnlyDamagedByPlayer>
			<PositionRotation>
				<X>-11.9998398</X>
				<Y>544.418884</Y>
				<Z>173.969406</Z>
				<Pitch>3.72851849</Pitch>
				<Roll>11.7218714</Roll>
				<Yaw>-144.118378</Yaw>
			</PositionRotation>
			<Attachment isAttached="true">
				<AttachedTo>146477</AttachedTo>
				<BoneIndex>0</BoneIndex>
				<X>-0.600000143</X>
				<Y>-0.700000167</Y>
				<Z>1.80000043</Z>
				<Pitch>0</Pitch>
				<Roll>0</Roll>
				<Yaw>90.0000153</Yaw>
			</Attachment>
		</Attachment>
		<Attachment>
			<ModelHash>0x95f357db</ModelHash>
			<Type>3</Type>
			<Dynamic>false</Dynamic>
			<FrozenPos>true</FrozenPos>
			<HashName>prop_bodyarmour_03</HashName>
			<InitialHandle>586092</InitialHandle>
			<ObjectProperties>
				<TextureVariation>0</TextureVariation>
			</ObjectProperties>
			<OpacityLevel>255</OpacityLevel>
			<LodDistance>16960</LodDistance>
			<IsVisible>true</IsVisible>
			<MaxHealth>1000</MaxHealth>
			<Health>1000</Health>
			<HasGravity>true</HasGravity>
			<IsOnFire>false</IsOnFire>
			<IsInvincible>false</IsInvincible>
			<IsBulletProof>false</IsBulletProof>
			<IsCollisionProof>false</IsCollisionProof>
			<IsExplosionProof>false</IsExplosionProof>
			<IsFireProof>false</IsFireProof>
			<IsMeleeProof>false</IsMeleeProof>
			<IsOnlyDamagedByPlayer>false</IsOnlyDamagedByPlayer>
			<PositionRotation>
				<X>-12.0987835</X>
				<Y>544.385864</Y>
				<Z>174.448166</Z>
				<Pitch>-3.72851634</Pitch>
				<Roll>-11.7218723</Roll>
				<Yaw>35.8815994</Yaw>
			</PositionRotation>
			<Attachment isAttached="true">
				<AttachedTo>146477</AttachedTo>
				<BoneIndex>0</BoneIndex>
				<X>-0.600000143</X>
				<Y>-0.700000167</Y>
				<Z>2.2900002</Z>
				<Pitch>0</Pitch>
				<Roll>0</Roll>
				<Yaw>-90.0000076</Yaw>
			</Attachment>
		</Attachment>
		<Attachment>
			<ModelHash>0x3d66cd4d</ModelHash>
			<Type>3</Type>
			<Dynamic>false</Dynamic>
			<FrozenPos>true</FrozenPos>
			<HashName>hei_prop_mini_sever_01</HashName>
			<InitialHandle>753776</InitialHandle>
			<ObjectProperties>
				<TextureVariation>0</TextureVariation>
			</ObjectProperties>
			<OpacityLevel>255</OpacityLevel>
			<LodDistance>16960</LodDistance>
			<IsVisible>true</IsVisible>
			<MaxHealth>1000</MaxHealth>
			<Health>1000</Health>
			<HasGravity>true</HasGravity>
			<IsOnFire>false</IsOnFire>
			<IsInvincible>false</IsInvincible>
			<IsBulletProof>false</IsBulletProof>
			<IsCollisionProof>false</IsCollisionProof>
			<IsExplosionProof>false</IsExplosionProof>
			<IsFireProof>false</IsFireProof>
			<IsMeleeProof>false</IsMeleeProof>
			<IsOnlyDamagedByPlayer>false</IsOnlyDamagedByPlayer>
			<PositionRotation>
				<X>-12.0119114</X>
				<Y>545.081665</Y>
				<Z>173.091568</Z>
				<Pitch>11.6967087</Pitch>
				<Roll>-3.80770302</Roll>
				<Yaw>-53.3453369</Yaw>
			</PositionRotation>
			<Attachment isAttached="true">
				<AttachedTo>146477</AttachedTo>
				<BoneIndex>0</BoneIndex>
				<X>0</X>
				<Y>-0.900000215</Y>
				<Z>0.900000215</Z>
				<Pitch>0</Pitch>
				<Roll>0</Roll>
				<Yaw>-179.999985</Yaw>
			</Attachment>
		</Attachment>
		<Attachment>
			<ModelHash>0x56605a21</ModelHash>
			<Type>3</Type>
			<Dynamic>false</Dynamic>
			<FrozenPos>true</FrozenPos>
			<HashName>prop_cctv_cam_03a</HashName>
			<InitialHandle>665974</InitialHandle>
			<ObjectProperties>
				<TextureVariation>0</TextureVariation>
			</ObjectProperties>
			<OpacityLevel>255</OpacityLevel>
			<LodDistance>16960</LodDistance>
			<IsVisible>true</IsVisible>
			<MaxHealth>1000</MaxHealth>
			<Health>1000</Health>
			<HasGravity>true</HasGravity>
			<IsOnFire>false</IsOnFire>
			<IsInvincible>false</IsInvincible>
			<IsBulletProof>false</IsBulletProof>
			<IsCollisionProof>false</IsCollisionProof>
			<IsExplosionProof>false</IsExplosionProof>
			<IsFireProof>false</IsFireProof>
			<IsMeleeProof>false</IsMeleeProof>
			<IsOnlyDamagedByPlayer>false</IsOnlyDamagedByPlayer>
			<PositionRotation>
				<X>-11.6172562</X>
				<Y>545.491272</Y>
				<Z>174.327225</Z>
				<Pitch>-5.58774948</Pitch>
				<Roll>10.6667261</Roll>
				<Yaw>171.8013</Yaw>
			</PositionRotation>
			<Attachment isAttached="true">
				<AttachedTo>146477</AttachedTo>
				<BoneIndex>0</BoneIndex>
				<X>0.020000007</X>
				<Y>-1.70000041</Y>
				<Z>2.00000048</Z>
				<Pitch>0</Pitch>
				<Roll>-0.300000072</Roll>
				<Yaw>45.0000038</Yaw>
			</Attachment>
		</Attachment>
	</SpoonerAttachments>
</Vehicle>
