<?xml version="1.0" encoding="ISO-8859-1"?>
<Vehicle menyoo_ver="0.9998746b">
	<ModelHash>0x3af76f4a</ModelHash>
	<InitialHandle>471321</InitialHandle>
	<VehicleProperties>
		<Colours>
			<Primary>0</Primary>
			<Secondary>6</Secondary>
			<Pearl>18</Pearl>
			<Rim>156</Rim>
			<Mod1_a>6</Mod1_a>
			<Mod1_b>-1</Mod1_b>
			<Mod1_c>-1</Mod1_c>
			<Mod2_a>6</Mod2_a>
			<Mod2_b>-1</Mod2_b>
			<IsPrimaryColourCustom>false</IsPrimaryColourCustom>
			<IsSecondaryColourCustom>false</IsSecondaryColourCustom>
			<tyreSmoke_R>255</tyreSmoke_R>
			<tyreSmoke_G>255</tyreSmoke_G>
			<tyreSmoke_B>255</tyreSmoke_B>
			<LrInterior>5</LrInterior>
			<LrDashboard>0</LrDashboard>
		</Colours>
		<Livery>-1</Livery>
		<NumberPlateText> MENYOO </NumberPlateText>
		<NumberPlateIndex>5</NumberPlateIndex>
		<WheelType>0</WheelType>
		<WheelsInvisible>false</WheelsInvisible>
		<EngineSoundName></EngineSoundName>
		<WindowTint>1</WindowTint>
		<BulletProofTyres>true</BulletProofTyres>
		<DirtLevel>0.00233899569</DirtLevel>
		<PaintFade>0.298039228</PaintFade>
		<RoofState>0</RoofState>
		<SirenActive>false</SirenActive>
		<EngineOn>true</EngineOn>
		<EngineHealth>1000</EngineHealth>
		<LightsOn>true</LightsOn>
		<IsRadioLoud>0</IsRadioLoud>
		<LockStatus>1</LockStatus>
		<Neons>
			<Left>false</Left>
			<Right>false</Right>
			<Front>false</Front>
			<Back>false</Back>
			<R>255</R>
			<G>0</G>
			<B>255</B>
		</Neons>
		<ModExtras />
		<Mods>
			<_0>-1,0</_0>
			<_1>-1,0</_1>
			<_2>-1,0</_2>
			<_3>-1,0</_3>
			<_4>-1,0</_4>
			<_5>-1,0</_5>
			<_6>-1,0</_6>
			<_7>-1,0</_7>
			<_8>-1,0</_8>
			<_9>-1,0</_9>
			<_10>-1,0</_10>
			<_11>3,0</_11>
			<_12>2,0</_12>
			<_13>-1,0</_13>
			<_14>-1,0</_14>
			<_15>3,0</_15>
			<_16>4,0</_16>
			<_17>false</_17>
			<_18>true</_18>
			<_19>false</_19>
			<_20>true</_20>
			<_21>false</_21>
			<_22>true</_22>
			<_23>49,0</_23>
			<_24>-1,0</_24>
			<_25>-1,0</_25>
			<_26>-1,0</_26>
			<_27>-1,0</_27>
			<_28>-1,0</_28>
			<_29>-1,0</_29>
			<_30>-1,0</_30>
			<_31>-1,0</_31>
			<_32>-1,0</_32>
			<_33>-1,0</_33>
			<_34>-1,0</_34>
			<_35>-1,0</_35>
			<_36>-1,0</_36>
			<_37>-1,0</_37>
			<_38>-1,0</_38>
			<_39>-1,0</_39>
			<_40>-1,0</_40>
			<_41>-1,0</_41>
			<_42>-1,0</_42>
			<_43>-1,0</_43>
			<_44>-1,0</_44>
			<_45>-1,0</_45>
			<_46>-1,0</_46>
			<_47>-1,0</_47>
			<_48>-1,0</_48>
		</Mods>
		<DoorsOpen>
			<BackLeftDoor>false</BackLeftDoor>
			<BackRightDoor>false</BackRightDoor>
			<FrontLeftDoor>false</FrontLeftDoor>
			<FrontRightDoor>false</FrontRightDoor>
			<Hood>false</Hood>
			<Trunk>false</Trunk>
			<Trunk2>false</Trunk2>
		</DoorsOpen>
		<DoorsBroken>
			<BackLeftDoor>false</BackLeftDoor>
			<BackRightDoor>false</BackRightDoor>
			<FrontLeftDoor>false</FrontLeftDoor>
			<FrontRightDoor>false</FrontRightDoor>
			<Hood>false</Hood>
			<Trunk>false</Trunk>
			<Trunk2>false</Trunk2>
		</DoorsBroken>
		<TyresBursted>
			<FrontLeft>false</FrontLeft>
			<FrontRight>false</FrontRight>
			<_2>false</_2>
			<_3>false</_3>
			<BackLeft>false</BackLeft>
			<BackRight>false</BackRight>
			<_6>false</_6>
			<_7>false</_7>
			<_8>false</_8>
		</TyresBursted>
	</VehicleProperties>
	<OpacityLevel>255</OpacityLevel>
	<LodDistance>500</LodDistance>
	<IsVisible>true</IsVisible>
	<IsDriverVisible>true</IsDriverVisible>
	<MaxHealth>1000</MaxHealth>
	<Health>1000</Health>
	<HasGravity>true</HasGravity>
	<IsOnFire>false</IsOnFire>
	<IsInvincible>true</IsInvincible>
	<IsBulletProof>true</IsBulletProof>
	<IsExplosionProof>true</IsExplosionProof>
	<IsFireProof>false</IsFireProof>
	<IsMeleeProof>true</IsMeleeProof>
	<IsOnlyDamagedByPlayer>false</IsOnlyDamagedByPlayer>
	<SpoonerAttachments SetAttachmentsPersistentAndAddToSpoonerDatabase="false" StartTaskSequencesOnLoad="true">
		<Attachment>
			<ModelHash>0xbbad749e</ModelHash>
			<Type>3</Type>
			<Dynamic>false</Dynamic>
			<FrozenPos>true</FrozenPos>
			<HashName>w_lr_homing_rocket</HashName>
			<InitialHandle>603673</InitialHandle>
			<ObjectProperties>
				<TextureVariation>0</TextureVariation>
			</ObjectProperties>
			<OpacityLevel>255</OpacityLevel>
			<LodDistance>16960</LodDistance>
			<IsVisible>true</IsVisible>
			<MaxHealth>1000</MaxHealth>
			<Health>1000</Health>
			<HasGravity>true</HasGravity>
			<IsOnFire>false</IsOnFire>
			<IsInvincible>false</IsInvincible>
			<IsBulletProof>false</IsBulletProof>
			<IsCollisionProof>false</IsCollisionProof>
			<IsExplosionProof>false</IsExplosionProof>
			<IsFireProof>false</IsFireProof>
			<IsMeleeProof>false</IsMeleeProof>
			<IsOnlyDamagedByPlayer>false</IsOnlyDamagedByPlayer>
			<PositionRotation>
				<X>-1314.4917</X>
				<Y>113.736275</Y>
				<Z>56.1559105</Z>
				<Pitch>-0.426690668</Pitch>
				<Roll>0.208471209</Roll>
				<Yaw>92.3042374</Yaw>
			</PositionRotation>
			<Attachment isAttached="true">
				<AttachedTo>471321</AttachedTo>
				<BoneIndex>0</BoneIndex>
				<X>-1.06999993</X>
				<Y>-0.279999971</Y>
				<Z>0.0299999993</Z>
				<Pitch>0</Pitch>
				<Roll>0</Roll>
				<Yaw>0</Yaw>
			</Attachment>
		</Attachment>
		<Attachment>
			<ModelHash>0xc64ae8a2</ModelHash>
			<Type>3</Type>
			<Dynamic>false</Dynamic>
			<FrozenPos>true</FrozenPos>
			<HashName>prop_speaker_01</HashName>
			<InitialHandle>633111</InitialHandle>
			<ObjectProperties>
				<TextureVariation>0</TextureVariation>
			</ObjectProperties>
			<OpacityLevel>255</OpacityLevel>
			<LodDistance>16960</LodDistance>
			<IsVisible>true</IsVisible>
			<MaxHealth>1000</MaxHealth>
			<Health>1000</Health>
			<HasGravity>true</HasGravity>
			<IsOnFire>false</IsOnFire>
			<IsInvincible>false</IsInvincible>
			<IsBulletProof>false</IsBulletProof>
			<IsCollisionProof>false</IsCollisionProof>
			<IsExplosionProof>false</IsExplosionProof>
			<IsFireProof>false</IsFireProof>
			<IsMeleeProof>false</IsMeleeProof>
			<IsOnlyDamagedByPlayer>false</IsOnlyDamagedByPlayer>
			<PositionRotation>
				<X>-1313.26123</X>
				<Y>115.958145</Y>
				<Z>56.3278389</Z>
				<Pitch>0.426690072</Pitch>
				<Roll>89.7915115</Roll>
				<Yaw>-87.6957397</Yaw>
			</PositionRotation>
			<Attachment isAttached="true">
				<AttachedTo>471321</AttachedTo>
				<BoneIndex>0</BoneIndex>
				<X>1.10000002</X>
				<Y>-1.60000014</Y>
				<Z>0.199999988</Z>
				<Pitch>0</Pitch>
				<Roll>89.9999924</Roll>
				<Yaw>-179.999985</Yaw>
			</Attachment>
		</Attachment>
		<Attachment>
			<ModelHash>0xc6998ce7</ModelHash>
			<Type>3</Type>
			<Dynamic>false</Dynamic>
			<FrozenPos>true</FrozenPos>
			<HashName>v_res_pcwoofer</HashName>
			<InitialHandle>117529</InitialHandle>
			<ObjectProperties>
				<TextureVariation>0</TextureVariation>
			</ObjectProperties>
			<OpacityLevel>255</OpacityLevel>
			<LodDistance>16960</LodDistance>
			<IsVisible>true</IsVisible>
			<MaxHealth>1000</MaxHealth>
			<Health>1000</Health>
			<HasGravity>true</HasGravity>
			<IsOnFire>false</IsOnFire>
			<IsInvincible>false</IsInvincible>
			<IsBulletProof>false</IsBulletProof>
			<IsCollisionProof>false</IsCollisionProof>
			<IsExplosionProof>false</IsExplosionProof>
			<IsFireProof>false</IsFireProof>
			<IsMeleeProof>false</IsMeleeProof>
			<IsOnlyDamagedByPlayer>false</IsOnlyDamagedByPlayer>
			<PositionRotation>
				<X>-1313.93567</X>
				<Y>112.828339</Y>
				<Z>56.283165</Z>
				<Pitch>-0.426690668</Pitch>
				<Roll>0.208471209</Roll>
				<Yaw>92.3042374</Yaw>
			</PositionRotation>
			<Attachment isAttached="true">
				<AttachedTo>471321</AttachedTo>
				<BoneIndex>0</BoneIndex>
				<X>-2.00000024</X>
				<Y>-0.799999952</Y>
				<Z>0.150000006</Z>
				<Pitch>0</Pitch>
				<Roll>0</Roll>
				<Yaw>0</Yaw>
			</Attachment>
		</Attachment>
		<Attachment>
			<ModelHash>0x3794acc9</ModelHash>
			<Type>3</Type>
			<Dynamic>false</Dynamic>
			<FrozenPos>true</FrozenPos>
			<HashName>hei_prop_heist_emp</HashName>
			<InitialHandle>283418</InitialHandle>
			<ObjectProperties>
				<TextureVariation>0</TextureVariation>
			</ObjectProperties>
			<OpacityLevel>255</OpacityLevel>
			<LodDistance>16960</LodDistance>
			<IsVisible>true</IsVisible>
			<MaxHealth>1000</MaxHealth>
			<Health>1000</Health>
			<HasGravity>true</HasGravity>
			<IsOnFire>false</IsOnFire>
			<IsInvincible>false</IsInvincible>
			<IsBulletProof>false</IsBulletProof>
			<IsCollisionProof>false</IsCollisionProof>
			<IsExplosionProof>false</IsExplosionProof>
			<IsFireProof>false</IsFireProof>
			<IsMeleeProof>false</IsMeleeProof>
			<IsOnlyDamagedByPlayer>false</IsOnlyDamagedByPlayer>
			<PositionRotation>
				<X>-1313.30017</X>
				<Y>114.455009</Y>
				<Z>56.2325554</Z>
				<Pitch>-0.426690668</Pitch>
				<Roll>0.208471209</Roll>
				<Yaw>92.3042374</Yaw>
			</PositionRotation>
			<Attachment isAttached="true">
				<AttachedTo>471321</AttachedTo>
				<BoneIndex>0</BoneIndex>
				<X>-0.399999976</X>
				<Y>-1.50000012</Y>
				<Z>0.099999994</Z>
				<Pitch>0</Pitch>
				<Roll>0</Roll>
				<Yaw>0</Yaw>
			</Attachment>
		</Attachment>
		<Attachment>
			<ModelHash>0x715c7e1f</ModelHash>
			<Type>3</Type>
			<Dynamic>false</Dynamic>
			<FrozenPos>true</FrozenPos>
			<HashName>w_lr_homing</HashName>
			<InitialHandle>220186</InitialHandle>
			<ObjectProperties>
				<TextureVariation>0</TextureVariation>
			</ObjectProperties>
			<OpacityLevel>255</OpacityLevel>
			<LodDistance>16960</LodDistance>
			<IsVisible>true</IsVisible>
			<MaxHealth>1000</MaxHealth>
			<Health>1000</Health>
			<HasGravity>true</HasGravity>
			<IsOnFire>false</IsOnFire>
			<IsInvincible>false</IsInvincible>
			<IsBulletProof>false</IsBulletProof>
			<IsCollisionProof>false</IsCollisionProof>
			<IsExplosionProof>false</IsExplosionProof>
			<IsFireProof>false</IsFireProof>
			<IsMeleeProof>false</IsMeleeProof>
			<IsOnlyDamagedByPlayer>false</IsOnlyDamagedByPlayer>
			<PositionRotation>
				<X>-1316.94507</X>
				<Y>115.018219</Y>
				<Z>56.0109406</Z>
				<Pitch>0.208465323</Pitch>
				<Roll>0.426693469</Roll>
				<Yaw>-177.697327</Yaw>
			</PositionRotation>
			<Attachment isAttached="true">
				<AttachedTo>471321</AttachedTo>
				<BoneIndex>27</BoneIndex>
				<X>0.309999973</X>
				<Y>0.200000018</Y>
				<Z>-0.049999997</Z>
				<Pitch>0</Pitch>
				<Roll>0</Roll>
				<Yaw>89.9999924</Yaw>
			</Attachment>
		</Attachment>
		<Attachment>
			<ModelHash>0x4eb1e082</ModelHash>
			<Type>3</Type>
			<Dynamic>false</Dynamic>
			<FrozenPos>true</FrozenPos>
			<HashName>hei_prop_carrier_light_01</HashName>
			<InitialHandle>433175</InitialHandle>
			<ObjectProperties>
				<TextureVariation>0</TextureVariation>
			</ObjectProperties>
			<OpacityLevel>255</OpacityLevel>
			<LodDistance>16960</LodDistance>
			<IsVisible>true</IsVisible>
			<MaxHealth>1000</MaxHealth>
			<Health>1000</Health>
			<HasGravity>true</HasGravity>
			<IsOnFire>false</IsOnFire>
			<IsInvincible>false</IsInvincible>
			<IsBulletProof>false</IsBulletProof>
			<IsCollisionProof>false</IsCollisionProof>
			<IsExplosionProof>false</IsExplosionProof>
			<IsFireProof>false</IsFireProof>
			<IsMeleeProof>false</IsMeleeProof>
			<IsOnlyDamagedByPlayer>false</IsOnlyDamagedByPlayer>
			<PositionRotation>
				<X>-1316.80725</X>
				<Y>114.711304</Y>
				<Z>55.4050636</Z>
				<Pitch>0.426690608</Pitch>
				<Roll>-0.208471358</Roll>
				<Yaw>-87.6957397</Yaw>
			</PositionRotation>
			<Attachment isAttached="true">
				<AttachedTo>471321</AttachedTo>
				<BoneIndex>0</BoneIndex>
				<X>-5.96046448e-08</X>
				<Y>2.00000024</Y>
				<Z>-0.699999928</Z>
				<Pitch>0</Pitch>
				<Roll>0</Roll>
				<Yaw>-179.999985</Yaw>
			</Attachment>
		</Attachment>
		<Attachment>
			<ModelHash>0xa4e7e0a7</ModelHash>
			<Type>3</Type>
			<Dynamic>false</Dynamic>
			<FrozenPos>true</FrozenPos>
			<HashName>prop_el_guitar_01</HashName>
			<InitialHandle>404250</InitialHandle>
			<ObjectProperties>
				<TextureVariation>0</TextureVariation>
			</ObjectProperties>
			<OpacityLevel>255</OpacityLevel>
			<LodDistance>16960</LodDistance>
			<IsVisible>true</IsVisible>
			<MaxHealth>1000</MaxHealth>
			<Health>1000</Health>
			<HasGravity>true</HasGravity>
			<IsOnFire>false</IsOnFire>
			<IsInvincible>false</IsInvincible>
			<IsBulletProof>false</IsBulletProof>
			<IsCollisionProof>false</IsCollisionProof>
			<IsExplosionProof>false</IsExplosionProof>
			<IsFireProof>false</IsFireProof>
			<IsMeleeProof>false</IsMeleeProof>
			<IsOnlyDamagedByPlayer>false</IsOnlyDamagedByPlayer>
			<PositionRotation>
				<X>-1313.89978</X>
				<Y>114.136467</Y>
				<Z>57.8291245</Z>
				<Pitch>-0.426690668</Pitch>
				<Roll>0.208471209</Roll>
				<Yaw>92.3042374</Yaw>
			</PositionRotation>
			<Attachment isAttached="true">
				<AttachedTo>471321</AttachedTo>
				<BoneIndex>0</BoneIndex>
				<X>-0.699999928</X>
				<Y>-0.899999976</Y>
				<Z>1.70000017</Z>
				<Pitch>0</Pitch>
				<Roll>0</Roll>
				<Yaw>0</Yaw>
			</Attachment>
		</Attachment>
		<Attachment>
			<ModelHash>0xf1223843</ModelHash>
			<Type>3</Type>
			<Dynamic>false</Dynamic>
			<FrozenPos>true</FrozenPos>
			<HashName>ex_prop_adv_case</HashName>
			<InitialHandle>458007</InitialHandle>
			<ObjectProperties>
				<TextureVariation>0</TextureVariation>
			</ObjectProperties>
			<OpacityLevel>255</OpacityLevel>
			<LodDistance>16960</LodDistance>
			<IsVisible>true</IsVisible>
			<MaxHealth>1000</MaxHealth>
			<Health>1000</Health>
			<HasGravity>true</HasGravity>
			<IsOnFire>false</IsOnFire>
			<IsInvincible>false</IsInvincible>
			<IsBulletProof>false</IsBulletProof>
			<IsCollisionProof>false</IsCollisionProof>
			<IsExplosionProof>false</IsExplosionProof>
			<IsFireProof>false</IsFireProof>
			<IsMeleeProof>false</IsMeleeProof>
			<IsOnlyDamagedByPlayer>false</IsOnlyDamagedByPlayer>
			<PositionRotation>
				<X>-1313.91956</X>
				<Y>114.83223</Y>
				<Z>56.7266159</Z>
				<Pitch>-0.426690668</Pitch>
				<Roll>0.208471209</Roll>
				<Yaw>92.3042374</Yaw>
			</PositionRotation>
			<Attachment isAttached="true">
				<AttachedTo>471321</AttachedTo>
				<BoneIndex>0</BoneIndex>
				<X>0</X>
				<Y>-0.899999976</Y>
				<Z>0.599999905</Z>
				<Pitch>0</Pitch>
				<Roll>0</Roll>
				<Yaw>0</Yaw>
			</Attachment>
		</Attachment>
		<Attachment>
			<ModelHash>0x70679f34</ModelHash>
			<Type>3</Type>
			<Dynamic>false</Dynamic>
			<FrozenPos>true</FrozenPos>
			<HashName>hei_prop_carrier_crate_01a</HashName>
			<InitialHandle>642074</InitialHandle>
			<ObjectProperties>
				<TextureVariation>0</TextureVariation>
			</ObjectProperties>
			<OpacityLevel>255</OpacityLevel>
			<LodDistance>16960</LodDistance>
			<IsVisible>true</IsVisible>
			<MaxHealth>1000</MaxHealth>
			<Health>1000</Health>
			<HasGravity>true</HasGravity>
			<IsOnFire>false</IsOnFire>
			<IsInvincible>false</IsInvincible>
			<IsBulletProof>false</IsBulletProof>
			<IsCollisionProof>false</IsCollisionProof>
			<IsExplosionProof>false</IsExplosionProof>
			<IsFireProof>false</IsFireProof>
			<IsMeleeProof>false</IsMeleeProof>
			<IsOnlyDamagedByPlayer>false</IsOnlyDamagedByPlayer>
			<PositionRotation>
				<X>-1313.92102</X>
				<Y>114.832901</Y>
				<Z>56.926609</Z>
				<Pitch>-0.426690668</Pitch>
				<Roll>0.208471209</Roll>
				<Yaw>92.3042374</Yaw>
			</PositionRotation>
			<Attachment isAttached="true">
				<AttachedTo>471321</AttachedTo>
				<BoneIndex>0</BoneIndex>
				<X>0</X>
				<Y>-0.899999976</Y>
				<Z>0.799999952</Z>
				<Pitch>0</Pitch>
				<Roll>0</Roll>
				<Yaw>0</Yaw>
			</Attachment>
		</Attachment>
		<Attachment>
			<ModelHash>0x04b8a489</ModelHash>
			<Type>3</Type>
			<Dynamic>false</Dynamic>
			<FrozenPos>true</FrozenPos>
			<HashName>hei_prop_hei_bank_mon</HashName>
			<InitialHandle>47126</InitialHandle>
			<ObjectProperties>
				<TextureVariation>0</TextureVariation>
			</ObjectProperties>
			<OpacityLevel>255</OpacityLevel>
			<LodDistance>16960</LodDistance>
			<IsVisible>true</IsVisible>
			<MaxHealth>1000</MaxHealth>
			<Health>1000</Health>
			<HasGravity>true</HasGravity>
			<IsOnFire>false</IsOnFire>
			<IsInvincible>false</IsInvincible>
			<IsBulletProof>false</IsBulletProof>
			<IsCollisionProof>false</IsCollisionProof>
			<IsExplosionProof>false</IsExplosionProof>
			<IsFireProof>false</IsFireProof>
			<IsMeleeProof>false</IsMeleeProof>
			<IsOnlyDamagedByPlayer>false</IsOnlyDamagedByPlayer>
			<PositionRotation>
				<X>-1313.52368</X>
				<Y>114.849983</Y>
				<Z>57.2295761</Z>
				<Pitch>-0.426690668</Pitch>
				<Roll>0.208471209</Roll>
				<Yaw>92.3042374</Yaw>
			</PositionRotation>
			<Attachment isAttached="true">
				<AttachedTo>471321</AttachedTo>
				<BoneIndex>0</BoneIndex>
				<X>0</X>
				<Y>-1.30000007</Y>
				<Z>1.10000002</Z>
				<Pitch>0</Pitch>
				<Roll>0</Roll>
				<Yaw>0</Yaw>
			</Attachment>
		</Attachment>
		<Attachment>
			<ModelHash>0xf668491c</ModelHash>
			<Type>3</Type>
			<Dynamic>false</Dynamic>
			<FrozenPos>true</FrozenPos>
			<HashName>hei_prop_hei_securitypanel</HashName>
			<InitialHandle>610073</InitialHandle>
			<ObjectProperties>
				<TextureVariation>0</TextureVariation>
			</ObjectProperties>
			<OpacityLevel>255</OpacityLevel>
			<LodDistance>16960</LodDistance>
			<IsVisible>true</IsVisible>
			<MaxHealth>1000</MaxHealth>
			<Health>1000</Health>
			<HasGravity>true</HasGravity>
			<IsOnFire>false</IsOnFire>
			<IsInvincible>false</IsInvincible>
			<IsBulletProof>false</IsBulletProof>
			<IsCollisionProof>false</IsCollisionProof>
			<IsExplosionProof>false</IsExplosionProof>
			<IsFireProof>false</IsFireProof>
			<IsMeleeProof>false</IsMeleeProof>
			<IsOnlyDamagedByPlayer>false</IsOnlyDamagedByPlayer>
			<PositionRotation>
				<X>-1314.81592</X>
				<Y>113.904205</Y>
				<Z>56.0032959</Z>
				<Pitch>-0.208465546</Pitch>
				<Roll>-0.42669338</Roll>
				<Yaw>2.30269861</Yaw>
			</PositionRotation>
			<Attachment isAttached="true">
				<AttachedTo>471321</AttachedTo>
				<BoneIndex>51</BoneIndex>
				<X>-0.0700000003</X>
				<Y>-0.609999955</Y>
				<Z>-0.189999983</Z>
				<Pitch>0</Pitch>
				<Roll>0</Roll>
				<Yaw>-89.9999924</Yaw>
			</Attachment>
		</Attachment>
		<Attachment>
			<ModelHash>0xcfd9c316</ModelHash>
			<Type>3</Type>
			<Dynamic>false</Dynamic>
			<FrozenPos>true</FrozenPos>
			<HashName>hei_prop_heist_ammo_box</HashName>
			<InitialHandle>451354</InitialHandle>
			<ObjectProperties>
				<TextureVariation>0</TextureVariation>
			</ObjectProperties>
			<OpacityLevel>255</OpacityLevel>
			<LodDistance>16960</LodDistance>
			<IsVisible>true</IsVisible>
			<MaxHealth>1000</MaxHealth>
			<Health>1000</Health>
			<HasGravity>true</HasGravity>
			<IsOnFire>false</IsOnFire>
			<IsInvincible>false</IsInvincible>
			<IsBulletProof>false</IsBulletProof>
			<IsCollisionProof>false</IsCollisionProof>
			<IsExplosionProof>false</IsExplosionProof>
			<IsFireProof>false</IsFireProof>
			<IsMeleeProof>false</IsMeleeProof>
			<IsOnlyDamagedByPlayer>false</IsOnlyDamagedByPlayer>
			<PositionRotation>
				<X>-1314.70532</X>
				<Y>114.489853</Y>
				<Z>56.5817909</Z>
				<Pitch>0.208465546</Pitch>
				<Roll>0.42669338</Roll>
				<Yaw>-177.697296</Yaw>
			</PositionRotation>
			<Attachment isAttached="true">
				<AttachedTo>471321</AttachedTo>
				<BoneIndex>0</BoneIndex>
				<X>-0.310000002</X>
				<Y>-0.099999994</Y>
				<Z>0.460000038</Z>
				<Pitch>0</Pitch>
				<Roll>0</Roll>
				<Yaw>90.0000153</Yaw>
			</Attachment>
		</Attachment>
		<Attachment>
			<ModelHash>0x3d66cd4d</ModelHash>
			<Type>3</Type>
			<Dynamic>false</Dynamic>
			<FrozenPos>true</FrozenPos>
			<HashName>hei_prop_mini_sever_01</HashName>
			<InitialHandle>56341</InitialHandle>
			<ObjectProperties>
				<TextureVariation>0</TextureVariation>
			</ObjectProperties>
			<OpacityLevel>255</OpacityLevel>
			<LodDistance>16960</LodDistance>
			<IsVisible>true</IsVisible>
			<MaxHealth>1000</MaxHealth>
			<Health>1000</Health>
			<HasGravity>true</HasGravity>
			<IsOnFire>false</IsOnFire>
			<IsInvincible>false</IsInvincible>
			<IsBulletProof>false</IsBulletProof>
			<IsCollisionProof>false</IsCollisionProof>
			<IsExplosionProof>false</IsExplosionProof>
			<IsFireProof>false</IsFireProof>
			<IsMeleeProof>false</IsMeleeProof>
			<IsOnlyDamagedByPlayer>false</IsOnlyDamagedByPlayer>
			<PositionRotation>
				<X>-1314.12244</X>
				<Y>114.825523</Y>
				<Z>57.1251144</Z>
				<Pitch>0.426690608</Pitch>
				<Roll>-0.208471358</Roll>
				<Yaw>-87.6957397</Yaw>
			</PositionRotation>
			<Attachment isAttached="true">
				<AttachedTo>471321</AttachedTo>
				<BoneIndex>0</BoneIndex>
				<X>0</X>
				<Y>-0.699999928</Y>
				<Z>1</Z>
				<Pitch>0</Pitch>
				<Roll>0</Roll>
				<Yaw>-179.999985</Yaw>
			</Attachment>
		</Attachment>
		<Attachment>
			<ModelHash>0x42e61f5c</ModelHash>
			<Type>3</Type>
			<Dynamic>false</Dynamic>
			<FrozenPos>true</FrozenPos>
			<HashName>imp_prop_adv_hdsec</HashName>
			<InitialHandle>22554</InitialHandle>
			<ObjectProperties>
				<TextureVariation>0</TextureVariation>
			</ObjectProperties>
			<OpacityLevel>255</OpacityLevel>
			<LodDistance>16960</LodDistance>
			<IsVisible>true</IsVisible>
			<MaxHealth>1000</MaxHealth>
			<Health>1000</Health>
			<HasGravity>true</HasGravity>
			<IsOnFire>false</IsOnFire>
			<IsInvincible>false</IsInvincible>
			<IsBulletProof>false</IsBulletProof>
			<IsCollisionProof>false</IsCollisionProof>
			<IsExplosionProof>false</IsExplosionProof>
			<IsFireProof>false</IsFireProof>
			<IsMeleeProof>false</IsMeleeProof>
			<IsOnlyDamagedByPlayer>false</IsOnlyDamagedByPlayer>
			<PositionRotation>
				<X>-1314.12622</X>
				<Y>114.827194</Y>
				<Z>57.6250954</Z>
				<Pitch>-0.208465546</Pitch>
				<Roll>-0.42669338</Roll>
				<Yaw>2.30269861</Yaw>
			</PositionRotation>
			<Attachment isAttached="true">
				<AttachedTo>471321</AttachedTo>
				<BoneIndex>0</BoneIndex>
				<X>0</X>
				<Y>-0.699999928</Y>
				<Z>1.50000012</Z>
				<Pitch>0</Pitch>
				<Roll>0</Roll>
				<Yaw>-89.9999924</Yaw>
			</Attachment>
		</Attachment>
		<Attachment>
			<ModelHash>0x4df92e8c</ModelHash>
			<Type>3</Type>
			<Dynamic>false</Dynamic>
			<FrozenPos>true</FrozenPos>
			<HashName>imp_prop_impexp_cargo_01</HashName>
			<InitialHandle>647191</InitialHandle>
			<ObjectProperties>
				<TextureVariation>0</TextureVariation>
			</ObjectProperties>
			<OpacityLevel>255</OpacityLevel>
			<LodDistance>16960</LodDistance>
			<IsVisible>true</IsVisible>
			<MaxHealth>1000</MaxHealth>
			<Health>1000</Health>
			<HasGravity>true</HasGravity>
			<IsOnFire>false</IsOnFire>
			<IsInvincible>false</IsInvincible>
			<IsBulletProof>false</IsBulletProof>
			<IsCollisionProof>false</IsCollisionProof>
			<IsExplosionProof>false</IsExplosionProof>
			<IsFireProof>false</IsFireProof>
			<IsMeleeProof>false</IsMeleeProof>
			<IsOnlyDamagedByPlayer>false</IsOnlyDamagedByPlayer>
			<PositionRotation>
				<X>-1313.38733</X>
				<Y>114.062576</Y>
				<Z>56.6132164</Z>
				<Pitch>89.5256348</Pitch>
				<Roll>26.0379066</Roll>
				<Yaw>66.2655487</Yaw>
			</PositionRotation>
			<Attachment isAttached="true">
				<AttachedTo>471321</AttachedTo>
				<BoneIndex>0</BoneIndex>
				<X>-0.789999962</X>
				<Y>-1.4000001</Y>
				<Z>0.4799999</Z>
				<Pitch>89.9999924</Pitch>
				<Roll>0</Roll>
				<Yaw>0</Yaw>
			</Attachment>
		</Attachment>
		<Attachment>
			<ModelHash>0xcaf5d7f1</ModelHash>
			<Type>3</Type>
			<Dynamic>false</Dynamic>
			<FrozenPos>true</FrozenPos>
			<HashName>p_rcss_s</HashName>
			<InitialHandle>343318</InitialHandle>
			<ObjectProperties>
				<TextureVariation>0</TextureVariation>
			</ObjectProperties>
			<OpacityLevel>255</OpacityLevel>
			<LodDistance>16960</LodDistance>
			<IsVisible>true</IsVisible>
			<MaxHealth>1000</MaxHealth>
			<Health>1000</Health>
			<HasGravity>true</HasGravity>
			<IsOnFire>false</IsOnFire>
			<IsInvincible>false</IsInvincible>
			<IsBulletProof>false</IsBulletProof>
			<IsCollisionProof>false</IsCollisionProof>
			<IsExplosionProof>false</IsExplosionProof>
			<IsFireProof>false</IsFireProof>
			<IsMeleeProof>false</IsMeleeProof>
			<IsOnlyDamagedByPlayer>false</IsOnlyDamagedByPlayer>
			<PositionRotation>
				<X>-1314.51831</X>
				<Y>114.807777</Y>
				<Z>56.6221504</Z>
				<Pitch>0.426690608</Pitch>
				<Roll>-0.208471358</Roll>
				<Yaw>-87.6957397</Yaw>
			</PositionRotation>
			<Attachment isAttached="true">
				<AttachedTo>471321</AttachedTo>
				<BoneIndex>0</BoneIndex>
				<X>0</X>
				<Y>-0.299999982</Y>
				<Z>0.49999997</Z>
				<Pitch>0</Pitch>
				<Roll>0</Roll>
				<Yaw>-179.999985</Yaw>
			</Attachment>
		</Attachment>
		<Attachment>
			<ModelHash>0x5d9377d3</ModelHash>
			<Type>3</Type>
			<Dynamic>false</Dynamic>
			<FrozenPos>true</FrozenPos>
			<HashName>p_s_scuba_tank_s</HashName>
			<InitialHandle>388887</InitialHandle>
			<ObjectProperties>
				<TextureVariation>0</TextureVariation>
			</ObjectProperties>
			<OpacityLevel>255</OpacityLevel>
			<LodDistance>16960</LodDistance>
			<IsVisible>true</IsVisible>
			<MaxHealth>1000</MaxHealth>
			<Health>1000</Health>
			<HasGravity>true</HasGravity>
			<IsOnFire>false</IsOnFire>
			<IsInvincible>false</IsInvincible>
			<IsBulletProof>false</IsBulletProof>
			<IsCollisionProof>false</IsCollisionProof>
			<IsExplosionProof>false</IsExplosionProof>
			<IsFireProof>false</IsFireProof>
			<IsMeleeProof>false</IsMeleeProof>
			<IsOnlyDamagedByPlayer>false</IsOnlyDamagedByPlayer>
			<PositionRotation>
				<X>-1313.00818</X>
				<Y>114.568657</Y>
				<Z>56.7344093</Z>
				<Pitch>-0.208465517</Pitch>
				<Roll>-90.4266739</Roll>
				<Yaw>2.30269265</Yaw>
			</PositionRotation>
			<Attachment isAttached="true">
				<AttachedTo>471321</AttachedTo>
				<BoneIndex>0</BoneIndex>
				<X>-0.299999982</X>
				<Y>-1.80000019</Y>
				<Z>0.599999905</Z>
				<Pitch>0</Pitch>
				<Roll>-89.9999924</Roll>
				<Yaw>-89.9999924</Yaw>
			</Attachment>
		</Attachment>
		<Attachment>
			<ModelHash>0x3794acc9</ModelHash>
			<Type>3</Type>
			<Dynamic>false</Dynamic>
			<FrozenPos>true</FrozenPos>
			<HashName>hei_prop_heist_emp</HashName>
			<InitialHandle>1301</InitialHandle>
			<ObjectProperties>
				<TextureVariation>0</TextureVariation>
			</ObjectProperties>
			<OpacityLevel>255</OpacityLevel>
			<LodDistance>16960</LodDistance>
			<IsVisible>true</IsVisible>
			<MaxHealth>1000</MaxHealth>
			<Health>1000</Health>
			<HasGravity>true</HasGravity>
			<IsOnFire>false</IsOnFire>
			<IsInvincible>false</IsInvincible>
			<IsBulletProof>false</IsBulletProof>
			<IsCollisionProof>false</IsCollisionProof>
			<IsExplosionProof>false</IsExplosionProof>
			<IsFireProof>false</IsFireProof>
			<IsMeleeProof>false</IsMeleeProof>
			<IsOnlyDamagedByPlayer>false</IsOnlyDamagedByPlayer>
			<PositionRotation>
				<X>-1313.33228</X>
				<Y>115.254356</Y>
				<Z>56.2296448</Z>
				<Pitch>-0.426690668</Pitch>
				<Roll>0.208471209</Roll>
				<Yaw>92.3042374</Yaw>
			</PositionRotation>
			<Attachment isAttached="true">
				<AttachedTo>471321</AttachedTo>
				<BoneIndex>0</BoneIndex>
				<X>0.399999976</X>
				<Y>-1.50000012</Y>
				<Z>0.099999994</Z>
				<Pitch>0</Pitch>
				<Roll>0</Roll>
				<Yaw>0</Yaw>
			</Attachment>
		</Attachment>
		<Attachment>
			<ModelHash>0x0e527908</ModelHash>
			<Type>3</Type>
			<Dynamic>false</Dynamic>
			<FrozenPos>true</FrozenPos>
			<HashName>imp_prop_impexp_exhaust_05</HashName>
			<InitialHandle>171303</InitialHandle>
			<ObjectProperties>
				<TextureVariation>0</TextureVariation>
			</ObjectProperties>
			<OpacityLevel>255</OpacityLevel>
			<LodDistance>16960</LodDistance>
			<IsVisible>true</IsVisible>
			<MaxHealth>1000</MaxHealth>
			<Health>1000</Health>
			<HasGravity>true</HasGravity>
			<IsOnFire>false</IsOnFire>
			<IsInvincible>false</IsInvincible>
			<IsBulletProof>false</IsBulletProof>
			<IsCollisionProof>false</IsCollisionProof>
			<IsExplosionProof>false</IsExplosionProof>
			<IsFireProof>false</IsFireProof>
			<IsMeleeProof>false</IsMeleeProof>
			<IsOnlyDamagedByPlayer>false</IsOnlyDamagedByPlayer>
			<PositionRotation>
				<X>-1312.51611</X>
				<Y>114.886513</Y>
				<Z>56.1370621</Z>
				<Pitch>-0.426690668</Pitch>
				<Roll>0.208471209</Roll>
				<Yaw>92.3042374</Yaw>
			</PositionRotation>
			<Attachment isAttached="true">
				<AttachedTo>471321</AttachedTo>
				<BoneIndex>0</BoneIndex>
				<X>0</X>
				<Y>-2.29999995</Y>
				<Z>0</Z>
				<Pitch>0</Pitch>
				<Roll>0</Roll>
				<Yaw>0</Yaw>
			</Attachment>
		</Attachment>
		<Attachment>
			<ModelHash>0x0c437502</ModelHash>
			<Type>3</Type>
			<Dynamic>false</Dynamic>
			<FrozenPos>true</FrozenPos>
			<HashName>imp_prop_impexp_exhaust_04</HashName>
			<InitialHandle>690983</InitialHandle>
			<ObjectProperties>
				<TextureVariation>0</TextureVariation>
			</ObjectProperties>
			<OpacityLevel>255</OpacityLevel>
			<LodDistance>16960</LodDistance>
			<IsVisible>true</IsVisible>
			<MaxHealth>1000</MaxHealth>
			<Health>1000</Health>
			<HasGravity>true</HasGravity>
			<IsOnFire>false</IsOnFire>
			<IsInvincible>false</IsInvincible>
			<IsBulletProof>false</IsBulletProof>
			<IsCollisionProof>false</IsCollisionProof>
			<IsExplosionProof>false</IsExplosionProof>
			<IsFireProof>false</IsFireProof>
			<IsMeleeProof>false</IsMeleeProof>
			<IsOnlyDamagedByPlayer>false</IsOnlyDamagedByPlayer>
			<PositionRotation>
				<X>-1313.41541</X>
				<Y>114.850334</Y>
				<Z>56.1303596</Z>
				<Pitch>-0.426690668</Pitch>
				<Roll>0.208471209</Roll>
				<Yaw>92.3042374</Yaw>
			</PositionRotation>
			<Attachment isAttached="true">
				<AttachedTo>471321</AttachedTo>
				<BoneIndex>0</BoneIndex>
				<X>0</X>
				<Y>-1.4000001</Y>
				<Z>0</Z>
				<Pitch>0</Pitch>
				<Roll>0</Roll>
				<Yaw>0</Yaw>
			</Attachment>
		</Attachment>
		<Attachment>
			<ModelHash>0x0e527908</ModelHash>
			<Type>3</Type>
			<Dynamic>false</Dynamic>
			<FrozenPos>true</FrozenPos>
			<HashName>imp_prop_impexp_exhaust_05</HashName>
			<InitialHandle>186662</InitialHandle>
			<ObjectProperties>
				<TextureVariation>0</TextureVariation>
			</ObjectProperties>
			<OpacityLevel>255</OpacityLevel>
			<LodDistance>16960</LodDistance>
			<IsVisible>true</IsVisible>
			<MaxHealth>1000</MaxHealth>
			<Health>1000</Health>
			<HasGravity>true</HasGravity>
			<IsOnFire>false</IsOnFire>
			<IsInvincible>false</IsInvincible>
			<IsBulletProof>false</IsBulletProof>
			<IsCollisionProof>false</IsCollisionProof>
			<IsExplosionProof>false</IsExplosionProof>
			<IsFireProof>false</IsFireProof>
			<IsMeleeProof>false</IsMeleeProof>
			<IsOnlyDamagedByPlayer>false</IsOnlyDamagedByPlayer>
			<PositionRotation>
				<X>-1312.98059</X>
				<Y>113.918518</Y>
				<Z>56.5367813</Z>
				<Pitch>-30.4149227</Pitch>
				<Roll>-179.732712</Roll>
				<Yaw>95.4379425</Yaw>
			</PositionRotation>
			<Attachment isAttached="true">
				<AttachedTo>471321</AttachedTo>
				<BoneIndex>0</BoneIndex>
				<X>-0.949999928</X>
				<Y>-1.80000019</Y>
				<Z>0.399999976</Z>
				<Pitch>-29.9999924</Pitch>
				<Roll>179.999985</Roll>
				<Yaw>2.99999976</Yaw>
			</Attachment>
		</Attachment>
		<Attachment>
			<ModelHash>0x0e527908</ModelHash>
			<Type>3</Type>
			<Dynamic>false</Dynamic>
			<FrozenPos>true</FrozenPos>
			<HashName>imp_prop_impexp_exhaust_05</HashName>
			<InitialHandle>461359</InitialHandle>
			<ObjectProperties>
				<TextureVariation>0</TextureVariation>
			</ObjectProperties>
			<OpacityLevel>255</OpacityLevel>
			<LodDistance>16960</LodDistance>
			<IsVisible>true</IsVisible>
			<MaxHealth>1000</MaxHealth>
			<Health>1000</Health>
			<HasGravity>true</HasGravity>
			<IsOnFire>false</IsOnFire>
			<IsInvincible>false</IsInvincible>
			<IsBulletProof>false</IsBulletProof>
			<IsCollisionProof>false</IsCollisionProof>
			<IsExplosionProof>false</IsExplosionProof>
			<IsFireProof>false</IsFireProof>
			<IsMeleeProof>false</IsMeleeProof>
			<IsOnlyDamagedByPlayer>false</IsOnlyDamagedByPlayer>
			<PositionRotation>
				<X>-1312.98938</X>
				<Y>114.138344</Y>
				<Z>56.5359802</Z>
				<Pitch>-30.4149227</Pitch>
				<Roll>-179.732712</Roll>
				<Yaw>95.4379425</Yaw>
			</PositionRotation>
			<Attachment isAttached="true">
				<AttachedTo>471321</AttachedTo>
				<BoneIndex>0</BoneIndex>
				<X>-0.730000138</X>
				<Y>-1.80000019</Y>
				<Z>0.399999976</Z>
				<Pitch>-29.9999924</Pitch>
				<Roll>179.999985</Roll>
				<Yaw>2.99999976</Yaw>
			</Attachment>
		</Attachment>
		<Attachment>
			<ModelHash>0x0e527908</ModelHash>
			<Type>3</Type>
			<Dynamic>false</Dynamic>
			<FrozenPos>true</FrozenPos>
			<HashName>imp_prop_impexp_exhaust_05</HashName>
			<InitialHandle>426536</InitialHandle>
			<ObjectProperties>
				<TextureVariation>0</TextureVariation>
			</ObjectProperties>
			<OpacityLevel>255</OpacityLevel>
			<LodDistance>16960</LodDistance>
			<IsVisible>true</IsVisible>
			<MaxHealth>1000</MaxHealth>
			<Health>1000</Health>
			<HasGravity>true</HasGravity>
			<IsOnFire>false</IsOnFire>
			<IsInvincible>false</IsInvincible>
			<IsBulletProof>false</IsBulletProof>
			<IsCollisionProof>false</IsCollisionProof>
			<IsExplosionProof>false</IsExplosionProof>
			<IsFireProof>false</IsFireProof>
			<IsMeleeProof>false</IsMeleeProof>
			<IsOnlyDamagedByPlayer>false</IsOnlyDamagedByPlayer>
			<PositionRotation>
				<X>-1313.0481</X>
				<Y>115.597153</Y>
				<Z>56.5306702</Z>
				<Pitch>-30.4264698</Pitch>
				<Roll>-179.758255</Roll>
				<Yaw>92.4251175</Yaw>
			</PositionRotation>
			<Attachment isAttached="true">
				<AttachedTo>471321</AttachedTo>
				<BoneIndex>0</BoneIndex>
				<X>0.7299999</X>
				<Y>-1.80000019</Y>
				<Z>0.399999976</Z>
				<Pitch>-29.9999924</Pitch>
				<Roll>179.999985</Roll>
				<Yaw>-1.1920929e-07</Yaw>
			</Attachment>
		</Attachment>
		<Attachment>
			<ModelHash>0x0e527908</ModelHash>
			<Type>3</Type>
			<Dynamic>false</Dynamic>
			<FrozenPos>true</FrozenPos>
			<HashName>imp_prop_impexp_exhaust_05</HashName>
			<InitialHandle>259120</InitialHandle>
			<ObjectProperties>
				<TextureVariation>0</TextureVariation>
			</ObjectProperties>
			<OpacityLevel>255</OpacityLevel>
			<LodDistance>16960</LodDistance>
			<IsVisible>true</IsVisible>
			<MaxHealth>1000</MaxHealth>
			<Health>1000</Health>
			<HasGravity>true</HasGravity>
			<IsOnFire>false</IsOnFire>
			<IsInvincible>false</IsInvincible>
			<IsBulletProof>false</IsBulletProof>
			<IsCollisionProof>false</IsCollisionProof>
			<IsExplosionProof>false</IsExplosionProof>
			<IsFireProof>false</IsFireProof>
			<IsMeleeProof>false</IsMeleeProof>
			<IsOnlyDamagedByPlayer>false</IsOnlyDamagedByPlayer>
			<PositionRotation>
				<X>-1313.05688</X>
				<Y>115.816971</Y>
				<Z>56.5298691</Z>
				<Pitch>-30.4264698</Pitch>
				<Roll>-179.758255</Roll>
				<Yaw>92.4251175</Yaw>
			</PositionRotation>
			<Attachment isAttached="true">
				<AttachedTo>471321</AttachedTo>
				<BoneIndex>0</BoneIndex>
				<X>0.94999969</X>
				<Y>-1.80000019</Y>
				<Z>0.399999976</Z>
				<Pitch>-29.9999924</Pitch>
				<Roll>179.999985</Roll>
				<Yaw>-1.1920929e-07</Yaw>
			</Attachment>
		</Attachment>
		<Attachment>
			<ModelHash>0x1e3763e5</ModelHash>
			<Type>3</Type>
			<Dynamic>false</Dynamic>
			<FrozenPos>true</FrozenPos>
			<HashName>prop_surf_board_ldn_01</HashName>
			<InitialHandle>218673</InitialHandle>
			<ObjectProperties>
				<TextureVariation>0</TextureVariation>
			</ObjectProperties>
			<OpacityLevel>255</OpacityLevel>
			<LodDistance>16960</LodDistance>
			<IsVisible>true</IsVisible>
			<MaxHealth>1000</MaxHealth>
			<Health>1000</Health>
			<HasGravity>true</HasGravity>
			<IsOnFire>false</IsOnFire>
			<IsInvincible>false</IsInvincible>
			<IsBulletProof>false</IsBulletProof>
			<IsCollisionProof>false</IsCollisionProof>
			<IsExplosionProof>false</IsExplosionProof>
			<IsFireProof>false</IsFireProof>
			<IsMeleeProof>false</IsMeleeProof>
			<IsOnlyDamagedByPlayer>false</IsOnlyDamagedByPlayer>
			<PositionRotation>
				<X>-1314.0802</X>
				<Y>113.923584</Y>
				<Z>56.3284149</Z>
				<Pitch>-89.5260468</Pitch>
				<Roll>63.9597511</Roll>
				<Yaw>-113.736778</Yaw>
			</PositionRotation>
			<Attachment isAttached="true">
				<AttachedTo>471321</AttachedTo>
				<BoneIndex>0</BoneIndex>
				<X>-0.900000215</X>
				<Y>-0.699999928</Y>
				<Z>0.199999988</Z>
				<Pitch>-89.9999924</Pitch>
				<Roll>-89.9999924</Roll>
				<Yaw>0</Yaw>
			</Attachment>
		</Attachment>
		<Attachment>
			<ModelHash>0x1e3763e5</ModelHash>
			<Type>3</Type>
			<Dynamic>false</Dynamic>
			<FrozenPos>true</FrozenPos>
			<HashName>prop_surf_board_ldn_01</HashName>
			<InitialHandle>108341</InitialHandle>
			<ObjectProperties>
				<TextureVariation>0</TextureVariation>
			</ObjectProperties>
			<OpacityLevel>255</OpacityLevel>
			<LodDistance>16960</LodDistance>
			<IsVisible>true</IsVisible>
			<MaxHealth>1000</MaxHealth>
			<Health>1000</Health>
			<HasGravity>true</HasGravity>
			<IsOnFire>false</IsOnFire>
			<IsInvincible>false</IsInvincible>
			<IsBulletProof>false</IsBulletProof>
			<IsCollisionProof>false</IsCollisionProof>
			<IsExplosionProof>false</IsExplosionProof>
			<IsFireProof>false</IsFireProof>
			<IsMeleeProof>false</IsMeleeProof>
			<IsOnlyDamagedByPlayer>false</IsOnlyDamagedByPlayer>
			<PositionRotation>
				<X>-1314.15247</X>
				<Y>115.722122</Y>
				<Z>56.3218651</Z>
				<Pitch>-89.5252151</Pitch>
				<Roll>-116.036926</Roll>
				<Yaw>-113.733459</Yaw>
			</PositionRotation>
			<Attachment isAttached="true">
				<AttachedTo>471321</AttachedTo>
				<BoneIndex>0</BoneIndex>
				<X>0.900000095</X>
				<Y>-0.699999928</Y>
				<Z>0.199999988</Z>
				<Pitch>-89.9999924</Pitch>
				<Roll>-89.9999924</Roll>
				<Yaw>-179.999985</Yaw>
			</Attachment>
		</Attachment>
		<Attachment>
			<ModelHash>0x0e527908</ModelHash>
			<Type>3</Type>
			<Dynamic>false</Dynamic>
			<FrozenPos>true</FrozenPos>
			<HashName>imp_prop_impexp_exhaust_05</HashName>
			<InitialHandle>190529</InitialHandle>
			<ObjectProperties>
				<TextureVariation>0</TextureVariation>
			</ObjectProperties>
			<OpacityLevel>255</OpacityLevel>
			<LodDistance>16960</LodDistance>
			<IsVisible>true</IsVisible>
			<MaxHealth>1000</MaxHealth>
			<Health>1000</Health>
			<HasGravity>true</HasGravity>
			<IsOnFire>false</IsOnFire>
			<IsInvincible>false</IsInvincible>
			<IsBulletProof>false</IsBulletProof>
			<IsCollisionProof>false</IsCollisionProof>
			<IsExplosionProof>false</IsExplosionProof>
			<IsFireProof>false</IsFireProof>
			<IsMeleeProof>false</IsMeleeProof>
			<IsOnlyDamagedByPlayer>false</IsOnlyDamagedByPlayer>
			<PositionRotation>
				<X>-1316.03455</X>
				<Y>114.465584</Y>
				<Z>56.3497047</Z>
				<Pitch>-50.2065849</Pitch>
				<Roll>179.333282</Roll>
				<Yaw>1.7919929</Yaw>
			</PositionRotation>
			<Attachment isAttached="true">
				<AttachedTo>471321</AttachedTo>
				<BoneIndex>27</BoneIndex>
				<X>-0.279999912</X>
				<Y>-0.689999819</Y>
				<Z>0.279999942</Z>
				<Pitch>-49.9999924</Pitch>
				<Roll>179.999985</Roll>
				<Yaw>-89.9999924</Yaw>
			</Attachment>
		</Attachment>
		<Attachment>
			<ModelHash>0x0e527908</ModelHash>
			<Type>3</Type>
			<Dynamic>false</Dynamic>
			<FrozenPos>true</FrozenPos>
			<HashName>imp_prop_impexp_exhaust_05</HashName>
			<InitialHandle>588352</InitialHandle>
			<ObjectProperties>
				<TextureVariation>0</TextureVariation>
			</ObjectProperties>
			<OpacityLevel>255</OpacityLevel>
			<LodDistance>16960</LodDistance>
			<IsVisible>true</IsVisible>
			<MaxHealth>1000</MaxHealth>
			<Health>1000</Health>
			<HasGravity>true</HasGravity>
			<IsOnFire>false</IsOnFire>
			<IsInvincible>false</IsInvincible>
			<IsBulletProof>false</IsBulletProof>
			<IsCollisionProof>false</IsCollisionProof>
			<IsExplosionProof>false</IsExplosionProof>
			<IsFireProof>false</IsFireProof>
			<IsMeleeProof>false</IsMeleeProof>
			<IsOnlyDamagedByPlayer>false</IsOnlyDamagedByPlayer>
			<PositionRotation>
				<X>-1316.2644</X>
				<Y>114.456337</Y>
				<Z>56.3479919</Z>
				<Pitch>-50.2065849</Pitch>
				<Roll>179.333282</Roll>
				<Yaw>1.7919929</Yaw>
			</PositionRotation>
			<Attachment isAttached="true">
				<AttachedTo>471321</AttachedTo>
				<BoneIndex>27</BoneIndex>
				<X>-0.279999912</X>
				<Y>-0.460000038</Y>
				<Z>0.279999942</Z>
				<Pitch>-49.9999924</Pitch>
				<Roll>179.999985</Roll>
				<Yaw>-89.9999924</Yaw>
			</Attachment>
		</Attachment>
		<Attachment>
			<ModelHash>0x0e527908</ModelHash>
			<Type>3</Type>
			<Dynamic>false</Dynamic>
			<FrozenPos>true</FrozenPos>
			<HashName>imp_prop_impexp_exhaust_05</HashName>
			<InitialHandle>286017</InitialHandle>
			<ObjectProperties>
				<TextureVariation>0</TextureVariation>
			</ObjectProperties>
			<OpacityLevel>255</OpacityLevel>
			<LodDistance>16960</LodDistance>
			<IsVisible>true</IsVisible>
			<MaxHealth>1000</MaxHealth>
			<Health>1000</Health>
			<HasGravity>true</HasGravity>
			<IsOnFire>false</IsOnFire>
			<IsInvincible>false</IsInvincible>
			<IsBulletProof>false</IsBulletProof>
			<IsCollisionProof>false</IsCollisionProof>
			<IsExplosionProof>false</IsExplosionProof>
			<IsFireProof>false</IsFireProof>
			<IsMeleeProof>false</IsMeleeProof>
			<IsOnlyDamagedByPlayer>false</IsOnlyDamagedByPlayer>
			<PositionRotation>
				<X>-1316.28687</X>
				<Y>115.015884</Y>
				<Z>56.3459549</Z>
				<Pitch>-49.7896576</Pitch>
				<Roll>-179.339081</Roll>
				<Yaw>-177.190979</Yaw>
			</PositionRotation>
			<Attachment isAttached="true">
				<AttachedTo>471321</AttachedTo>
				<BoneIndex>27</BoneIndex>
				<X>0.280000031</X>
				<Y>-0.460000038</Y>
				<Z>0.279999942</Z>
				<Pitch>-49.9999924</Pitch>
				<Roll>179.999985</Roll>
				<Yaw>90.0000153</Yaw>
			</Attachment>
		</Attachment>
		<Attachment>
			<ModelHash>0x0e527908</ModelHash>
			<Type>3</Type>
			<Dynamic>false</Dynamic>
			<FrozenPos>true</FrozenPos>
			<HashName>imp_prop_impexp_exhaust_05</HashName>
			<InitialHandle>179778</InitialHandle>
			<ObjectProperties>
				<TextureVariation>0</TextureVariation>
			</ObjectProperties>
			<OpacityLevel>255</OpacityLevel>
			<LodDistance>16960</LodDistance>
			<IsVisible>true</IsVisible>
			<MaxHealth>1000</MaxHealth>
			<Health>1000</Health>
			<HasGravity>true</HasGravity>
			<IsOnFire>false</IsOnFire>
			<IsInvincible>false</IsInvincible>
			<IsBulletProof>false</IsBulletProof>
			<IsCollisionProof>false</IsCollisionProof>
			<IsExplosionProof>false</IsExplosionProof>
			<IsFireProof>false</IsFireProof>
			<IsMeleeProof>false</IsMeleeProof>
			<IsOnlyDamagedByPlayer>false</IsOnlyDamagedByPlayer>
			<PositionRotation>
				<X>-1316.0575</X>
				<Y>115.035118</Y>
				<Z>56.3476295</Z>
				<Pitch>-49.7896576</Pitch>
				<Roll>-179.339081</Roll>
				<Yaw>-177.190979</Yaw>
			</PositionRotation>
			<Attachment isAttached="true">
				<AttachedTo>471321</AttachedTo>
				<BoneIndex>27</BoneIndex>
				<X>0.290000021</X>
				<Y>-0.690000057</Y>
				<Z>0.279999942</Z>
				<Pitch>-49.9999924</Pitch>
				<Roll>179.999985</Roll>
				<Yaw>90.0000153</Yaw>
			</Attachment>
		</Attachment>
		<Attachment>
			<ModelHash>0xcfd9c316</ModelHash>
			<Type>3</Type>
			<Dynamic>false</Dynamic>
			<FrozenPos>true</FrozenPos>
			<HashName>hei_prop_heist_ammo_box</HashName>
			<InitialHandle>229705</InitialHandle>
			<ObjectProperties>
				<TextureVariation>0</TextureVariation>
			</ObjectProperties>
			<OpacityLevel>255</OpacityLevel>
			<LodDistance>16960</LodDistance>
			<IsVisible>true</IsVisible>
			<MaxHealth>1000</MaxHealth>
			<Health>1000</Health>
			<HasGravity>true</HasGravity>
			<IsOnFire>false</IsOnFire>
			<IsInvincible>false</IsInvincible>
			<IsBulletProof>false</IsBulletProof>
			<IsCollisionProof>false</IsCollisionProof>
			<IsExplosionProof>false</IsExplosionProof>
			<IsFireProof>false</IsFireProof>
			<IsMeleeProof>false</IsMeleeProof>
			<IsOnlyDamagedByPlayer>false</IsOnlyDamagedByPlayer>
			<PositionRotation>
				<X>-1314.73022</X>
				<Y>115.109344</Y>
				<Z>56.5795364</Z>
				<Pitch>0.208465546</Pitch>
				<Roll>0.42669338</Roll>
				<Yaw>-177.697296</Yaw>
			</PositionRotation>
			<Attachment isAttached="true">
				<AttachedTo>471321</AttachedTo>
				<BoneIndex>0</BoneIndex>
				<X>0.310000032</X>
				<Y>-0.099999994</Y>
				<Z>0.460000038</Z>
				<Pitch>0</Pitch>
				<Roll>0</Roll>
				<Yaw>90.0000153</Yaw>
			</Attachment>
		</Attachment>
		<Attachment>
			<ModelHash>0x431fe24e</ModelHash>
			<Type>3</Type>
			<Dynamic>false</Dynamic>
			<FrozenPos>true</FrozenPos>
			<HashName>prop_speaker_06</HashName>
			<InitialHandle>463695</InitialHandle>
			<ObjectProperties>
				<TextureVariation>0</TextureVariation>
			</ObjectProperties>
			<OpacityLevel>255</OpacityLevel>
			<LodDistance>16960</LodDistance>
			<IsVisible>true</IsVisible>
			<MaxHealth>1000</MaxHealth>
			<Health>1000</Health>
			<HasGravity>true</HasGravity>
			<IsOnFire>false</IsOnFire>
			<IsInvincible>false</IsInvincible>
			<IsBulletProof>false</IsBulletProof>
			<IsCollisionProof>false</IsCollisionProof>
			<IsExplosionProof>false</IsExplosionProof>
			<IsFireProof>false</IsFireProof>
			<IsMeleeProof>false</IsMeleeProof>
			<IsOnlyDamagedByPlayer>false</IsOnlyDamagedByPlayer>
			<PositionRotation>
				<X>-1314.92908</X>
				<Y>114.791824</Y>
				<Z>56.7790909</Z>
				<Pitch>89.5256348</Pitch>
				<Roll>26.0379066</Roll>
				<Yaw>66.2655487</Yaw>
			</PositionRotation>
			<Attachment isAttached="true">
				<AttachedTo>471321</AttachedTo>
				<BoneIndex>0</BoneIndex>
				<X>0</X>
				<Y>0.109999992</Y>
				<Z>0.659999847</Z>
				<Pitch>89.9999924</Pitch>
				<Roll>0</Roll>
				<Yaw>0</Yaw>
			</Attachment>
		</Attachment>
		<Attachment>
			<ModelHash>0x431fe24e</ModelHash>
			<Type>3</Type>
			<Dynamic>false</Dynamic>
			<FrozenPos>true</FrozenPos>
			<HashName>prop_speaker_06</HashName>
			<InitialHandle>569166</InitialHandle>
			<ObjectProperties>
				<TextureVariation>0</TextureVariation>
			</ObjectProperties>
			<OpacityLevel>255</OpacityLevel>
			<LodDistance>16960</LodDistance>
			<IsVisible>true</IsVisible>
			<MaxHealth>1000</MaxHealth>
			<Health>1000</Health>
			<HasGravity>true</HasGravity>
			<IsOnFire>false</IsOnFire>
			<IsInvincible>false</IsInvincible>
			<IsBulletProof>false</IsBulletProof>
			<IsCollisionProof>false</IsCollisionProof>
			<IsExplosionProof>false</IsExplosionProof>
			<IsFireProof>false</IsFireProof>
			<IsMeleeProof>false</IsMeleeProof>
			<IsOnlyDamagedByPlayer>false</IsOnlyDamagedByPlayer>
			<PositionRotation>
				<X>-1314.92969</X>
				<Y>114.792091</Y>
				<Z>56.8590889</Z>
				<Pitch>89.5256348</Pitch>
				<Roll>26.0379066</Roll>
				<Yaw>66.2655487</Yaw>
			</PositionRotation>
			<Attachment isAttached="true">
				<AttachedTo>471321</AttachedTo>
				<BoneIndex>0</BoneIndex>
				<X>0</X>
				<Y>0.109999992</Y>
				<Z>0.73999989</Z>
				<Pitch>89.9999924</Pitch>
				<Roll>0</Roll>
				<Yaw>0</Yaw>
			</Attachment>
		</Attachment>
		<Attachment>
			<ModelHash>0x431fe24e</ModelHash>
			<Type>3</Type>
			<Dynamic>false</Dynamic>
			<FrozenPos>true</FrozenPos>
			<HashName>prop_speaker_06</HashName>
			<InitialHandle>26700</InitialHandle>
			<ObjectProperties>
				<TextureVariation>0</TextureVariation>
			</ObjectProperties>
			<OpacityLevel>255</OpacityLevel>
			<LodDistance>16960</LodDistance>
			<IsVisible>true</IsVisible>
			<MaxHealth>1000</MaxHealth>
			<Health>1000</Health>
			<HasGravity>true</HasGravity>
			<IsOnFire>false</IsOnFire>
			<IsInvincible>false</IsInvincible>
			<IsBulletProof>false</IsBulletProof>
			<IsCollisionProof>false</IsCollisionProof>
			<IsExplosionProof>false</IsExplosionProof>
			<IsFireProof>false</IsFireProof>
			<IsMeleeProof>false</IsMeleeProof>
			<IsOnlyDamagedByPlayer>false</IsOnlyDamagedByPlayer>
			<PositionRotation>
				<X>-1314.51013</X>
				<Y>114.808975</Y>
				<Z>56.8622169</Z>
				<Pitch>89.5256348</Pitch>
				<Roll>26.0379066</Roll>
				<Yaw>66.2655487</Yaw>
			</PositionRotation>
			<Attachment isAttached="true">
				<AttachedTo>471321</AttachedTo>
				<BoneIndex>0</BoneIndex>
				<X>0</X>
				<Y>-0.309999973</Y>
				<Z>0.73999989</Z>
				<Pitch>89.9999924</Pitch>
				<Roll>0</Roll>
				<Yaw>0</Yaw>
			</Attachment>
		</Attachment>
		<Attachment>
			<ModelHash>0x431fe24e</ModelHash>
			<Type>3</Type>
			<Dynamic>false</Dynamic>
			<FrozenPos>true</FrozenPos>
			<HashName>prop_speaker_06</HashName>
			<InitialHandle>591696</InitialHandle>
			<ObjectProperties>
				<TextureVariation>0</TextureVariation>
			</ObjectProperties>
			<OpacityLevel>255</OpacityLevel>
			<LodDistance>16960</LodDistance>
			<IsVisible>true</IsVisible>
			<MaxHealth>1000</MaxHealth>
			<Health>1000</Health>
			<HasGravity>true</HasGravity>
			<IsOnFire>false</IsOnFire>
			<IsInvincible>false</IsInvincible>
			<IsBulletProof>false</IsBulletProof>
			<IsCollisionProof>false</IsCollisionProof>
			<IsExplosionProof>false</IsExplosionProof>
			<IsFireProof>false</IsFireProof>
			<IsMeleeProof>false</IsMeleeProof>
			<IsOnlyDamagedByPlayer>false</IsOnlyDamagedByPlayer>
			<PositionRotation>
				<X>-1314.50952</X>
				<Y>114.808708</Y>
				<Z>56.7822189</Z>
				<Pitch>89.5256348</Pitch>
				<Roll>26.0379066</Roll>
				<Yaw>66.2655487</Yaw>
			</PositionRotation>
			<Attachment isAttached="true">
				<AttachedTo>471321</AttachedTo>
				<BoneIndex>0</BoneIndex>
				<X>0</X>
				<Y>-0.309999973</Y>
				<Z>0.659999967</Z>
				<Pitch>89.9999924</Pitch>
				<Roll>0</Roll>
				<Yaw>0</Yaw>
			</Attachment>
		</Attachment>
		<Attachment>
			<ModelHash>0x19314199</ModelHash>
			<Type>3</Type>
			<Dynamic>false</Dynamic>
			<FrozenPos>true</FrozenPos>
			<HashName>w_mg_minigun</HashName>
			<InitialHandle>372313</InitialHandle>
			<ObjectProperties>
				<TextureVariation>0</TextureVariation>
			</ObjectProperties>
			<OpacityLevel>255</OpacityLevel>
			<LodDistance>16960</LodDistance>
			<IsVisible>true</IsVisible>
			<MaxHealth>1000</MaxHealth>
			<Health>1000</Health>
			<HasGravity>true</HasGravity>
			<IsOnFire>false</IsOnFire>
			<IsInvincible>false</IsInvincible>
			<IsBulletProof>false</IsBulletProof>
			<IsCollisionProof>false</IsCollisionProof>
			<IsExplosionProof>false</IsExplosionProof>
			<IsFireProof>false</IsFireProof>
			<IsMeleeProof>false</IsMeleeProof>
			<IsOnlyDamagedByPlayer>false</IsOnlyDamagedByPlayer>
			<PositionRotation>
				<X>-1316.12793</X>
				<Y>114.541969</Y>
				<Z>56.3687439</Z>
				<Pitch>-0.208487734</Pitch>
				<Roll>179.573303</Roll>
				<Yaw>2.30268478</Yaw>
			</PositionRotation>
			<Attachment isAttached="true">
				<AttachedTo>471321</AttachedTo>
				<BoneIndex>27</BoneIndex>
				<X>-0.199999988</X>
				<Y>-0.599999905</Y>
				<Z>0.299999982</Z>
				<Pitch>-179.999985</Pitch>
				<Roll>0</Roll>
				<Yaw>89.9999924</Yaw>
			</Attachment>
		</Attachment>
		<Attachment>
			<ModelHash>0x19314199</ModelHash>
			<Type>3</Type>
			<Dynamic>false</Dynamic>
			<FrozenPos>true</FrozenPos>
			<HashName>w_mg_minigun</HashName>
			<InitialHandle>323931</InitialHandle>
			<ObjectProperties>
				<TextureVariation>0</TextureVariation>
			</ObjectProperties>
			<OpacityLevel>255</OpacityLevel>
			<LodDistance>16960</LodDistance>
			<IsVisible>true</IsVisible>
			<MaxHealth>1000</MaxHealth>
			<Health>1000</Health>
			<HasGravity>true</HasGravity>
			<IsOnFire>false</IsOnFire>
			<IsInvincible>false</IsInvincible>
			<IsBulletProof>false</IsBulletProof>
			<IsCollisionProof>false</IsCollisionProof>
			<IsExplosionProof>false</IsExplosionProof>
			<IsFireProof>false</IsFireProof>
			<IsMeleeProof>false</IsMeleeProof>
			<IsOnlyDamagedByPlayer>false</IsOnlyDamagedByPlayer>
			<PositionRotation>
				<X>-1316.14392</X>
				<Y>114.941643</Y>
				<Z>56.3672867</Z>
				<Pitch>-0.208487734</Pitch>
				<Roll>179.573303</Roll>
				<Yaw>2.30268478</Yaw>
			</PositionRotation>
			<Attachment isAttached="true">
				<AttachedTo>471321</AttachedTo>
				<BoneIndex>27</BoneIndex>
				<X>0.199999988</X>
				<Y>-0.599999905</Y>
				<Z>0.299999982</Z>
				<Pitch>-179.999985</Pitch>
				<Roll>0</Roll>
				<Yaw>89.9999924</Yaw>
			</Attachment>
		</Attachment>
		<Attachment>
			<ModelHash>0x715c7e1f</ModelHash>
			<Type>3</Type>
			<Dynamic>false</Dynamic>
			<FrozenPos>true</FrozenPos>
			<HashName>w_lr_homing</HashName>
			<InitialHandle>499803</InitialHandle>
			<ObjectProperties>
				<TextureVariation>0</TextureVariation>
			</ObjectProperties>
			<OpacityLevel>255</OpacityLevel>
			<LodDistance>16960</LodDistance>
			<IsVisible>true</IsVisible>
			<MaxHealth>1000</MaxHealth>
			<Health>1000</Health>
			<HasGravity>true</HasGravity>
			<IsOnFire>false</IsOnFire>
			<IsInvincible>false</IsInvincible>
			<IsBulletProof>false</IsBulletProof>
			<IsCollisionProof>false</IsCollisionProof>
			<IsExplosionProof>false</IsExplosionProof>
			<IsFireProof>false</IsFireProof>
			<IsMeleeProof>false</IsMeleeProof>
			<IsOnlyDamagedByPlayer>false</IsOnlyDamagedByPlayer>
			<PositionRotation>
				<X>-1316.92017</X>
				<Y>114.398727</Y>
				<Z>56.013195</Z>
				<Pitch>0.208465323</Pitch>
				<Roll>0.426693469</Roll>
				<Yaw>-177.697327</Yaw>
			</PositionRotation>
			<Attachment isAttached="true">
				<AttachedTo>471321</AttachedTo>
				<BoneIndex>27</BoneIndex>
				<X>-0.309999973</X>
				<Y>0.200000018</Y>
				<Z>-0.049999997</Z>
				<Pitch>0</Pitch>
				<Roll>0</Roll>
				<Yaw>89.9999924</Yaw>
			</Attachment>
		</Attachment>
		<Attachment>
			<ModelHash>0x9026c985</ModelHash>
			<Type>3</Type>
			<Dynamic>false</Dynamic>
			<FrozenPos>true</FrozenPos>
			<HashName>w_ar_railgun</HashName>
			<InitialHandle>437598</InitialHandle>
			<ObjectProperties>
				<TextureVariation>0</TextureVariation>
			</ObjectProperties>
			<OpacityLevel>255</OpacityLevel>
			<LodDistance>16960</LodDistance>
			<IsVisible>true</IsVisible>
			<MaxHealth>1000</MaxHealth>
			<Health>1000</Health>
			<HasGravity>true</HasGravity>
			<IsOnFire>false</IsOnFire>
			<IsInvincible>false</IsInvincible>
			<IsBulletProof>false</IsBulletProof>
			<IsCollisionProof>false</IsCollisionProof>
			<IsExplosionProof>false</IsExplosionProof>
			<IsFireProof>false</IsFireProof>
			<IsMeleeProof>false</IsMeleeProof>
			<IsOnlyDamagedByPlayer>false</IsOnlyDamagedByPlayer>
			<PositionRotation>
				<X>-1316.73389</X>
				<Y>114.717018</Y>
				<Z>56.1635513</Z>
				<Pitch>0.208465323</Pitch>
				<Roll>0.426693469</Roll>
				<Yaw>-177.697327</Yaw>
			</PositionRotation>
			<Attachment isAttached="true">
				<AttachedTo>471321</AttachedTo>
				<BoneIndex>27</BoneIndex>
				<X>0</X>
				<Y>0</Y>
				<Z>0.099999994</Z>
				<Pitch>0</Pitch>
				<Roll>0</Roll>
				<Yaw>89.9999924</Yaw>
			</Attachment>
		</Attachment>
		<Attachment>
			<ModelHash>0x9026c985</ModelHash>
			<Type>3</Type>
			<Dynamic>false</Dynamic>
			<FrozenPos>true</FrozenPos>
			<HashName>w_ar_railgun</HashName>
			<InitialHandle>680543</InitialHandle>
			<ObjectProperties>
				<TextureVariation>0</TextureVariation>
			</ObjectProperties>
			<OpacityLevel>255</OpacityLevel>
			<LodDistance>16960</LodDistance>
			<IsVisible>true</IsVisible>
			<MaxHealth>1000</MaxHealth>
			<Health>1000</Health>
			<HasGravity>true</HasGravity>
			<IsOnFire>false</IsOnFire>
			<IsInvincible>false</IsInvincible>
			<IsBulletProof>false</IsBulletProof>
			<IsCollisionProof>false</IsCollisionProof>
			<IsExplosionProof>false</IsExplosionProof>
			<IsFireProof>false</IsFireProof>
			<IsMeleeProof>false</IsMeleeProof>
			<IsOnlyDamagedByPlayer>false</IsOnlyDamagedByPlayer>
			<PositionRotation>
				<X>-1313.92615</X>
				<Y>112.578773</Y>
				<Z>56.3540688</Z>
				<Pitch>89.5252151</Pitch>
				<Roll>-63.96064</Roll>
				<Yaw>66.2641068</Yaw>
			</PositionRotation>
			<Attachment isAttached="true">
				<AttachedTo>471321</AttachedTo>
				<BoneIndex>25</BoneIndex>
				<X>-2.25</X>
				<Y>-0.799999952</Y>
				<Z>0.219999939</Z>
				<Pitch>89.9999924</Pitch>
				<Roll>0</Roll>
				<Yaw>-89.9999924</Yaw>
			</Attachment>
		</Attachment>
		<Attachment>
			<ModelHash>0x9026c985</ModelHash>
			<Type>3</Type>
			<Dynamic>false</Dynamic>
			<FrozenPos>true</FrozenPos>
			<HashName>w_ar_railgun</HashName>
			<InitialHandle>240483</InitialHandle>
			<ObjectProperties>
				<TextureVariation>0</TextureVariation>
			</ObjectProperties>
			<OpacityLevel>255</OpacityLevel>
			<LodDistance>16960</LodDistance>
			<IsVisible>true</IsVisible>
			<MaxHealth>1000</MaxHealth>
			<Health>1000</Health>
			<HasGravity>true</HasGravity>
			<IsOnFire>false</IsOnFire>
			<IsInvincible>false</IsInvincible>
			<IsBulletProof>false</IsBulletProof>
			<IsCollisionProof>false</IsCollisionProof>
			<IsExplosionProof>false</IsExplosionProof>
			<IsFireProof>false</IsFireProof>
			<IsMeleeProof>false</IsMeleeProof>
			<IsOnlyDamagedByPlayer>false</IsOnlyDamagedByPlayer>
			<PositionRotation>
				<X>-1314.10693</X>
				<Y>117.075111</Y>
				<Z>56.3376961</Z>
				<Pitch>-89.5256348</Pitch>
				<Roll>-116.03804</Roll>
				<Yaw>-113.734566</Yaw>
			</PositionRotation>
			<Attachment isAttached="true">
				<AttachedTo>471321</AttachedTo>
				<BoneIndex>25</BoneIndex>
				<X>2.25000024</X>
				<Y>-0.799999952</Y>
				<Z>0.219999939</Z>
				<Pitch>-90</Pitch>
				<Roll>0</Roll>
				<Yaw>-89.9999924</Yaw>
			</Attachment>
		</Attachment>
		<Attachment>
			<ModelHash>0xc64ae8a2</ModelHash>
			<Type>3</Type>
			<Dynamic>false</Dynamic>
			<FrozenPos>true</FrozenPos>
			<HashName>prop_speaker_01</HashName>
			<InitialHandle>605023</InitialHandle>
			<ObjectProperties>
				<TextureVariation>0</TextureVariation>
			</ObjectProperties>
			<OpacityLevel>255</OpacityLevel>
			<LodDistance>16960</LodDistance>
			<IsVisible>true</IsVisible>
			<MaxHealth>1000</MaxHealth>
			<Health>1000</Health>
			<HasGravity>true</HasGravity>
			<IsOnFire>false</IsOnFire>
			<IsInvincible>false</IsInvincible>
			<IsBulletProof>false</IsBulletProof>
			<IsCollisionProof>false</IsCollisionProof>
			<IsExplosionProof>false</IsExplosionProof>
			<IsFireProof>false</IsFireProof>
			<IsMeleeProof>false</IsMeleeProof>
			<IsOnlyDamagedByPlayer>false</IsOnlyDamagedByPlayer>
			<PositionRotation>
				<X>-1314.0127</X>
				<Y>114.766357</Y>
				<Z>56.1561089</Z>
				<Pitch>0.42666775</Pitch>
				<Roll>89.7915192</Roll>
				<Yaw>-87.6957397</Yaw>
			</PositionRotation>
			<Attachment isAttached="true">
				<AttachedTo>471321</AttachedTo>
				<BoneIndex>0</BoneIndex>
				<X>-0.0599999353</X>
				<Y>-0.799999952</Y>
				<Z>0.0299999546</Z>
				<Pitch>-179.999985</Pitch>
				<Roll>-90</Roll>
				<Yaw>1.71661377e-05</Yaw>
			</Attachment>
		</Attachment>
		<Attachment>
			<ModelHash>0xc64ae8a2</ModelHash>
			<Type>3</Type>
			<Dynamic>false</Dynamic>
			<FrozenPos>true</FrozenPos>
			<HashName>prop_speaker_01</HashName>
			<InitialHandle>497764</InitialHandle>
			<ObjectProperties>
				<TextureVariation>0</TextureVariation>
			</ObjectProperties>
			<OpacityLevel>255</OpacityLevel>
			<LodDistance>16960</LodDistance>
			<IsVisible>true</IsVisible>
			<MaxHealth>1000</MaxHealth>
			<Health>1000</Health>
			<HasGravity>true</HasGravity>
			<IsOnFire>false</IsOnFire>
			<IsInvincible>false</IsInvincible>
			<IsBulletProof>false</IsBulletProof>
			<IsCollisionProof>false</IsCollisionProof>
			<IsExplosionProof>false</IsExplosionProof>
			<IsFireProof>false</IsFireProof>
			<IsMeleeProof>false</IsMeleeProof>
			<IsOnlyDamagedByPlayer>false</IsOnlyDamagedByPlayer>
			<PositionRotation>
				<X>-1314.01746</X>
				<Y>114.886261</Y>
				<Z>56.155674</Z>
				<Pitch>0.42666775</Pitch>
				<Roll>-90.2084579</Roll>
				<Yaw>-87.6957397</Yaw>
			</PositionRotation>
			<Attachment isAttached="true">
				<AttachedTo>471321</AttachedTo>
				<BoneIndex>0</BoneIndex>
				<X>0.0600000545</X>
				<Y>-0.799999952</Y>
				<Z>0.0299999546</Z>
				<Pitch>-179.999985</Pitch>
				<Roll>89.9999924</Roll>
				<Yaw>1.71661377e-05</Yaw>
			</Attachment>
		</Attachment>
		<Attachment>
			<ModelHash>0x0a22cea2</ModelHash>
			<Type>3</Type>
			<Dynamic>false</Dynamic>
			<FrozenPos>true</FrozenPos>
			<HashName>prop_cs_bowie_knife</HashName>
			<InitialHandle>182118</InitialHandle>
			<ObjectProperties>
				<TextureVariation>0</TextureVariation>
			</ObjectProperties>
			<OpacityLevel>255</OpacityLevel>
			<LodDistance>16960</LodDistance>
			<IsVisible>true</IsVisible>
			<MaxHealth>1000</MaxHealth>
			<Health>1000</Health>
			<HasGravity>true</HasGravity>
			<IsOnFire>false</IsOnFire>
			<IsInvincible>false</IsInvincible>
			<IsBulletProof>false</IsBulletProof>
			<IsCollisionProof>false</IsCollisionProof>
			<IsExplosionProof>false</IsExplosionProof>
			<IsFireProof>false</IsFireProof>
			<IsMeleeProof>false</IsMeleeProof>
			<IsOnlyDamagedByPlayer>false</IsOnlyDamagedByPlayer>
			<PositionRotation>
				<X>-1316.00073</X>
				<Y>113.972374</Y>
				<Z>55.8592949</Z>
				<Pitch>-78.9690552</Pitch>
				<Roll>-92.7786789</Roll>
				<Yaw>89.5807571</Yaw>
			</PositionRotation>
			<Attachment isAttached="true">
				<AttachedTo>471321</AttachedTo>
				<BoneIndex>12</BoneIndex>
				<X>-0.0400000066</X>
				<Y>0</Y>
				<Z>0</Z>
				<Pitch>0</Pitch>
				<Roll>-89.9999924</Roll>
				<Yaw>0</Yaw>
			</Attachment>
		</Attachment>
		<Attachment>
			<ModelHash>0x0a22cea2</ModelHash>
			<Type>3</Type>
			<Dynamic>false</Dynamic>
			<FrozenPos>true</FrozenPos>
			<HashName>prop_cs_bowie_knife</HashName>
			<InitialHandle>641384</InitialHandle>
			<ObjectProperties>
				<TextureVariation>0</TextureVariation>
			</ObjectProperties>
			<OpacityLevel>255</OpacityLevel>
			<LodDistance>16960</LodDistance>
			<IsVisible>true</IsVisible>
			<MaxHealth>1000</MaxHealth>
			<Health>1000</Health>
			<HasGravity>true</HasGravity>
			<IsOnFire>false</IsOnFire>
			<IsInvincible>false</IsInvincible>
			<IsBulletProof>false</IsBulletProof>
			<IsCollisionProof>false</IsCollisionProof>
			<IsExplosionProof>false</IsExplosionProof>
			<IsFireProof>false</IsFireProof>
			<IsMeleeProof>false</IsMeleeProof>
			<IsOnlyDamagedByPlayer>false</IsOnlyDamagedByPlayer>
			<PositionRotation>
				<X>-1313.56409</X>
				<Y>114.058617</Y>
				<Z>55.9303436</Z>
				<Pitch>-77.8422699</Pitch>
				<Roll>-86.1812592</Roll>
				<Yaw>96.0315628</Yaw>
			</PositionRotation>
			<Attachment isAttached="true">
				<AttachedTo>471321</AttachedTo>
				<BoneIndex>11</BoneIndex>
				<X>-0.0400000066</X>
				<Y>0</Y>
				<Z>0</Z>
				<Pitch>0</Pitch>
				<Roll>-89.9999924</Roll>
				<Yaw>0</Yaw>
			</Attachment>
		</Attachment>
		<Attachment>
			<ModelHash>0x0a22cea2</ModelHash>
			<Type>3</Type>
			<Dynamic>false</Dynamic>
			<FrozenPos>true</FrozenPos>
			<HashName>prop_cs_bowie_knife</HashName>
			<InitialHandle>596582</InitialHandle>
			<ObjectProperties>
				<TextureVariation>0</TextureVariation>
			</ObjectProperties>
			<OpacityLevel>255</OpacityLevel>
			<LodDistance>16960</LodDistance>
			<IsVisible>true</IsVisible>
			<MaxHealth>1000</MaxHealth>
			<Health>1000</Health>
			<HasGravity>true</HasGravity>
			<IsOnFire>false</IsOnFire>
			<IsInvincible>false</IsInvincible>
			<IsBulletProof>false</IsBulletProof>
			<IsCollisionProof>false</IsCollisionProof>
			<IsExplosionProof>false</IsExplosionProof>
			<IsFireProof>false</IsFireProof>
			<IsMeleeProof>false</IsMeleeProof>
			<IsOnlyDamagedByPlayer>false</IsOnlyDamagedByPlayer>
			<PositionRotation>
				<X>-1313.62683</X>
				<Y>115.625595</Y>
				<Z>55.8840027</Z>
				<Pitch>2.57531285</Pitch>
				<Roll>91.3098831</Roll>
				<Yaw>92.2356186</Yaw>
			</PositionRotation>
			<Attachment isAttached="true">
				<AttachedTo>471321</AttachedTo>
				<BoneIndex>10</BoneIndex>
				<X>-0.0400000066</X>
				<Y>0</Y>
				<Z>0</Z>
				<Pitch>0</Pitch>
				<Roll>-89.9999924</Roll>
				<Yaw>0</Yaw>
			</Attachment>
		</Attachment>
		<Attachment>
			<ModelHash>0x0a22cea2</ModelHash>
			<Type>3</Type>
			<Dynamic>false</Dynamic>
			<FrozenPos>true</FrozenPos>
			<HashName>prop_cs_bowie_knife</HashName>
			<InitialHandle>705641</InitialHandle>
			<ObjectProperties>
				<TextureVariation>0</TextureVariation>
			</ObjectProperties>
			<OpacityLevel>255</OpacityLevel>
			<LodDistance>16960</LodDistance>
			<IsVisible>true</IsVisible>
			<MaxHealth>1000</MaxHealth>
			<Health>1000</Health>
			<HasGravity>true</HasGravity>
			<IsOnFire>false</IsOnFire>
			<IsInvincible>false</IsInvincible>
			<IsBulletProof>false</IsBulletProof>
			<IsCollisionProof>false</IsCollisionProof>
			<IsExplosionProof>false</IsExplosionProof>
			<IsFireProof>false</IsFireProof>
			<IsMeleeProof>false</IsMeleeProof>
			<IsOnlyDamagedByPlayer>false</IsOnlyDamagedByPlayer>
			<PositionRotation>
				<X>-1316.06299</X>
				<Y>115.516098</Y>
				<Z>55.8821678</Z>
				<Pitch>-69.0760345</Pitch>
				<Roll>-89.3266678</Roll>
				<Yaw>-87.0650482</Yaw>
			</PositionRotation>
			<Attachment isAttached="true">
				<AttachedTo>471321</AttachedTo>
				<BoneIndex>9</BoneIndex>
				<X>-0.0400000066</X>
				<Y>0</Y>
				<Z>0</Z>
				<Pitch>0</Pitch>
				<Roll>-89.9999924</Roll>
				<Yaw>0</Yaw>
			</Attachment>
		</Attachment>
		<Attachment>
			<ModelHash>0xf668491c</ModelHash>
			<Type>3</Type>
			<Dynamic>false</Dynamic>
			<FrozenPos>true</FrozenPos>
			<HashName>hei_prop_hei_securitypanel</HashName>
			<InitialHandle>582508</InitialHandle>
			<ObjectProperties>
				<TextureVariation>0</TextureVariation>
			</ObjectProperties>
			<OpacityLevel>255</OpacityLevel>
			<LodDistance>16960</LodDistance>
			<IsVisible>true</IsVisible>
			<MaxHealth>1000</MaxHealth>
			<Health>1000</Health>
			<HasGravity>true</HasGravity>
			<IsOnFire>false</IsOnFire>
			<IsInvincible>false</IsInvincible>
			<IsBulletProof>false</IsBulletProof>
			<IsCollisionProof>false</IsCollisionProof>
			<IsExplosionProof>false</IsExplosionProof>
			<IsFireProof>false</IsFireProof>
			<IsMeleeProof>false</IsMeleeProof>
			<IsOnlyDamagedByPlayer>false</IsOnlyDamagedByPlayer>
			<PositionRotation>
				<X>-1314.88733</X>
				<Y>115.68</Y>
				<Z>55.99683</Z>
				<Pitch>0.208465546</Pitch>
				<Roll>0.42669338</Roll>
				<Yaw>-177.697296</Yaw>
			</PositionRotation>
			<Attachment isAttached="true">
				<AttachedTo>471321</AttachedTo>
				<BoneIndex>48</BoneIndex>
				<X>0.0700000077</X>
				<Y>-0.609999955</Y>
				<Z>-0.189999983</Z>
				<Pitch>0</Pitch>
				<Roll>0</Roll>
				<Yaw>90.0000153</Yaw>
			</Attachment>
		</Attachment>
		<Attachment>
			<ModelHash>0x4df92e8c</ModelHash>
			<Type>3</Type>
			<Dynamic>false</Dynamic>
			<FrozenPos>true</FrozenPos>
			<HashName>imp_prop_impexp_cargo_01</HashName>
			<InitialHandle>620654</InitialHandle>
			<ObjectProperties>
				<TextureVariation>0</TextureVariation>
			</ObjectProperties>
			<OpacityLevel>255</OpacityLevel>
			<LodDistance>16960</LodDistance>
			<IsVisible>true</IsVisible>
			<MaxHealth>1000</MaxHealth>
			<Health>1000</Health>
			<HasGravity>true</HasGravity>
			<IsOnFire>false</IsOnFire>
			<IsInvincible>false</IsInvincible>
			<IsBulletProof>false</IsBulletProof>
			<IsCollisionProof>false</IsCollisionProof>
			<IsExplosionProof>false</IsExplosionProof>
			<IsFireProof>false</IsFireProof>
			<IsMeleeProof>false</IsMeleeProof>
			<IsOnlyDamagedByPlayer>false</IsOnlyDamagedByPlayer>
			<PositionRotation>
				<X>-1313.45081</X>
				<Y>115.641289</Y>
				<Z>56.6074677</Z>
				<Pitch>89.5256348</Pitch>
				<Roll>26.0379066</Roll>
				<Yaw>66.2655487</Yaw>
			</PositionRotation>
			<Attachment isAttached="true">
				<AttachedTo>471321</AttachedTo>
				<BoneIndex>0</BoneIndex>
				<X>0.789999962</X>
				<Y>-1.4000001</Y>
				<Z>0.4799999</Z>
				<Pitch>89.9999924</Pitch>
				<Roll>0</Roll>
				<Yaw>0</Yaw>
			</Attachment>
		</Attachment>
		<Attachment>
			<ModelHash>0x19314199</ModelHash>
			<Type>3</Type>
			<Dynamic>false</Dynamic>
			<FrozenPos>true</FrozenPos>
			<HashName>w_mg_minigun</HashName>
			<InitialHandle>129396</InitialHandle>
			<ObjectProperties>
				<TextureVariation>0</TextureVariation>
			</ObjectProperties>
			<OpacityLevel>255</OpacityLevel>
			<LodDistance>16960</LodDistance>
			<IsVisible>true</IsVisible>
			<MaxHealth>1000</MaxHealth>
			<Health>1000</Health>
			<HasGravity>true</HasGravity>
			<IsOnFire>false</IsOnFire>
			<IsInvincible>false</IsInvincible>
			<IsBulletProof>false</IsBulletProof>
			<IsCollisionProof>false</IsCollisionProof>
			<IsExplosionProof>false</IsExplosionProof>
			<IsFireProof>false</IsFireProof>
			<IsMeleeProof>false</IsMeleeProof>
			<IsOnlyDamagedByPlayer>false</IsOnlyDamagedByPlayer>
			<PositionRotation>
				<X>-1314.19446</X>
				<Y>112.817451</Y>
				<Z>56.1512299</Z>
				<Pitch>0.208482489</Pitch>
				<Roll>0.426693469</Roll>
				<Yaw>-177.697327</Yaw>
			</PositionRotation>
			<Attachment isAttached="true">
				<AttachedTo>471321</AttachedTo>
				<BoneIndex>25</BoneIndex>
				<X>-2.00000024</X>
				<Y>-0.539999962</Y>
				<Z>0.020000007</Z>
				<Pitch>1.71661377e-05</Pitch>
				<Roll>0</Roll>
				<Yaw>89.9999924</Yaw>
			</Attachment>
		</Attachment>
		<Attachment>
			<ModelHash>0x19314199</ModelHash>
			<Type>3</Type>
			<Dynamic>false</Dynamic>
			<FrozenPos>true</FrozenPos>
			<HashName>w_mg_minigun</HashName>
			<InitialHandle>567922</InitialHandle>
			<ObjectProperties>
				<TextureVariation>0</TextureVariation>
			</ObjectProperties>
			<OpacityLevel>255</OpacityLevel>
			<LodDistance>16960</LodDistance>
			<IsVisible>true</IsVisible>
			<MaxHealth>1000</MaxHealth>
			<Health>1000</Health>
			<HasGravity>true</HasGravity>
			<IsOnFire>false</IsOnFire>
			<IsInvincible>false</IsInvincible>
			<IsBulletProof>false</IsBulletProof>
			<IsCollisionProof>false</IsCollisionProof>
			<IsExplosionProof>false</IsExplosionProof>
			<IsFireProof>false</IsFireProof>
			<IsMeleeProof>false</IsMeleeProof>
			<IsOnlyDamagedByPlayer>false</IsOnlyDamagedByPlayer>
			<PositionRotation>
				<X>-1314.35522</X>
				<Y>116.814194</Y>
				<Z>56.1366768</Z>
				<Pitch>0.208482489</Pitch>
				<Roll>0.426693469</Roll>
				<Yaw>-177.697327</Yaw>
			</PositionRotation>
			<Attachment isAttached="true">
				<AttachedTo>471321</AttachedTo>
				<BoneIndex>25</BoneIndex>
				<X>1.99999952</X>
				<Y>-0.539999962</Y>
				<Z>0.020000007</Z>
				<Pitch>1.71661377e-05</Pitch>
				<Roll>0</Roll>
				<Yaw>89.9999924</Yaw>
			</Attachment>
		</Attachment>
		<Attachment>
			<ModelHash>0xbbad749e</ModelHash>
			<Type>3</Type>
			<Dynamic>false</Dynamic>
			<FrozenPos>true</FrozenPos>
			<HashName>w_lr_homing_rocket</HashName>
			<InitialHandle>718198</InitialHandle>
			<ObjectProperties>
				<TextureVariation>0</TextureVariation>
			</ObjectProperties>
			<OpacityLevel>255</OpacityLevel>
			<LodDistance>16960</LodDistance>
			<IsVisible>true</IsVisible>
			<MaxHealth>1000</MaxHealth>
			<Health>1000</Health>
			<HasGravity>true</HasGravity>
			<IsOnFire>false</IsOnFire>
			<IsInvincible>false</IsInvincible>
			<IsBulletProof>false</IsBulletProof>
			<IsCollisionProof>false</IsCollisionProof>
			<IsExplosionProof>false</IsExplosionProof>
			<IsFireProof>false</IsFireProof>
			<IsMeleeProof>false</IsMeleeProof>
			<IsOnlyDamagedByPlayer>false</IsOnlyDamagedByPlayer>
			<PositionRotation>
				<X>-1314.48242</X>
				<Y>113.506462</Y>
				<Z>56.1567497</Z>
				<Pitch>-0.426690668</Pitch>
				<Roll>0.208471209</Roll>
				<Yaw>92.3042374</Yaw>
			</PositionRotation>
			<Attachment isAttached="true">
				<AttachedTo>471321</AttachedTo>
				<BoneIndex>0</BoneIndex>
				<X>-1.29999971</X>
				<Y>-0.279999971</Y>
				<Z>0.0299999993</Z>
				<Pitch>0</Pitch>
				<Roll>0</Roll>
				<Yaw>0</Yaw>
			</Attachment>
		</Attachment>
		<Attachment>
			<ModelHash>0xbbad749e</ModelHash>
			<Type>3</Type>
			<Dynamic>false</Dynamic>
			<FrozenPos>true</FrozenPos>
			<HashName>w_lr_homing_rocket</HashName>
			<InitialHandle>719733</InitialHandle>
			<ObjectProperties>
				<TextureVariation>0</TextureVariation>
			</ObjectProperties>
			<OpacityLevel>255</OpacityLevel>
			<LodDistance>16960</LodDistance>
			<IsVisible>true</IsVisible>
			<MaxHealth>1000</MaxHealth>
			<Health>1000</Health>
			<HasGravity>true</HasGravity>
			<IsOnFire>false</IsOnFire>
			<IsInvincible>false</IsInvincible>
			<IsBulletProof>false</IsBulletProof>
			<IsCollisionProof>false</IsCollisionProof>
			<IsExplosionProof>false</IsExplosionProof>
			<IsFireProof>false</IsFireProof>
			<IsMeleeProof>false</IsMeleeProof>
			<IsOnlyDamagedByPlayer>false</IsOnlyDamagedByPlayer>
			<PositionRotation>
				<X>-1314.47314</X>
				<Y>113.276649</Y>
				<Z>56.1575851</Z>
				<Pitch>-0.426690668</Pitch>
				<Roll>0.208471209</Roll>
				<Yaw>92.3042374</Yaw>
			</PositionRotation>
			<Attachment isAttached="true">
				<AttachedTo>471321</AttachedTo>
				<BoneIndex>0</BoneIndex>
				<X>-1.52999949</X>
				<Y>-0.279999971</Y>
				<Z>0.0299999993</Z>
				<Pitch>0</Pitch>
				<Roll>0</Roll>
				<Yaw>0</Yaw>
			</Attachment>
		</Attachment>
		<Attachment>
			<ModelHash>0xbbad749e</ModelHash>
			<Type>3</Type>
			<Dynamic>false</Dynamic>
			<FrozenPos>true</FrozenPos>
			<HashName>w_lr_homing_rocket</HashName>
			<InitialHandle>253045</InitialHandle>
			<ObjectProperties>
				<TextureVariation>0</TextureVariation>
			</ObjectProperties>
			<OpacityLevel>255</OpacityLevel>
			<LodDistance>16960</LodDistance>
			<IsVisible>true</IsVisible>
			<MaxHealth>1000</MaxHealth>
			<Health>1000</Health>
			<HasGravity>true</HasGravity>
			<IsOnFire>false</IsOnFire>
			<IsInvincible>false</IsInvincible>
			<IsBulletProof>false</IsBulletProof>
			<IsCollisionProof>false</IsCollisionProof>
			<IsExplosionProof>false</IsExplosionProof>
			<IsFireProof>false</IsFireProof>
			<IsMeleeProof>false</IsMeleeProof>
			<IsOnlyDamagedByPlayer>false</IsOnlyDamagedByPlayer>
			<PositionRotation>
				<X>-1314.4635</X>
				<Y>113.036842</Y>
				<Z>56.1584587</Z>
				<Pitch>-0.426690668</Pitch>
				<Roll>0.208471209</Roll>
				<Yaw>92.3042374</Yaw>
			</PositionRotation>
			<Attachment isAttached="true">
				<AttachedTo>471321</AttachedTo>
				<BoneIndex>0</BoneIndex>
				<X>-1.76999927</X>
				<Y>-0.279999971</Y>
				<Z>0.0299999993</Z>
				<Pitch>0</Pitch>
				<Roll>0</Roll>
				<Yaw>0</Yaw>
			</Attachment>
		</Attachment>
		<Attachment>
			<ModelHash>0xbbad749e</ModelHash>
			<Type>3</Type>
			<Dynamic>false</Dynamic>
			<FrozenPos>true</FrozenPos>
			<HashName>w_lr_homing_rocket</HashName>
			<InitialHandle>479857</InitialHandle>
			<ObjectProperties>
				<TextureVariation>0</TextureVariation>
			</ObjectProperties>
			<OpacityLevel>255</OpacityLevel>
			<LodDistance>16960</LodDistance>
			<IsVisible>true</IsVisible>
			<MaxHealth>1000</MaxHealth>
			<Health>1000</Health>
			<HasGravity>true</HasGravity>
			<IsOnFire>false</IsOnFire>
			<IsInvincible>false</IsInvincible>
			<IsBulletProof>false</IsBulletProof>
			<IsCollisionProof>false</IsCollisionProof>
			<IsExplosionProof>false</IsExplosionProof>
			<IsFireProof>false</IsFireProof>
			<IsMeleeProof>false</IsMeleeProof>
			<IsOnlyDamagedByPlayer>false</IsOnlyDamagedByPlayer>
			<PositionRotation>
				<X>-1314.578</X>
				<Y>115.884521</Y>
				<Z>56.1480904</Z>
				<Pitch>-0.426690668</Pitch>
				<Roll>0.208471209</Roll>
				<Yaw>92.3042374</Yaw>
			</PositionRotation>
			<Attachment isAttached="true">
				<AttachedTo>471321</AttachedTo>
				<BoneIndex>0</BoneIndex>
				<X>1.08000064</X>
				<Y>-0.279999971</Y>
				<Z>0.0299999993</Z>
				<Pitch>0</Pitch>
				<Roll>0</Roll>
				<Yaw>0</Yaw>
			</Attachment>
		</Attachment>
		<Attachment>
			<ModelHash>0xbbad749e</ModelHash>
			<Type>3</Type>
			<Dynamic>false</Dynamic>
			<FrozenPos>true</FrozenPos>
			<HashName>w_lr_homing_rocket</HashName>
			<InitialHandle>655222</InitialHandle>
			<ObjectProperties>
				<TextureVariation>0</TextureVariation>
			</ObjectProperties>
			<OpacityLevel>255</OpacityLevel>
			<LodDistance>16960</LodDistance>
			<IsVisible>true</IsVisible>
			<MaxHealth>1000</MaxHealth>
			<Health>1000</Health>
			<HasGravity>true</HasGravity>
			<IsOnFire>false</IsOnFire>
			<IsInvincible>false</IsInvincible>
			<IsBulletProof>false</IsBulletProof>
			<IsCollisionProof>false</IsCollisionProof>
			<IsExplosionProof>false</IsExplosionProof>
			<IsFireProof>false</IsFireProof>
			<IsMeleeProof>false</IsMeleeProof>
			<IsOnlyDamagedByPlayer>false</IsOnlyDamagedByPlayer>
			<PositionRotation>
				<X>-1314.58728</X>
				<Y>116.114334</Y>
				<Z>56.1472511</Z>
				<Pitch>-0.426690668</Pitch>
				<Roll>0.208471209</Roll>
				<Yaw>92.3042374</Yaw>
			</PositionRotation>
			<Attachment isAttached="true">
				<AttachedTo>471321</AttachedTo>
				<BoneIndex>0</BoneIndex>
				<X>1.31000042</X>
				<Y>-0.279999971</Y>
				<Z>0.0299999993</Z>
				<Pitch>0</Pitch>
				<Roll>0</Roll>
				<Yaw>0</Yaw>
			</Attachment>
		</Attachment>
		<Attachment>
			<ModelHash>0xbbad749e</ModelHash>
			<Type>3</Type>
			<Dynamic>false</Dynamic>
			<FrozenPos>true</FrozenPos>
			<HashName>w_lr_homing_rocket</HashName>
			<InitialHandle>223864</InitialHandle>
			<ObjectProperties>
				<TextureVariation>0</TextureVariation>
			</ObjectProperties>
			<OpacityLevel>255</OpacityLevel>
			<LodDistance>16960</LodDistance>
			<IsVisible>true</IsVisible>
			<MaxHealth>1000</MaxHealth>
			<Health>1000</Health>
			<HasGravity>true</HasGravity>
			<IsOnFire>false</IsOnFire>
			<IsInvincible>false</IsInvincible>
			<IsBulletProof>false</IsBulletProof>
			<IsCollisionProof>false</IsCollisionProof>
			<IsExplosionProof>false</IsExplosionProof>
			<IsFireProof>false</IsFireProof>
			<IsMeleeProof>false</IsMeleeProof>
			<IsOnlyDamagedByPlayer>false</IsOnlyDamagedByPlayer>
			<PositionRotation>
				<X>-1314.59656</X>
				<Y>116.344147</Y>
				<Z>56.1464157</Z>
				<Pitch>-0.426690668</Pitch>
				<Roll>0.208471209</Roll>
				<Yaw>92.3042374</Yaw>
			</PositionRotation>
			<Attachment isAttached="true">
				<AttachedTo>471321</AttachedTo>
				<BoneIndex>0</BoneIndex>
				<X>1.5400002</X>
				<Y>-0.279999971</Y>
				<Z>0.0299999993</Z>
				<Pitch>0</Pitch>
				<Roll>0</Roll>
				<Yaw>0</Yaw>
			</Attachment>
		</Attachment>
		<Attachment>
			<ModelHash>0xbbad749e</ModelHash>
			<Type>3</Type>
			<Dynamic>false</Dynamic>
			<FrozenPos>true</FrozenPos>
			<HashName>w_lr_homing_rocket</HashName>
			<InitialHandle>212854</InitialHandle>
			<ObjectProperties>
				<TextureVariation>0</TextureVariation>
			</ObjectProperties>
			<OpacityLevel>255</OpacityLevel>
			<LodDistance>16960</LodDistance>
			<IsVisible>true</IsVisible>
			<MaxHealth>1000</MaxHealth>
			<Health>1000</Health>
			<HasGravity>true</HasGravity>
			<IsOnFire>false</IsOnFire>
			<IsInvincible>false</IsInvincible>
			<IsBulletProof>false</IsBulletProof>
			<IsCollisionProof>false</IsCollisionProof>
			<IsExplosionProof>false</IsExplosionProof>
			<IsFireProof>false</IsFireProof>
			<IsMeleeProof>false</IsMeleeProof>
			<IsOnlyDamagedByPlayer>false</IsOnlyDamagedByPlayer>
			<PositionRotation>
				<X>-1314.60583</X>
				<Y>116.573959</Y>
				<Z>56.1455765</Z>
				<Pitch>-0.426690668</Pitch>
				<Roll>0.208471209</Roll>
				<Yaw>92.3042374</Yaw>
			</PositionRotation>
			<Attachment isAttached="true">
				<AttachedTo>471321</AttachedTo>
				<BoneIndex>0</BoneIndex>
				<X>1.76999998</X>
				<Y>-0.279999971</Y>
				<Z>0.0299999993</Z>
				<Pitch>0</Pitch>
				<Roll>0</Roll>
				<Yaw>0</Yaw>
			</Attachment>
		</Attachment>
		<Attachment>
			<ModelHash>0xc6998ce7</ModelHash>
			<Type>3</Type>
			<Dynamic>false</Dynamic>
			<FrozenPos>true</FrozenPos>
			<HashName>v_res_pcwoofer</HashName>
			<InitialHandle>277620</InitialHandle>
			<ObjectProperties>
				<TextureVariation>0</TextureVariation>
			</ObjectProperties>
			<OpacityLevel>255</OpacityLevel>
			<LodDistance>16960</LodDistance>
			<IsVisible>true</IsVisible>
			<MaxHealth>1000</MaxHealth>
			<Health>1000</Health>
			<HasGravity>true</HasGravity>
			<IsOnFire>false</IsOnFire>
			<IsInvincible>false</IsInvincible>
			<IsBulletProof>false</IsBulletProof>
			<IsCollisionProof>false</IsCollisionProof>
			<IsExplosionProof>false</IsExplosionProof>
			<IsFireProof>false</IsFireProof>
			<IsMeleeProof>false</IsMeleeProof>
			<IsOnlyDamagedByPlayer>false</IsOnlyDamagedByPlayer>
			<PositionRotation>
				<X>-1313.94971</X>
				<Y>113.178055</Y>
				<Z>56.2818909</Z>
				<Pitch>-0.426690668</Pitch>
				<Roll>0.208471209</Roll>
				<Yaw>92.3042374</Yaw>
			</PositionRotation>
			<Attachment isAttached="true">
				<AttachedTo>471321</AttachedTo>
				<BoneIndex>0</BoneIndex>
				<X>-1.65000021</X>
				<Y>-0.799999952</Y>
				<Z>0.150000006</Z>
				<Pitch>0</Pitch>
				<Roll>0</Roll>
				<Yaw>0</Yaw>
			</Attachment>
		</Attachment>
		<Attachment>
			<ModelHash>0xc6998ce7</ModelHash>
			<Type>3</Type>
			<Dynamic>false</Dynamic>
			<FrozenPos>true</FrozenPos>
			<HashName>v_res_pcwoofer</HashName>
			<InitialHandle>719224</InitialHandle>
			<ObjectProperties>
				<TextureVariation>0</TextureVariation>
			</ObjectProperties>
			<OpacityLevel>255</OpacityLevel>
			<LodDistance>16960</LodDistance>
			<IsVisible>true</IsVisible>
			<MaxHealth>1000</MaxHealth>
			<Health>1000</Health>
			<HasGravity>true</HasGravity>
			<IsOnFire>false</IsOnFire>
			<IsInvincible>false</IsInvincible>
			<IsBulletProof>false</IsBulletProof>
			<IsCollisionProof>false</IsCollisionProof>
			<IsExplosionProof>false</IsExplosionProof>
			<IsFireProof>false</IsFireProof>
			<IsMeleeProof>false</IsMeleeProof>
			<IsOnlyDamagedByPlayer>false</IsOnlyDamagedByPlayer>
			<PositionRotation>
				<X>-1313.96375</X>
				<Y>113.527763</Y>
				<Z>56.2806168</Z>
				<Pitch>-0.426690668</Pitch>
				<Roll>0.208471209</Roll>
				<Yaw>92.3042374</Yaw>
			</PositionRotation>
			<Attachment isAttached="true">
				<AttachedTo>471321</AttachedTo>
				<BoneIndex>0</BoneIndex>
				<X>-1.30000091</X>
				<Y>-0.799999952</Y>
				<Z>0.150000006</Z>
				<Pitch>0</Pitch>
				<Roll>0</Roll>
				<Yaw>0</Yaw>
			</Attachment>
		</Attachment>
		<Attachment>
			<ModelHash>0xc6998ce7</ModelHash>
			<Type>3</Type>
			<Dynamic>false</Dynamic>
			<FrozenPos>true</FrozenPos>
			<HashName>v_res_pcwoofer</HashName>
			<InitialHandle>524400</InitialHandle>
			<ObjectProperties>
				<TextureVariation>0</TextureVariation>
			</ObjectProperties>
			<OpacityLevel>255</OpacityLevel>
			<LodDistance>16960</LodDistance>
			<IsVisible>true</IsVisible>
			<MaxHealth>1000</MaxHealth>
			<Health>1000</Health>
			<HasGravity>true</HasGravity>
			<IsOnFire>false</IsOnFire>
			<IsInvincible>false</IsInvincible>
			<IsBulletProof>false</IsBulletProof>
			<IsCollisionProof>false</IsCollisionProof>
			<IsExplosionProof>false</IsExplosionProof>
			<IsFireProof>false</IsFireProof>
			<IsMeleeProof>false</IsMeleeProof>
			<IsOnlyDamagedByPlayer>false</IsOnlyDamagedByPlayer>
			<PositionRotation>
				<X>-1313.97791</X>
				<Y>113.87748</Y>
				<Z>56.2793427</Z>
				<Pitch>-0.426690668</Pitch>
				<Roll>0.208471209</Roll>
				<Yaw>92.3042374</Yaw>
			</PositionRotation>
			<Attachment isAttached="true">
				<AttachedTo>471321</AttachedTo>
				<BoneIndex>0</BoneIndex>
				<X>-0.95000124</X>
				<Y>-0.799999952</Y>
				<Z>0.150000006</Z>
				<Pitch>0</Pitch>
				<Roll>0</Roll>
				<Yaw>0</Yaw>
			</Attachment>
		</Attachment>
		<Attachment>
			<ModelHash>0xc6998ce7</ModelHash>
			<Type>3</Type>
			<Dynamic>false</Dynamic>
			<FrozenPos>true</FrozenPos>
			<HashName>v_res_pcwoofer</HashName>
			<InitialHandle>183673</InitialHandle>
			<ObjectProperties>
				<TextureVariation>0</TextureVariation>
			</ObjectProperties>
			<OpacityLevel>255</OpacityLevel>
			<LodDistance>16960</LodDistance>
			<IsVisible>true</IsVisible>
			<MaxHealth>1000</MaxHealth>
			<Health>1000</Health>
			<HasGravity>true</HasGravity>
			<IsOnFire>false</IsOnFire>
			<IsInvincible>false</IsInvincible>
			<IsBulletProof>false</IsBulletProof>
			<IsCollisionProof>false</IsCollisionProof>
			<IsExplosionProof>false</IsExplosionProof>
			<IsFireProof>false</IsFireProof>
			<IsMeleeProof>false</IsMeleeProof>
			<IsOnlyDamagedByPlayer>false</IsOnlyDamagedByPlayer>
			<PositionRotation>
				<X>-1314.0542</X>
				<Y>115.775932</Y>
				<Z>56.2724304</Z>
				<Pitch>-0.426690668</Pitch>
				<Roll>0.208471209</Roll>
				<Yaw>92.3042374</Yaw>
			</PositionRotation>
			<Attachment isAttached="true">
				<AttachedTo>471321</AttachedTo>
				<BoneIndex>0</BoneIndex>
				<X>0.949998856</X>
				<Y>-0.799999952</Y>
				<Z>0.150000006</Z>
				<Pitch>0</Pitch>
				<Roll>0</Roll>
				<Yaw>0</Yaw>
			</Attachment>
		</Attachment>
		<Attachment>
			<ModelHash>0xc6998ce7</ModelHash>
			<Type>3</Type>
			<Dynamic>false</Dynamic>
			<FrozenPos>true</FrozenPos>
			<HashName>v_res_pcwoofer</HashName>
			<InitialHandle>204921</InitialHandle>
			<ObjectProperties>
				<TextureVariation>0</TextureVariation>
			</ObjectProperties>
			<OpacityLevel>255</OpacityLevel>
			<LodDistance>16960</LodDistance>
			<IsVisible>true</IsVisible>
			<MaxHealth>1000</MaxHealth>
			<Health>1000</Health>
			<HasGravity>true</HasGravity>
			<IsOnFire>false</IsOnFire>
			<IsInvincible>false</IsInvincible>
			<IsBulletProof>false</IsBulletProof>
			<IsCollisionProof>false</IsCollisionProof>
			<IsExplosionProof>false</IsExplosionProof>
			<IsFireProof>false</IsFireProof>
			<IsMeleeProof>false</IsMeleeProof>
			<IsOnlyDamagedByPlayer>false</IsOnlyDamagedByPlayer>
			<PositionRotation>
				<X>-1314.06824</X>
				<Y>116.125648</Y>
				<Z>56.2711563</Z>
				<Pitch>-0.426690668</Pitch>
				<Roll>0.208471209</Roll>
				<Yaw>92.3042374</Yaw>
			</PositionRotation>
			<Attachment isAttached="true">
				<AttachedTo>471321</AttachedTo>
				<BoneIndex>0</BoneIndex>
				<X>1.29999888</X>
				<Y>-0.799999952</Y>
				<Z>0.150000006</Z>
				<Pitch>0</Pitch>
				<Roll>0</Roll>
				<Yaw>0</Yaw>
			</Attachment>
		</Attachment>
		<Attachment>
			<ModelHash>0xc6998ce7</ModelHash>
			<Type>3</Type>
			<Dynamic>false</Dynamic>
			<FrozenPos>true</FrozenPos>
			<HashName>v_res_pcwoofer</HashName>
			<InitialHandle>60025</InitialHandle>
			<ObjectProperties>
				<TextureVariation>0</TextureVariation>
			</ObjectProperties>
			<OpacityLevel>255</OpacityLevel>
			<LodDistance>16960</LodDistance>
			<IsVisible>true</IsVisible>
			<MaxHealth>1000</MaxHealth>
			<Health>1000</Health>
			<HasGravity>true</HasGravity>
			<IsOnFire>false</IsOnFire>
			<IsInvincible>false</IsInvincible>
			<IsBulletProof>false</IsBulletProof>
			<IsCollisionProof>false</IsCollisionProof>
			<IsExplosionProof>false</IsExplosionProof>
			<IsFireProof>false</IsFireProof>
			<IsMeleeProof>false</IsMeleeProof>
			<IsOnlyDamagedByPlayer>false</IsOnlyDamagedByPlayer>
			<PositionRotation>
				<X>-1314.08228</X>
				<Y>116.475365</Y>
				<Z>56.2698822</Z>
				<Pitch>-0.426690668</Pitch>
				<Roll>0.208471209</Roll>
				<Yaw>92.3042374</Yaw>
			</PositionRotation>
			<Attachment isAttached="true">
				<AttachedTo>471321</AttachedTo>
				<BoneIndex>0</BoneIndex>
				<X>1.64999855</X>
				<Y>-0.799999952</Y>
				<Z>0.150000006</Z>
				<Pitch>0</Pitch>
				<Roll>0</Roll>
				<Yaw>0</Yaw>
			</Attachment>
		</Attachment>
		<Attachment>
			<ModelHash>0xc6998ce7</ModelHash>
			<Type>3</Type>
			<Dynamic>false</Dynamic>
			<FrozenPos>true</FrozenPos>
			<HashName>v_res_pcwoofer</HashName>
			<InitialHandle>779898</InitialHandle>
			<ObjectProperties>
				<TextureVariation>0</TextureVariation>
			</ObjectProperties>
			<OpacityLevel>255</OpacityLevel>
			<LodDistance>16960</LodDistance>
			<IsVisible>true</IsVisible>
			<MaxHealth>1000</MaxHealth>
			<Health>1000</Health>
			<HasGravity>true</HasGravity>
			<IsOnFire>false</IsOnFire>
			<IsInvincible>false</IsInvincible>
			<IsBulletProof>false</IsBulletProof>
			<IsCollisionProof>false</IsCollisionProof>
			<IsExplosionProof>false</IsExplosionProof>
			<IsFireProof>false</IsFireProof>
			<IsMeleeProof>false</IsMeleeProof>
			<IsOnlyDamagedByPlayer>false</IsOnlyDamagedByPlayer>
			<PositionRotation>
				<X>-1314.09631</X>
				<Y>116.825081</Y>
				<Z>56.2686081</Z>
				<Pitch>-0.426690668</Pitch>
				<Roll>0.208471209</Roll>
				<Yaw>92.3042374</Yaw>
			</PositionRotation>
			<Attachment isAttached="true">
				<AttachedTo>471321</AttachedTo>
				<BoneIndex>0</BoneIndex>
				<X>1.99999833</X>
				<Y>-0.799999952</Y>
				<Z>0.150000006</Z>
				<Pitch>0</Pitch>
				<Roll>0</Roll>
				<Yaw>0</Yaw>
			</Attachment>
		</Attachment>
		<Attachment>
			<ModelHash>0xf1223843</ModelHash>
			<Type>3</Type>
			<Dynamic>false</Dynamic>
			<FrozenPos>true</FrozenPos>
			<HashName>ex_prop_adv_case</HashName>
			<InitialHandle>127355</InitialHandle>
			<ObjectProperties>
				<TextureVariation>0</TextureVariation>
			</ObjectProperties>
			<OpacityLevel>255</OpacityLevel>
			<LodDistance>16960</LodDistance>
			<IsVisible>true</IsVisible>
			<MaxHealth>1000</MaxHealth>
			<Health>1000</Health>
			<HasGravity>true</HasGravity>
			<IsOnFire>false</IsOnFire>
			<IsInvincible>false</IsInvincible>
			<IsBulletProof>false</IsBulletProof>
			<IsCollisionProof>false</IsCollisionProof>
			<IsExplosionProof>false</IsExplosionProof>
			<IsFireProof>false</IsFireProof>
			<IsMeleeProof>false</IsMeleeProof>
			<IsOnlyDamagedByPlayer>false</IsOnlyDamagedByPlayer>
			<PositionRotation>
				<X>-1313.79382</X>
				<Y>114.19677</Y>
				<Z>56.7296906</Z>
				<Pitch>-0.208465546</Pitch>
				<Roll>-0.42669338</Roll>
				<Yaw>2.30269861</Yaw>
			</PositionRotation>
			<Attachment isAttached="true">
				<AttachedTo>471321</AttachedTo>
				<BoneIndex>0</BoneIndex>
				<X>-0.639999926</X>
				<Y>-1</Y>
				<Z>0.599999905</Z>
				<Pitch>0</Pitch>
				<Roll>0</Roll>
				<Yaw>-89.9999924</Yaw>
			</Attachment>
		</Attachment>
		<Attachment>
			<ModelHash>0xf1223843</ModelHash>
			<Type>3</Type>
			<Dynamic>false</Dynamic>
			<FrozenPos>true</FrozenPos>
			<HashName>ex_prop_adv_case</HashName>
			<InitialHandle>345975</InitialHandle>
			<ObjectProperties>
				<TextureVariation>0</TextureVariation>
			</ObjectProperties>
			<OpacityLevel>255</OpacityLevel>
			<LodDistance>16960</LodDistance>
			<IsVisible>true</IsVisible>
			<MaxHealth>1000</MaxHealth>
			<Health>1000</Health>
			<HasGravity>true</HasGravity>
			<IsOnFire>false</IsOnFire>
			<IsInvincible>false</IsInvincible>
			<IsBulletProof>false</IsBulletProof>
			<IsCollisionProof>false</IsCollisionProof>
			<IsExplosionProof>false</IsExplosionProof>
			<IsFireProof>false</IsFireProof>
			<IsMeleeProof>false</IsMeleeProof>
			<IsOnlyDamagedByPlayer>false</IsOnlyDamagedByPlayer>
			<PositionRotation>
				<X>-1313.84534</X>
				<Y>115.475731</Y>
				<Z>56.7250328</Z>
				<Pitch>0.208465546</Pitch>
				<Roll>0.42669338</Roll>
				<Yaw>-177.697296</Yaw>
			</PositionRotation>
			<Attachment isAttached="true">
				<AttachedTo>471321</AttachedTo>
				<BoneIndex>0</BoneIndex>
				<X>0.640000105</X>
				<Y>-1</Y>
				<Z>0.599999905</Z>
				<Pitch>0</Pitch>
				<Roll>0</Roll>
				<Yaw>90.0000153</Yaw>
			</Attachment>
		</Attachment>
		<Attachment>
			<ModelHash>0x3794acc9</ModelHash>
			<Type>3</Type>
			<Dynamic>false</Dynamic>
			<FrozenPos>true</FrozenPos>
			<HashName>hei_prop_heist_emp</HashName>
			<InitialHandle>572283</InitialHandle>
			<ObjectProperties>
				<TextureVariation>0</TextureVariation>
			</ObjectProperties>
			<OpacityLevel>255</OpacityLevel>
			<LodDistance>16960</LodDistance>
			<IsVisible>true</IsVisible>
			<MaxHealth>1000</MaxHealth>
			<Health>1000</Health>
			<HasGravity>true</HasGravity>
			<IsOnFire>false</IsOnFire>
			<IsInvincible>false</IsInvincible>
			<IsBulletProof>false</IsBulletProof>
			<IsCollisionProof>false</IsCollisionProof>
			<IsExplosionProof>false</IsExplosionProof>
			<IsFireProof>false</IsFireProof>
			<IsMeleeProof>false</IsMeleeProof>
			<IsOnlyDamagedByPlayer>false</IsOnlyDamagedByPlayer>
			<PositionRotation>
				<X>-1313.69531</X>
				<Y>114.142509</Y>
				<Z>57.2306366</Z>
				<Pitch>-0.426690668</Pitch>
				<Roll>0.208471209</Roll>
				<Yaw>92.3042374</Yaw>
			</PositionRotation>
			<Attachment isAttached="true">
				<AttachedTo>471321</AttachedTo>
				<BoneIndex>0</BoneIndex>
				<X>-0.699999928</X>
				<Y>-1.10000002</Y>
				<Z>1.10000002</Z>
				<Pitch>0</Pitch>
				<Roll>0</Roll>
				<Yaw>0</Yaw>
			</Attachment>
		</Attachment>
		<Attachment>
			<ModelHash>0x3794acc9</ModelHash>
			<Type>3</Type>
			<Dynamic>false</Dynamic>
			<FrozenPos>true</FrozenPos>
			<HashName>hei_prop_heist_emp</HashName>
			<InitialHandle>353658</InitialHandle>
			<ObjectProperties>
				<TextureVariation>0</TextureVariation>
			</ObjectProperties>
			<OpacityLevel>255</OpacityLevel>
			<LodDistance>16960</LodDistance>
			<IsVisible>true</IsVisible>
			<MaxHealth>1000</MaxHealth>
			<Health>1000</Health>
			<HasGravity>true</HasGravity>
			<IsOnFire>false</IsOnFire>
			<IsInvincible>false</IsInvincible>
			<IsBulletProof>false</IsBulletProof>
			<IsCollisionProof>false</IsCollisionProof>
			<IsExplosionProof>false</IsExplosionProof>
			<IsFireProof>false</IsFireProof>
			<IsMeleeProof>false</IsMeleeProof>
			<IsOnlyDamagedByPlayer>false</IsOnlyDamagedByPlayer>
			<PositionRotation>
				<X>-1313.75159</X>
				<Y>115.541367</Y>
				<Z>57.2255402</Z>
				<Pitch>-0.426690668</Pitch>
				<Roll>0.208471209</Roll>
				<Yaw>92.3042374</Yaw>
			</PositionRotation>
			<Attachment isAttached="true">
				<AttachedTo>471321</AttachedTo>
				<BoneIndex>0</BoneIndex>
				<X>0.700000048</X>
				<Y>-1.10000002</Y>
				<Z>1.10000002</Z>
				<Pitch>0</Pitch>
				<Roll>0</Roll>
				<Yaw>0</Yaw>
			</Attachment>
		</Attachment>
		<Attachment>
			<ModelHash>0x5d9377d3</ModelHash>
			<Type>3</Type>
			<Dynamic>false</Dynamic>
			<FrozenPos>true</FrozenPos>
			<HashName>p_s_scuba_tank_s</HashName>
			<InitialHandle>652158</InitialHandle>
			<ObjectProperties>
				<TextureVariation>0</TextureVariation>
			</ObjectProperties>
			<OpacityLevel>255</OpacityLevel>
			<LodDistance>16960</LodDistance>
			<IsVisible>true</IsVisible>
			<MaxHealth>1000</MaxHealth>
			<Health>1000</Health>
			<HasGravity>true</HasGravity>
			<IsOnFire>false</IsOnFire>
			<IsInvincible>false</IsInvincible>
			<IsBulletProof>false</IsBulletProof>
			<IsCollisionProof>false</IsCollisionProof>
			<IsExplosionProof>false</IsExplosionProof>
			<IsFireProof>false</IsFireProof>
			<IsMeleeProof>false</IsMeleeProof>
			<IsOnlyDamagedByPlayer>false</IsOnlyDamagedByPlayer>
			<PositionRotation>
				<X>-1313.03235</X>
				<Y>115.168167</Y>
				<Z>56.7322273</Z>
				<Pitch>0.208438188</Pitch>
				<Roll>90.4266891</Roll>
				<Yaw>-177.697296</Yaw>
			</PositionRotation>
			<Attachment isAttached="true">
				<AttachedTo>471321</AttachedTo>
				<BoneIndex>0</BoneIndex>
				<X>0.299999982</X>
				<Y>-1.80000019</Y>
				<Z>0.599999905</Z>
				<Pitch>-179.999985</Pitch>
				<Roll>-89.9999924</Roll>
				<Yaw>-89.9999924</Yaw>
			</Attachment>
		</Attachment>
		<Attachment>
			<ModelHash>0x42e61f5c</ModelHash>
			<Type>3</Type>
			<Dynamic>false</Dynamic>
			<FrozenPos>true</FrozenPos>
			<HashName>imp_prop_adv_hdsec</HashName>
			<InitialHandle>348161</InitialHandle>
			<ObjectProperties>
				<TextureVariation>0</TextureVariation>
			</ObjectProperties>
			<OpacityLevel>255</OpacityLevel>
			<LodDistance>16960</LodDistance>
			<IsVisible>true</IsVisible>
			<MaxHealth>1000</MaxHealth>
			<Health>1000</Health>
			<HasGravity>true</HasGravity>
			<IsOnFire>false</IsOnFire>
			<IsInvincible>false</IsInvincible>
			<IsBulletProof>false</IsBulletProof>
			<IsCollisionProof>false</IsCollisionProof>
			<IsExplosionProof>false</IsExplosionProof>
			<IsFireProof>false</IsFireProof>
			<IsMeleeProof>false</IsMeleeProof>
			<IsOnlyDamagedByPlayer>false</IsOnlyDamagedByPlayer>
			<PositionRotation>
				<X>-1313.39783</X>
				<Y>114.155571</Y>
				<Z>57.5328598</Z>
				<Pitch>-0.208465546</Pitch>
				<Roll>-0.42669338</Roll>
				<Yaw>2.30269861</Yaw>
			</PositionRotation>
			<Attachment isAttached="true">
				<AttachedTo>471321</AttachedTo>
				<BoneIndex>0</BoneIndex>
				<X>-0.699999928</X>
				<Y>-1.4000001</Y>
				<Z>1.4000001</Z>
				<Pitch>0</Pitch>
				<Roll>0</Roll>
				<Yaw>-89.9999924</Yaw>
			</Attachment>
		</Attachment>
		<Attachment>
			<ModelHash>0x42e61f5c</ModelHash>
			<Type>3</Type>
			<Dynamic>false</Dynamic>
			<FrozenPos>true</FrozenPos>
			<HashName>imp_prop_adv_hdsec</HashName>
			<InitialHandle>444417</InitialHandle>
			<ObjectProperties>
				<TextureVariation>0</TextureVariation>
			</ObjectProperties>
			<OpacityLevel>255</OpacityLevel>
			<LodDistance>16960</LodDistance>
			<IsVisible>true</IsVisible>
			<MaxHealth>1000</MaxHealth>
			<Health>1000</Health>
			<HasGravity>true</HasGravity>
			<IsOnFire>false</IsOnFire>
			<IsInvincible>false</IsInvincible>
			<IsBulletProof>false</IsBulletProof>
			<IsCollisionProof>false</IsCollisionProof>
			<IsExplosionProof>false</IsExplosionProof>
			<IsFireProof>false</IsFireProof>
			<IsMeleeProof>false</IsMeleeProof>
			<IsOnlyDamagedByPlayer>false</IsOnlyDamagedByPlayer>
			<PositionRotation>
				<X>-1313.4541</X>
				<Y>115.554436</Y>
				<Z>57.5277634</Z>
				<Pitch>-0.208465546</Pitch>
				<Roll>-0.42669338</Roll>
				<Yaw>2.30269861</Yaw>
			</PositionRotation>
			<Attachment isAttached="true">
				<AttachedTo>471321</AttachedTo>
				<BoneIndex>0</BoneIndex>
				<X>0.700000048</X>
				<Y>-1.4000001</Y>
				<Z>1.4000001</Z>
				<Pitch>0</Pitch>
				<Roll>0</Roll>
				<Yaw>-89.9999924</Yaw>
			</Attachment>
		</Attachment>
		<Attachment>
			<ModelHash>0xa4e7e0a7</ModelHash>
			<Type>3</Type>
			<Dynamic>false</Dynamic>
			<FrozenPos>true</FrozenPos>
			<HashName>prop_el_guitar_01</HashName>
			<InitialHandle>603004</InitialHandle>
			<ObjectProperties>
				<TextureVariation>0</TextureVariation>
			</ObjectProperties>
			<OpacityLevel>255</OpacityLevel>
			<LodDistance>16960</LodDistance>
			<IsVisible>true</IsVisible>
			<MaxHealth>1000</MaxHealth>
			<Health>1000</Health>
			<HasGravity>true</HasGravity>
			<IsOnFire>false</IsOnFire>
			<IsInvincible>false</IsInvincible>
			<IsBulletProof>false</IsBulletProof>
			<IsCollisionProof>false</IsCollisionProof>
			<IsExplosionProof>false</IsExplosionProof>
			<IsFireProof>false</IsFireProof>
			<IsMeleeProof>false</IsMeleeProof>
			<IsOnlyDamagedByPlayer>false</IsOnlyDamagedByPlayer>
			<PositionRotation>
				<X>-1313.95593</X>
				<Y>115.535332</Y>
				<Z>57.8240318</Z>
				<Pitch>-0.426690668</Pitch>
				<Roll>0.208471209</Roll>
				<Yaw>92.3042374</Yaw>
			</PositionRotation>
			<Attachment isAttached="true">
				<AttachedTo>471321</AttachedTo>
				<BoneIndex>0</BoneIndex>
				<X>0.700000048</X>
				<Y>-0.899999976</Y>
				<Z>1.70000017</Z>
				<Pitch>0</Pitch>
				<Roll>0</Roll>
				<Yaw>0</Yaw>
			</Attachment>
		</Attachment>
		<Attachment>
			<ModelHash>0x42e61f5c</ModelHash>
			<Type>3</Type>
			<Dynamic>false</Dynamic>
			<FrozenPos>true</FrozenPos>
			<HashName>imp_prop_adv_hdsec</HashName>
			<InitialHandle>19713</InitialHandle>
			<ObjectProperties>
				<TextureVariation>0</TextureVariation>
			</ObjectProperties>
			<OpacityLevel>255</OpacityLevel>
			<LodDistance>16960</LodDistance>
			<IsVisible>true</IsVisible>
			<MaxHealth>1000</MaxHealth>
			<Health>1000</Health>
			<HasGravity>true</HasGravity>
			<IsOnFire>false</IsOnFire>
			<IsInvincible>false</IsInvincible>
			<IsBulletProof>false</IsBulletProof>
			<IsCollisionProof>false</IsCollisionProof>
			<IsExplosionProof>false</IsExplosionProof>
			<IsFireProof>false</IsFireProof>
			<IsMeleeProof>false</IsMeleeProof>
			<IsOnlyDamagedByPlayer>false</IsOnlyDamagedByPlayer>
			<PositionRotation>
				<X>-1313.71521</X>
				<Y>114.843079</Y>
				<Z>57.4481544</Z>
				<Pitch>-0.208465546</Pitch>
				<Roll>-0.42669338</Roll>
				<Yaw>2.30269861</Yaw>
			</PositionRotation>
			<Attachment isAttached="true">
				<AttachedTo>471321</AttachedTo>
				<BoneIndex>0</BoneIndex>
				<X>0</X>
				<Y>-1.11000001</Y>
				<Z>1.32000005</Z>
				<Pitch>0</Pitch>
				<Roll>0</Roll>
				<Yaw>-89.9999924</Yaw>
			</Attachment>
		</Attachment>
	</SpoonerAttachments>
</Vehicle>
