<?xml version="1.0" encoding="ISO-8859-1"?>
<Vehicle menyoo_ver="0.9998746b">
	<ModelHash>0xa0438767</ModelHash>
	<InitialHandle>406274</InitialHandle>
	<VehicleProperties>
		<Colours>
			<Primary>0</Primary>
			<Secondary>140</Secondary>
			<Pearl>4</Pearl>
			<Rim>140</Rim>
			<Mod1_a>6</Mod1_a>
			<Mod1_b>-1</Mod1_b>
			<Mod1_c>-1</Mod1_c>
			<Mod2_a>6</Mod2_a>
			<Mod2_b>-1</Mod2_b>
			<IsPrimaryColourCustom>false</IsPrimaryColourCustom>
			<IsSecondaryColourCustom>false</IsSecondaryColourCustom>
			<tyreSmoke_R>3</tyreSmoke_R>
			<tyreSmoke_G>155</tyreSmoke_G>
			<tyreSmoke_B>209</tyreSmoke_B>
			<LrInterior>156</LrInterior>
			<LrDashboard>0</LrDashboard>
		</Colours>
		<Livery>-1</Livery>
		<NumberPlateText> SUMIT  </NumberPlateText>
		<NumberPlateIndex>2</NumberPlateIndex>
		<WheelType>0</WheelType>
		<WheelsInvisible>false</WheelsInvisible>
		<EngineSoundName></EngineSoundName>
		<WindowTint>-1</WindowTint>
		<BulletProofTyres>true</BulletProofTyres>
		<DirtLevel>0.0207584333</DirtLevel>
		<PaintFade>0.298039228</PaintFade>
		<RoofState>0</RoofState>
		<SirenActive>false</SirenActive>
		<EngineOn>true</EngineOn>
		<EngineHealth>2000</EngineHealth>
		<LightsOn>true</LightsOn>
		<IsRadioLoud>0</IsRadioLoud>
		<LockStatus>1</LockStatus>
		<Neons>
			<Left>false</Left>
			<Right>false</Right>
			<Front>false</Front>
			<Back>false</Back>
			<R>255</R>
			<G>0</G>
			<B>255</B>
		</Neons>
		<ModExtras />
		<Mods>
			<_0>-1,0</_0>
			<_1>0,0</_1>
			<_2>-1,0</_2>
			<_3>2,0</_3>
			<_4>-1,0</_4>
			<_5>1,0</_5>
			<_6>-1,0</_6>
			<_7>-1,0</_7>
			<_8>1,0</_8>
			<_9>-1,0</_9>
			<_10>3,0</_10>
			<_11>3,0</_11>
			<_12>2,0</_12>
			<_13>2,0</_13>
			<_14>11,0</_14>
			<_15>-1,0</_15>
			<_16>4,0</_16>
			<_17>false</_17>
			<_18>true</_18>
			<_19>false</_19>
			<_20>true</_20>
			<_21>false</_21>
			<_22>true</_22>
			<_23>-1,0</_23>
			<_24>-1,0</_24>
			<_25>-1,0</_25>
			<_26>-1,0</_26>
			<_27>-1,0</_27>
			<_28>-1,0</_28>
			<_29>-1,0</_29>
			<_30>-1,0</_30>
			<_31>-1,0</_31>
			<_32>-1,0</_32>
			<_33>-1,0</_33>
			<_34>-1,0</_34>
			<_35>-1,0</_35>
			<_36>-1,0</_36>
			<_37>-1,0</_37>
			<_38>-1,0</_38>
			<_39>-1,0</_39>
			<_40>-1,0</_40>
			<_41>-1,0</_41>
			<_42>-1,0</_42>
			<_43>-1,0</_43>
			<_44>-1,0</_44>
			<_45>-1,0</_45>
			<_46>-1,0</_46>
			<_47>-1,0</_47>
			<_48>-1,0</_48>
		</Mods>
		<DoorsOpen>
			<BackLeftDoor>false</BackLeftDoor>
			<BackRightDoor>false</BackRightDoor>
			<FrontLeftDoor>false</FrontLeftDoor>
			<FrontRightDoor>false</FrontRightDoor>
			<Hood>false</Hood>
			<Trunk>false</Trunk>
			<Trunk2>false</Trunk2>
		</DoorsOpen>
		<DoorsBroken>
			<BackLeftDoor>false</BackLeftDoor>
			<BackRightDoor>false</BackRightDoor>
			<FrontLeftDoor>false</FrontLeftDoor>
			<FrontRightDoor>false</FrontRightDoor>
			<Hood>false</Hood>
			<Trunk>false</Trunk>
			<Trunk2>false</Trunk2>
		</DoorsBroken>
		<TyresBursted>
			<FrontLeft>false</FrontLeft>
			<FrontRight>false</FrontRight>
			<_2>false</_2>
			<_3>false</_3>
			<BackLeft>false</BackLeft>
			<BackRight>false</BackRight>
			<_6>false</_6>
			<_7>false</_7>
			<_8>false</_8>
		</TyresBursted>
		<RpmMultiplier>1</RpmMultiplier>
		<TorqueMultiplier>1</TorqueMultiplier>
		<HeadlightIntensity>1</HeadlightIntensity>
	</VehicleProperties>
	<OpacityLevel>255</OpacityLevel>
	<LodDistance>500</LodDistance>
	<IsVisible>true</IsVisible>
	<IsDriverVisible>true</IsDriverVisible>
	<MaxHealth>1000</MaxHealth>
	<Health>1000</Health>
	<HasGravity>true</HasGravity>
	<IsOnFire>false</IsOnFire>
	<IsInvincible>true</IsInvincible>
	<IsBulletProof>true</IsBulletProof>
	<IsExplosionProof>true</IsExplosionProof>
	<IsFireProof>false</IsFireProof>
	<IsMeleeProof>true</IsMeleeProof>
	<IsOnlyDamagedByPlayer>false</IsOnlyDamagedByPlayer>
	<SpoonerAttachments SetAttachmentsPersistentAndAddToSpoonerDatabase="false" StartTaskSequencesOnLoad="true">
		<Attachment>
			<ModelHash>0xeaff06a2</ModelHash>
			<Type>3</Type>
			<Dynamic>false</Dynamic>
			<FrozenPos>true</FrozenPos>
			<HashName>ex_prop_exec_award_plastic</HashName>
			<InitialHandle>742148</InitialHandle>
			<ObjectProperties>
				<TextureVariation>0</TextureVariation>
			</ObjectProperties>
			<OpacityLevel>255</OpacityLevel>
			<LodDistance>16960</LodDistance>
			<IsVisible>true</IsVisible>
			<MaxHealth>1000</MaxHealth>
			<Health>1000</Health>
			<HasGravity>true</HasGravity>
			<IsOnFire>false</IsOnFire>
			<IsInvincible>false</IsInvincible>
			<IsBulletProof>false</IsBulletProof>
			<IsCollisionProof>false</IsCollisionProof>
			<IsExplosionProof>false</IsExplosionProof>
			<IsFireProof>false</IsFireProof>
			<IsMeleeProof>false</IsMeleeProof>
			<IsOnlyDamagedByPlayer>false</IsOnlyDamagedByPlayer>
			<PositionRotation>
				<X>-33.5862808</X>
				<Y>467.274506</Y>
				<Z>148.879089</Z>
				<Pitch>-0.943359733</Pitch>
				<Roll>-14.9971733</Roll>
				<Yaw>76.0970764</Yaw>
			</PositionRotation>
			<Attachment isAttached="true">
				<AttachedTo>406274</AttachedTo>
				<BoneIndex>0</BoneIndex>
				<X>0</X>
				<Y>-0.899999976</Y>
				<Z>-0.399999976</Z>
				<Pitch>0</Pitch>
				<Roll>0</Roll>
				<Yaw>0</Yaw>
			</Attachment>
		</Attachment>
		<Attachment>
			<ModelHash>0x04b8a489</ModelHash>
			<Type>3</Type>
			<Dynamic>false</Dynamic>
			<FrozenPos>true</FrozenPos>
			<HashName>hei_prop_hei_bank_mon</HashName>
			<InitialHandle>371461</InitialHandle>
			<ObjectProperties>
				<TextureVariation>0</TextureVariation>
			</ObjectProperties>
			<OpacityLevel>255</OpacityLevel>
			<LodDistance>16960</LodDistance>
			<IsVisible>true</IsVisible>
			<MaxHealth>1000</MaxHealth>
			<Health>1000</Health>
			<HasGravity>true</HasGravity>
			<IsOnFire>false</IsOnFire>
			<IsInvincible>false</IsInvincible>
			<IsBulletProof>false</IsBulletProof>
			<IsCollisionProof>false</IsCollisionProof>
			<IsExplosionProof>false</IsExplosionProof>
			<IsFireProof>false</IsFireProof>
			<IsMeleeProof>false</IsMeleeProof>
			<IsOnlyDamagedByPlayer>false</IsOnlyDamagedByPlayer>
			<PositionRotation>
				<X>-33.7590065</X>
				<Y>467.024017</Y>
				<Z>149.940002</Z>
				<Pitch>0.943353951</Pitch>
				<Roll>14.9971752</Roll>
				<Yaw>-103.902939</Yaw>
			</PositionRotation>
			<Attachment isAttached="true">
				<AttachedTo>406274</AttachedTo>
				<BoneIndex>0</BoneIndex>
				<X>0</X>
				<Y>-0.810000181</Y>
				<Z>0.700000107</Z>
				<Pitch>0</Pitch>
				<Roll>0</Roll>
				<Yaw>179.999985</Yaw>
			</Attachment>
		</Attachment>
		<Attachment>
			<ModelHash>0x3ddd4ad6</ModelHash>
			<Type>3</Type>
			<Dynamic>false</Dynamic>
			<FrozenPos>true</FrozenPos>
			<HashName>hei_prop_hei_security_case</HashName>
			<InitialHandle>482309</InitialHandle>
			<ObjectProperties>
				<TextureVariation>0</TextureVariation>
			</ObjectProperties>
			<OpacityLevel>255</OpacityLevel>
			<LodDistance>16960</LodDistance>
			<IsVisible>true</IsVisible>
			<MaxHealth>1000</MaxHealth>
			<Health>1000</Health>
			<HasGravity>true</HasGravity>
			<IsOnFire>false</IsOnFire>
			<IsInvincible>false</IsInvincible>
			<IsBulletProof>false</IsBulletProof>
			<IsCollisionProof>false</IsCollisionProof>
			<IsExplosionProof>false</IsExplosionProof>
			<IsFireProof>false</IsFireProof>
			<IsMeleeProof>false</IsMeleeProof>
			<IsOnlyDamagedByPlayer>false</IsOnlyDamagedByPlayer>
			<PositionRotation>
				<X>-33.6286316</X>
				<Y>467.557739</Y>
				<Z>149.43486</Z>
				<Pitch>14.9950953</Pitch>
				<Roll>-0.976618469</Roll>
				<Yaw>-13.6502094</Yaw>
			</PositionRotation>
			<Attachment isAttached="true">
				<AttachedTo>406274</AttachedTo>
				<BoneIndex>0</BoneIndex>
				<X>0.400000066</X>
				<Y>-0.800000072</Y>
				<Z>0.0700000077</Z>
				<Pitch>0</Pitch>
				<Roll>0</Roll>
				<Yaw>-90.0000076</Yaw>
			</Attachment>
		</Attachment>
		<Attachment>
			<ModelHash>0x42e61f5c</ModelHash>
			<Type>3</Type>
			<Dynamic>false</Dynamic>
			<FrozenPos>true</FrozenPos>
			<HashName>imp_prop_adv_hdsec</HashName>
			<InitialHandle>56326</InitialHandle>
			<ObjectProperties>
				<TextureVariation>0</TextureVariation>
			</ObjectProperties>
			<OpacityLevel>255</OpacityLevel>
			<LodDistance>16960</LodDistance>
			<IsVisible>true</IsVisible>
			<MaxHealth>1000</MaxHealth>
			<Health>1000</Health>
			<HasGravity>true</HasGravity>
			<IsOnFire>false</IsOnFire>
			<IsInvincible>false</IsInvincible>
			<IsBulletProof>false</IsBulletProof>
			<IsCollisionProof>false</IsCollisionProof>
			<IsExplosionProof>false</IsExplosionProof>
			<IsFireProof>false</IsFireProof>
			<IsMeleeProof>false</IsMeleeProof>
			<IsOnlyDamagedByPlayer>false</IsOnlyDamagedByPlayer>
			<PositionRotation>
				<X>-33.7949944</X>
				<Y>466.870544</Y>
				<Z>149.214432</Z>
				<Pitch>-74.9738998</Pitch>
				<Roll>-3.64095259</Roll>
				<Yaw>-17.4196968</Yaw>
			</PositionRotation>
			<Attachment isAttached="true">
				<AttachedTo>406274</AttachedTo>
				<BoneIndex>0</BoneIndex>
				<X>-0.340000004</X>
				<Y>-0.800000072</Y>
				<Z>0.0399999954</Z>
				<Pitch>-90.0000153</Pitch>
				<Roll>0</Roll>
				<Yaw>-90</Yaw>
			</Attachment>
		</Attachment>
		<Attachment>
			<ModelHash>0x4df92e8c</ModelHash>
			<Type>3</Type>
			<Dynamic>false</Dynamic>
			<FrozenPos>true</FrozenPos>
			<HashName>imp_prop_impexp_cargo_01</HashName>
			<InitialHandle>32774</InitialHandle>
			<ObjectProperties>
				<TextureVariation>0</TextureVariation>
			</ObjectProperties>
			<OpacityLevel>255</OpacityLevel>
			<LodDistance>16960</LodDistance>
			<IsVisible>true</IsVisible>
			<MaxHealth>1000</MaxHealth>
			<Health>1000</Health>
			<HasGravity>true</HasGravity>
			<IsOnFire>false</IsOnFire>
			<IsInvincible>false</IsInvincible>
			<IsBulletProof>false</IsBulletProof>
			<IsCollisionProof>false</IsCollisionProof>
			<IsExplosionProof>false</IsExplosionProof>
			<IsFireProof>false</IsFireProof>
			<IsMeleeProof>false</IsMeleeProof>
			<IsOnlyDamagedByPlayer>false</IsOnlyDamagedByPlayer>
			<PositionRotation>
				<X>-33.9251785</X>
				<Y>467.161133</Y>
				<Z>149.58902</Z>
				<Pitch>74.973877</Pitch>
				<Roll>-86.3590393</Roll>
				<Yaw>162.580292</Yaw>
			</PositionRotation>
			<Attachment isAttached="true">
				<AttachedTo>406274</AttachedTo>
				<BoneIndex>0</BoneIndex>
				<X>0</X>
				<Y>-0.610000074</Y>
				<Z>0.340000123</Z>
				<Pitch>90.0000076</Pitch>
				<Roll>0</Roll>
				<Yaw>0</Yaw>
			</Attachment>
		</Attachment>
		<Attachment>
			<ModelHash>0x19314199</ModelHash>
			<Type>3</Type>
			<Dynamic>false</Dynamic>
			<FrozenPos>true</FrozenPos>
			<HashName>w_mg_minigun</HashName>
			<InitialHandle>124681</InitialHandle>
			<ObjectProperties>
				<TextureVariation>0</TextureVariation>
			</ObjectProperties>
			<OpacityLevel>255</OpacityLevel>
			<LodDistance>16960</LodDistance>
			<IsVisible>true</IsVisible>
			<MaxHealth>1000</MaxHealth>
			<Health>1000</Health>
			<HasGravity>true</HasGravity>
			<IsOnFire>false</IsOnFire>
			<IsInvincible>false</IsInvincible>
			<IsBulletProof>false</IsBulletProof>
			<IsCollisionProof>false</IsCollisionProof>
			<IsExplosionProof>false</IsExplosionProof>
			<IsFireProof>false</IsFireProof>
			<IsMeleeProof>false</IsMeleeProof>
			<IsOnlyDamagedByPlayer>false</IsOnlyDamagedByPlayer>
			<PositionRotation>
				<X>-34.9916496</X>
				<Y>467.462433</Y>
				<Z>149.435532</Z>
				<Pitch>4.9964757</Pitch>
				<Roll>179.053024</Roll>
				<Yaw>-13.8204432</Yaw>
			</PositionRotation>
			<Attachment isAttached="true">
				<AttachedTo>406274</AttachedTo>
				<BoneIndex>0</BoneIndex>
				<X>-5.96046448e-08</X>
				<Y>0.499999911</Y>
				<Z>0.199999988</Z>
				<Pitch>-169.999985</Pitch>
				<Roll>0</Roll>
				<Yaw>89.9999924</Yaw>
			</Attachment>
		</Attachment>
		<Attachment>
			<ModelHash>0x42e61f5c</ModelHash>
			<Type>3</Type>
			<Dynamic>false</Dynamic>
			<FrozenPos>true</FrozenPos>
			<HashName>imp_prop_adv_hdsec</HashName>
			<InitialHandle>109331</InitialHandle>
			<ObjectProperties>
				<TextureVariation>0</TextureVariation>
			</ObjectProperties>
			<OpacityLevel>255</OpacityLevel>
			<LodDistance>16960</LodDistance>
			<IsVisible>true</IsVisible>
			<MaxHealth>1000</MaxHealth>
			<Health>1000</Health>
			<HasGravity>true</HasGravity>
			<IsOnFire>false</IsOnFire>
			<IsInvincible>false</IsInvincible>
			<IsBulletProof>false</IsBulletProof>
			<IsCollisionProof>false</IsCollisionProof>
			<IsExplosionProof>false</IsExplosionProof>
			<IsFireProof>false</IsFireProof>
			<IsMeleeProof>false</IsMeleeProof>
			<IsOnlyDamagedByPlayer>false</IsOnlyDamagedByPlayer>
			<PositionRotation>
				<X>-33.6376534</X>
				<Y>467.516266</Y>
				<Z>149.361389</Z>
				<Pitch>74.9738922</Pitch>
				<Roll>-176.359009</Roll>
				<Yaw>162.580261</Yaw>
			</PositionRotation>
			<Attachment isAttached="true">
				<AttachedTo>406274</AttachedTo>
				<BoneIndex>0</BoneIndex>
				<X>0.340000153</X>
				<Y>-0.800000072</Y>
				<Z>0.00999999046</Z>
				<Pitch>89.9999847</Pitch>
				<Roll>0</Roll>
				<Yaw>-90</Yaw>
			</Attachment>
		</Attachment>
		<Attachment>
			<ModelHash>0x3ddd4ad6</ModelHash>
			<Type>3</Type>
			<Dynamic>false</Dynamic>
			<FrozenPos>true</FrozenPos>
			<HashName>hei_prop_hei_security_case</HashName>
			<InitialHandle>73505</InitialHandle>
			<ObjectProperties>
				<TextureVariation>0</TextureVariation>
			</ObjectProperties>
			<OpacityLevel>255</OpacityLevel>
			<LodDistance>16960</LodDistance>
			<IsVisible>true</IsVisible>
			<MaxHealth>1000</MaxHealth>
			<Health>1000</Health>
			<HasGravity>true</HasGravity>
			<IsOnFire>false</IsOnFire>
			<IsInvincible>false</IsInvincible>
			<IsBulletProof>false</IsBulletProof>
			<IsCollisionProof>false</IsCollisionProof>
			<IsExplosionProof>false</IsExplosionProof>
			<IsFireProof>false</IsFireProof>
			<IsMeleeProof>false</IsMeleeProof>
			<IsOnlyDamagedByPlayer>false</IsOnlyDamagedByPlayer>
			<PositionRotation>
				<X>-33.8133278</X>
				<Y>466.799377</Y>
				<Z>149.256851</Z>
				<Pitch>-14.9950953</Pitch>
				<Roll>0.976613045</Roll>
				<Yaw>166.349747</Yaw>
			</PositionRotation>
			<Attachment isAttached="true">
				<AttachedTo>406274</AttachedTo>
				<BoneIndex>0</BoneIndex>
				<X>-0.400000095</X>
				<Y>-0.800000072</Y>
				<Z>0.100000024</Z>
				<Pitch>0</Pitch>
				<Roll>0</Roll>
				<Yaw>89.9999847</Yaw>
			</Attachment>
		</Attachment>
		<Attachment>
			<ModelHash>0xd3edbc71</ModelHash>
			<Type>3</Type>
			<Dynamic>false</Dynamic>
			<FrozenPos>true</FrozenPos>
			<HashName>w_mg_combatmg</HashName>
			<InitialHandle>644132</InitialHandle>
			<ObjectProperties>
				<TextureVariation>0</TextureVariation>
			</ObjectProperties>
			<OpacityLevel>255</OpacityLevel>
			<LodDistance>16960</LodDistance>
			<IsVisible>true</IsVisible>
			<MaxHealth>1000</MaxHealth>
			<Health>1000</Health>
			<HasGravity>true</HasGravity>
			<IsOnFire>false</IsOnFire>
			<IsInvincible>false</IsInvincible>
			<IsBulletProof>false</IsBulletProof>
			<IsCollisionProof>false</IsCollisionProof>
			<IsExplosionProof>false</IsExplosionProof>
			<IsFireProof>false</IsFireProof>
			<IsMeleeProof>false</IsMeleeProof>
			<IsOnlyDamagedByPlayer>false</IsOnlyDamagedByPlayer>
			<PositionRotation>
				<X>-33.7651329</X>
				<Y>466.750854</Y>
				<Z>149.351837</Z>
				<Pitch>14.9757166</Pitch>
				<Roll>-1.24425018</Roll>
				<Yaw>-12.6152029</Yaw>
			</PositionRotation>
			<Attachment isAttached="true">
				<AttachedTo>406274</AttachedTo>
				<BoneIndex>0</BoneIndex>
				<X>-0.410000026</X>
				<Y>-0.860000074</Y>
				<Z>0.200000018</Z>
				<Pitch>0</Pitch>
				<Roll>0</Roll>
				<Yaw>-89.0000076</Yaw>
			</Attachment>
		</Attachment>
		<Attachment>
			<ModelHash>0x23dd6b9d</ModelHash>
			<Type>3</Type>
			<Dynamic>false</Dynamic>
			<FrozenPos>true</FrozenPos>
			<HashName>w_me_dagger</HashName>
			<InitialHandle>647717</InitialHandle>
			<ObjectProperties>
				<TextureVariation>0</TextureVariation>
			</ObjectProperties>
			<OpacityLevel>255</OpacityLevel>
			<LodDistance>16960</LodDistance>
			<IsVisible>true</IsVisible>
			<MaxHealth>1000</MaxHealth>
			<Health>1000</Health>
			<HasGravity>true</HasGravity>
			<IsOnFire>false</IsOnFire>
			<IsInvincible>false</IsInvincible>
			<IsBulletProof>false</IsBulletProof>
			<IsCollisionProof>false</IsCollisionProof>
			<IsExplosionProof>false</IsExplosionProof>
			<IsFireProof>false</IsFireProof>
			<IsMeleeProof>false</IsMeleeProof>
			<IsOnlyDamagedByPlayer>false</IsOnlyDamagedByPlayer>
			<PositionRotation>
				<X>-35.3716278</X>
				<Y>467.563599</Y>
				<Z>149.016739</Z>
				<Pitch>-37.4592323</Pitch>
				<Roll>109.023254</Roll>
				<Yaw>-91.8071518</Yaw>
			</PositionRotation>
			<Attachment isAttached="true">
				<AttachedTo>406274</AttachedTo>
				<BoneIndex>0</BoneIndex>
				<X>-0.100000001</X>
				<Y>0.900000095</Y>
				<Z>-0.200000033</Z>
				<Pitch>-140.000015</Pitch>
				<Roll>-90.0000076</Roll>
				<Yaw>0</Yaw>
			</Attachment>
		</Attachment>
		<Attachment>
			<ModelHash>0x9026c985</ModelHash>
			<Type>3</Type>
			<Dynamic>false</Dynamic>
			<FrozenPos>true</FrozenPos>
			<HashName>w_ar_railgun</HashName>
			<InitialHandle>111144</InitialHandle>
			<ObjectProperties>
				<TextureVariation>0</TextureVariation>
			</ObjectProperties>
			<OpacityLevel>255</OpacityLevel>
			<LodDistance>16960</LodDistance>
			<IsVisible>true</IsVisible>
			<MaxHealth>1000</MaxHealth>
			<Health>1000</Health>
			<HasGravity>true</HasGravity>
			<IsOnFire>false</IsOnFire>
			<IsInvincible>false</IsInvincible>
			<IsBulletProof>false</IsBulletProof>
			<IsCollisionProof>false</IsCollisionProof>
			<IsExplosionProof>false</IsExplosionProof>
			<IsFireProof>false</IsFireProof>
			<IsMeleeProof>false</IsMeleeProof>
			<IsOnlyDamagedByPlayer>false</IsOnlyDamagedByPlayer>
			<PositionRotation>
				<X>-34.9086761</X>
				<Y>467.51474</Y>
				<Z>149.559128</Z>
				<Pitch>-14.9950953</Pitch>
				<Roll>0.976618469</Roll>
				<Yaw>166.349777</Yaw>
			</PositionRotation>
			<Attachment isAttached="true">
				<AttachedTo>406274</AttachedTo>
				<BoneIndex>0</BoneIndex>
				<X>0.100000001</X>
				<Y>0.429999948</Y>
				<Z>0.300000042</Z>
				<Pitch>0</Pitch>
				<Roll>0</Roll>
				<Yaw>90.0000076</Yaw>
			</Attachment>
		</Attachment>
		<Attachment>
			<ModelHash>0x1f036a32</ModelHash>
			<Type>3</Type>
			<Dynamic>false</Dynamic>
			<FrozenPos>true</FrozenPos>
			<HashName>w_am_digiscanner</HashName>
			<InitialHandle>76840</InitialHandle>
			<ObjectProperties>
				<TextureVariation>0</TextureVariation>
			</ObjectProperties>
			<OpacityLevel>255</OpacityLevel>
			<LodDistance>16960</LodDistance>
			<IsVisible>true</IsVisible>
			<MaxHealth>1000</MaxHealth>
			<Health>1000</Health>
			<HasGravity>true</HasGravity>
			<IsOnFire>false</IsOnFire>
			<IsInvincible>false</IsInvincible>
			<IsBulletProof>false</IsBulletProof>
			<IsCollisionProof>false</IsCollisionProof>
			<IsExplosionProof>false</IsExplosionProof>
			<IsFireProof>false</IsFireProof>
			<IsMeleeProof>false</IsMeleeProof>
			<IsOnlyDamagedByPlayer>false</IsOnlyDamagedByPlayer>
			<PositionRotation>
				<X>-35.045002</X>
				<Y>467.249969</Y>
				<Z>149.480362</Z>
				<Pitch>84.9148483</Pitch>
				<Roll>-169.295334</Roll>
				<Yaw>155.433578</Yaw>
			</PositionRotation>
			<Attachment isAttached="true">
				<AttachedTo>406274</AttachedTo>
				<BoneIndex>0</BoneIndex>
				<X>-0.199999988</X>
				<Y>0.50000006</Y>
				<Z>0.300000012</Z>
				<Pitch>80.0000076</Pitch>
				<Roll>0</Roll>
				<Yaw>-90</Yaw>
			</Attachment>
		</Attachment>
		<Attachment>
			<ModelHash>0x715c7e1f</ModelHash>
			<Type>3</Type>
			<Dynamic>false</Dynamic>
			<FrozenPos>true</FrozenPos>
			<HashName>w_lr_homing</HashName>
			<InitialHandle>649257</InitialHandle>
			<ObjectProperties>
				<TextureVariation>0</TextureVariation>
			</ObjectProperties>
			<OpacityLevel>255</OpacityLevel>
			<LodDistance>16960</LodDistance>
			<IsVisible>true</IsVisible>
			<MaxHealth>1000</MaxHealth>
			<Health>1000</Health>
			<HasGravity>true</HasGravity>
			<IsOnFire>false</IsOnFire>
			<IsInvincible>false</IsInvincible>
			<IsBulletProof>false</IsBulletProof>
			<IsCollisionProof>false</IsCollisionProof>
			<IsExplosionProof>false</IsExplosionProof>
			<IsFireProof>false</IsFireProof>
			<IsMeleeProof>false</IsMeleeProof>
			<IsOnlyDamagedByPlayer>false</IsOnlyDamagedByPlayer>
			<PositionRotation>
				<X>-34.0243149</X>
				<Y>467.133972</Y>
				<Z>148.963211</Z>
				<Pitch>-14.9950953</Pitch>
				<Roll>0.976616681</Roll>
				<Yaw>166.349777</Yaw>
			</PositionRotation>
			<Attachment isAttached="true">
				<AttachedTo>406274</AttachedTo>
				<BoneIndex>0</BoneIndex>
				<X>-0.210000023</X>
				<Y>-0.50999999</Y>
				<Z>-0.250000089</Z>
				<Pitch>0</Pitch>
				<Roll>0</Roll>
				<Yaw>90</Yaw>
			</Attachment>
		</Attachment>
		<Attachment>
			<ModelHash>0x715c7e1f</ModelHash>
			<Type>3</Type>
			<Dynamic>false</Dynamic>
			<FrozenPos>true</FrozenPos>
			<HashName>w_lr_homing</HashName>
			<InitialHandle>54571</InitialHandle>
			<ObjectProperties>
				<TextureVariation>0</TextureVariation>
			</ObjectProperties>
			<OpacityLevel>255</OpacityLevel>
			<LodDistance>16960</LodDistance>
			<IsVisible>true</IsVisible>
			<MaxHealth>1000</MaxHealth>
			<Health>1000</Health>
			<HasGravity>true</HasGravity>
			<IsOnFire>false</IsOnFire>
			<IsInvincible>false</IsInvincible>
			<IsBulletProof>false</IsBulletProof>
			<IsCollisionProof>false</IsCollisionProof>
			<IsExplosionProof>false</IsExplosionProof>
			<IsFireProof>false</IsFireProof>
			<IsMeleeProof>false</IsMeleeProof>
			<IsOnlyDamagedByPlayer>false</IsOnlyDamagedByPlayer>
			<PositionRotation>
				<X>-33.9331322</X>
				<Y>467.50946</Y>
				<Z>149.066696</Z>
				<Pitch>-14.9950953</Pitch>
				<Roll>0.976616681</Roll>
				<Yaw>166.349777</Yaw>
			</PositionRotation>
			<Attachment isAttached="true">
				<AttachedTo>406274</AttachedTo>
				<BoneIndex>0</BoneIndex>
				<X>0.190000057</X>
				<Y>-0.50999999</Y>
				<Z>-0.250000089</Z>
				<Pitch>0</Pitch>
				<Roll>0</Roll>
				<Yaw>90</Yaw>
			</Attachment>
		</Attachment>
		<Attachment>
			<ModelHash>0x715c7e1f</ModelHash>
			<Type>3</Type>
			<Dynamic>false</Dynamic>
			<FrozenPos>true</FrozenPos>
			<HashName>w_lr_homing</HashName>
			<InitialHandle>603692</InitialHandle>
			<ObjectProperties>
				<TextureVariation>0</TextureVariation>
			</ObjectProperties>
			<OpacityLevel>255</OpacityLevel>
			<LodDistance>16960</LodDistance>
			<IsVisible>true</IsVisible>
			<MaxHealth>1000</MaxHealth>
			<Health>1000</Health>
			<HasGravity>true</HasGravity>
			<IsOnFire>false</IsOnFire>
			<IsInvincible>false</IsInvincible>
			<IsBulletProof>false</IsBulletProof>
			<IsCollisionProof>false</IsCollisionProof>
			<IsExplosionProof>false</IsExplosionProof>
			<IsFireProof>false</IsFireProof>
			<IsMeleeProof>false</IsMeleeProof>
			<IsOnlyDamagedByPlayer>false</IsOnlyDamagedByPlayer>
			<PositionRotation>
				<X>-33.9171753</X>
				<Y>467.575165</Y>
				<Z>149.084808</Z>
				<Pitch>-14.9950953</Pitch>
				<Roll>0.976616681</Roll>
				<Yaw>166.349777</Yaw>
			</PositionRotation>
			<Attachment isAttached="true">
				<AttachedTo>406274</AttachedTo>
				<BoneIndex>0</BoneIndex>
				<X>0.26000008</X>
				<Y>-0.50999999</Y>
				<Z>-0.250000089</Z>
				<Pitch>0</Pitch>
				<Roll>0</Roll>
				<Yaw>90</Yaw>
			</Attachment>
		</Attachment>
		<Attachment>
			<ModelHash>0x715c7e1f</ModelHash>
			<Type>3</Type>
			<Dynamic>false</Dynamic>
			<FrozenPos>true</FrozenPos>
			<HashName>w_lr_homing</HashName>
			<InitialHandle>463916</InitialHandle>
			<ObjectProperties>
				<TextureVariation>0</TextureVariation>
			</ObjectProperties>
			<OpacityLevel>255</OpacityLevel>
			<LodDistance>16960</LodDistance>
			<IsVisible>true</IsVisible>
			<MaxHealth>1000</MaxHealth>
			<Health>1000</Health>
			<HasGravity>true</HasGravity>
			<IsOnFire>false</IsOnFire>
			<IsInvincible>false</IsInvincible>
			<IsBulletProof>false</IsBulletProof>
			<IsCollisionProof>false</IsCollisionProof>
			<IsExplosionProof>false</IsExplosionProof>
			<IsFireProof>false</IsFireProof>
			<IsMeleeProof>false</IsMeleeProof>
			<IsOnlyDamagedByPlayer>false</IsOnlyDamagedByPlayer>
			<PositionRotation>
				<X>-34.0402718</X>
				<Y>467.068268</Y>
				<Z>148.945099</Z>
				<Pitch>-14.9950953</Pitch>
				<Roll>0.976616681</Roll>
				<Yaw>166.349777</Yaw>
			</PositionRotation>
			<Attachment isAttached="true">
				<AttachedTo>406274</AttachedTo>
				<BoneIndex>0</BoneIndex>
				<X>-0.280000091</X>
				<Y>-0.50999999</Y>
				<Z>-0.250000089</Z>
				<Pitch>0</Pitch>
				<Roll>0</Roll>
				<Yaw>90</Yaw>
			</Attachment>
		</Attachment>
		<Attachment>
			<ModelHash>0x9026c985</ModelHash>
			<Type>3</Type>
			<Dynamic>false</Dynamic>
			<FrozenPos>true</FrozenPos>
			<HashName>w_ar_railgun</HashName>
			<InitialHandle>199471</InitialHandle>
			<ObjectProperties>
				<TextureVariation>0</TextureVariation>
			</ObjectProperties>
			<OpacityLevel>255</OpacityLevel>
			<LodDistance>16960</LodDistance>
			<IsVisible>true</IsVisible>
			<MaxHealth>1000</MaxHealth>
			<Health>1000</Health>
			<HasGravity>true</HasGravity>
			<IsOnFire>false</IsOnFire>
			<IsInvincible>false</IsInvincible>
			<IsBulletProof>false</IsBulletProof>
			<IsCollisionProof>false</IsCollisionProof>
			<IsExplosionProof>false</IsExplosionProof>
			<IsFireProof>false</IsFireProof>
			<IsMeleeProof>false</IsMeleeProof>
			<IsOnlyDamagedByPlayer>false</IsOnlyDamagedByPlayer>
			<PositionRotation>
				<X>-34.9542656</X>
				<Y>467.327026</Y>
				<Z>149.507385</Z>
				<Pitch>-14.9950953</Pitch>
				<Roll>0.976618469</Roll>
				<Yaw>166.349777</Yaw>
			</PositionRotation>
			<Attachment isAttached="true">
				<AttachedTo>406274</AttachedTo>
				<BoneIndex>0</BoneIndex>
				<X>-0.100000031</X>
				<Y>0.429999948</Y>
				<Z>0.300000042</Z>
				<Pitch>0</Pitch>
				<Roll>0</Roll>
				<Yaw>90.0000076</Yaw>
			</Attachment>
		</Attachment>
		<Attachment>
			<ModelHash>0xda00c515</ModelHash>
			<Type>3</Type>
			<Dynamic>false</Dynamic>
			<FrozenPos>true</FrozenPos>
			<HashName>hei_prop_hei_carrier_disp_01</HashName>
			<InitialHandle>363053</InitialHandle>
			<ObjectProperties>
				<TextureVariation>0</TextureVariation>
			</ObjectProperties>
			<OpacityLevel>255</OpacityLevel>
			<LodDistance>16960</LodDistance>
			<IsVisible>true</IsVisible>
			<MaxHealth>1000</MaxHealth>
			<Health>1000</Health>
			<HasGravity>true</HasGravity>
			<IsOnFire>false</IsOnFire>
			<IsInvincible>false</IsInvincible>
			<IsBulletProof>false</IsBulletProof>
			<IsCollisionProof>false</IsCollisionProof>
			<IsExplosionProof>false</IsExplosionProof>
			<IsFireProof>false</IsFireProof>
			<IsMeleeProof>false</IsMeleeProof>
			<IsOnlyDamagedByPlayer>false</IsOnlyDamagedByPlayer>
			<PositionRotation>
				<X>-34.9756393</X>
				<Y>467.492249</Y>
				<Z>148.926743</Z>
				<Pitch>-10.5984421</Pitch>
				<Roll>174.738388</Roll>
				<Yaw>73.4768829</Yaw>
			</PositionRotation>
			<Attachment isAttached="true">
				<AttachedTo>406274</AttachedTo>
				<BoneIndex>0</BoneIndex>
				<X>-0.100000054</X>
				<Y>0.499999911</Y>
				<Z>-0.300000012</Z>
				<Pitch>-10.000001</Pitch>
				<Roll>-169.999985</Roll>
				<Yaw>0</Yaw>
			</Attachment>
		</Attachment>
		<Attachment>
			<ModelHash>0xda00c515</ModelHash>
			<Type>3</Type>
			<Dynamic>false</Dynamic>
			<FrozenPos>true</FrozenPos>
			<HashName>hei_prop_hei_carrier_disp_01</HashName>
			<InitialHandle>228400</InitialHandle>
			<ObjectProperties>
				<TextureVariation>0</TextureVariation>
			</ObjectProperties>
			<OpacityLevel>255</OpacityLevel>
			<LodDistance>16960</LodDistance>
			<IsVisible>true</IsVisible>
			<MaxHealth>1000</MaxHealth>
			<Health>1000</Health>
			<HasGravity>true</HasGravity>
			<IsOnFire>false</IsOnFire>
			<IsInvincible>false</IsInvincible>
			<IsBulletProof>false</IsBulletProof>
			<IsCollisionProof>false</IsCollisionProof>
			<IsExplosionProof>false</IsExplosionProof>
			<IsFireProof>false</IsFireProof>
			<IsMeleeProof>false</IsMeleeProof>
			<IsOnlyDamagedByPlayer>false</IsOnlyDamagedByPlayer>
			<PositionRotation>
				<X>-34.9756393</X>
				<Y>467.492249</Y>
				<Z>148.926743</Z>
				<Pitch>-10.5984421</Pitch>
				<Roll>174.738388</Roll>
				<Yaw>73.4768829</Yaw>
			</PositionRotation>
			<Attachment isAttached="true">
				<AttachedTo>406274</AttachedTo>
				<BoneIndex>0</BoneIndex>
				<X>-0.100000061</X>
				<Y>0.499999911</Y>
				<Z>-0.300000012</Z>
				<Pitch>-10.000001</Pitch>
				<Roll>-169.999985</Roll>
				<Yaw>0</Yaw>
			</Attachment>
		</Attachment>
		<Attachment>
			<ModelHash>0x1f036a32</ModelHash>
			<Type>3</Type>
			<Dynamic>false</Dynamic>
			<FrozenPos>true</FrozenPos>
			<HashName>w_am_digiscanner</HashName>
			<InitialHandle>266576</InitialHandle>
			<ObjectProperties>
				<TextureVariation>0</TextureVariation>
			</ObjectProperties>
			<OpacityLevel>255</OpacityLevel>
			<LodDistance>16960</LodDistance>
			<IsVisible>true</IsVisible>
			<MaxHealth>1000</MaxHealth>
			<Health>1000</Health>
			<HasGravity>true</HasGravity>
			<IsOnFire>false</IsOnFire>
			<IsInvincible>false</IsInvincible>
			<IsBulletProof>false</IsBulletProof>
			<IsCollisionProof>false</IsCollisionProof>
			<IsExplosionProof>false</IsExplosionProof>
			<IsFireProof>false</IsFireProof>
			<IsMeleeProof>false</IsMeleeProof>
			<IsOnlyDamagedByPlayer>false</IsOnlyDamagedByPlayer>
			<PositionRotation>
				<X>-34.9604225</X>
				<Y>467.637726</Y>
				<Z>149.545059</Z>
				<Pitch>-84.9147644</Pitch>
				<Roll>-10.7045584</Roll>
				<Yaw>-24.5663109</Yaw>
			</PositionRotation>
			<Attachment isAttached="true">
				<AttachedTo>406274</AttachedTo>
				<BoneIndex>0</BoneIndex>
				<X>0.200000048</X>
				<Y>0.509999931</Y>
				<Z>0.26000005</Z>
				<Pitch>-100</Pitch>
				<Roll>0</Roll>
				<Yaw>-90</Yaw>
			</Attachment>
		</Attachment>
		<Attachment>
			<ModelHash>0x1f036a32</ModelHash>
			<Type>3</Type>
			<Dynamic>false</Dynamic>
			<FrozenPos>true</FrozenPos>
			<HashName>w_am_digiscanner</HashName>
			<InitialHandle>405842</InitialHandle>
			<ObjectProperties>
				<TextureVariation>0</TextureVariation>
			</ObjectProperties>
			<OpacityLevel>255</OpacityLevel>
			<LodDistance>16960</LodDistance>
			<IsVisible>true</IsVisible>
			<MaxHealth>1000</MaxHealth>
			<Health>1000</Health>
			<HasGravity>true</HasGravity>
			<IsOnFire>false</IsOnFire>
			<IsInvincible>false</IsInvincible>
			<IsBulletProof>false</IsBulletProof>
			<IsCollisionProof>false</IsCollisionProof>
			<IsExplosionProof>false</IsExplosionProof>
			<IsFireProof>false</IsFireProof>
			<IsMeleeProof>false</IsMeleeProof>
			<IsOnlyDamagedByPlayer>false</IsOnlyDamagedByPlayer>
			<PositionRotation>
				<X>-33.4410782</X>
				<Y>467.570313</Y>
				<Z>149.494568</Z>
				<Pitch>74.9738922</Pitch>
				<Roll>3.64097857</Roll>
				<Yaw>162.580261</Yaw>
			</PositionRotation>
			<Attachment isAttached="true">
				<AttachedTo>406274</AttachedTo>
				<BoneIndex>0</BoneIndex>
				<X>0.470000148</X>
				<Y>-0.980000377</Y>
				<Z>0.110000029</Z>
				<Pitch>90.0000076</Pitch>
				<Roll>0</Roll>
				<Yaw>90</Yaw>
			</Attachment>
		</Attachment>
		<Attachment>
			<ModelHash>0x1f036a32</ModelHash>
			<Type>3</Type>
			<Dynamic>false</Dynamic>
			<FrozenPos>true</FrozenPos>
			<HashName>w_am_digiscanner</HashName>
			<InitialHandle>677459</InitialHandle>
			<ObjectProperties>
				<TextureVariation>0</TextureVariation>
			</ObjectProperties>
			<OpacityLevel>255</OpacityLevel>
			<LodDistance>16960</LodDistance>
			<IsVisible>true</IsVisible>
			<MaxHealth>1000</MaxHealth>
			<Health>1000</Health>
			<HasGravity>true</HasGravity>
			<IsOnFire>false</IsOnFire>
			<IsInvincible>false</IsInvincible>
			<IsBulletProof>false</IsBulletProof>
			<IsCollisionProof>false</IsCollisionProof>
			<IsExplosionProof>false</IsExplosionProof>
			<IsFireProof>false</IsFireProof>
			<IsMeleeProof>false</IsMeleeProof>
			<IsOnlyDamagedByPlayer>false</IsOnlyDamagedByPlayer>
			<PositionRotation>
				<X>-33.6584625</X>
				<Y>466.67807</Y>
				<Z>149.289993</Z>
				<Pitch>-74.9738922</Pitch>
				<Roll>176.35907</Roll>
				<Yaw>-17.4196606</Yaw>
			</PositionRotation>
			<Attachment isAttached="true">
				<AttachedTo>406274</AttachedTo>
				<BoneIndex>0</BoneIndex>
				<X>-0.469999999</X>
				<Y>-0.980000377</Y>
				<Z>0.149999678</Z>
				<Pitch>-90</Pitch>
				<Roll>0</Roll>
				<Yaw>90</Yaw>
			</Attachment>
		</Attachment>
		<Attachment>
			<ModelHash>0x23dd6b9d</ModelHash>
			<Type>3</Type>
			<Dynamic>false</Dynamic>
			<FrozenPos>true</FrozenPos>
			<HashName>w_me_dagger</HashName>
			<InitialHandle>640595</InitialHandle>
			<ObjectProperties>
				<TextureVariation>0</TextureVariation>
			</ObjectProperties>
			<OpacityLevel>255</OpacityLevel>
			<LodDistance>16960</LodDistance>
			<IsVisible>true</IsVisible>
			<MaxHealth>1000</MaxHealth>
			<Health>1000</Health>
			<HasGravity>true</HasGravity>
			<IsOnFire>false</IsOnFire>
			<IsInvincible>false</IsInvincible>
			<IsBulletProof>false</IsBulletProof>
			<IsCollisionProof>false</IsCollisionProof>
			<IsExplosionProof>false</IsExplosionProof>
			<IsFireProof>false</IsFireProof>
			<IsMeleeProof>false</IsMeleeProof>
			<IsOnlyDamagedByPlayer>false</IsOnlyDamagedByPlayer>
			<PositionRotation>
				<X>-35.3260384</X>
				<Y>467.751343</Y>
				<Z>149.068497</Z>
				<Pitch>37.45924</Pitch>
				<Roll>70.9766922</Roll>
				<Yaw>88.1928482</Yaw>
			</PositionRotation>
			<Attachment isAttached="true">
				<AttachedTo>406274</AttachedTo>
				<BoneIndex>0</BoneIndex>
				<X>0.100000031</X>
				<Y>0.900000095</Y>
				<Z>-0.200000033</Z>
				<Pitch>39.9999847</Pitch>
				<Roll>89.9999847</Roll>
				<Yaw>0</Yaw>
			</Attachment>
		</Attachment>
		<Attachment>
			<ModelHash>0xd3edbc71</ModelHash>
			<Type>3</Type>
			<Dynamic>false</Dynamic>
			<FrozenPos>true</FrozenPos>
			<HashName>w_mg_combatmg</HashName>
			<InitialHandle>380249</InitialHandle>
			<ObjectProperties>
				<TextureVariation>0</TextureVariation>
			</ObjectProperties>
			<OpacityLevel>255</OpacityLevel>
			<LodDistance>16960</LodDistance>
			<IsVisible>true</IsVisible>
			<MaxHealth>1000</MaxHealth>
			<Health>1000</Health>
			<HasGravity>true</HasGravity>
			<IsOnFire>false</IsOnFire>
			<IsInvincible>false</IsInvincible>
			<IsBulletProof>false</IsBulletProof>
			<IsCollisionProof>false</IsCollisionProof>
			<IsExplosionProof>false</IsExplosionProof>
			<IsFireProof>false</IsFireProof>
			<IsMeleeProof>false</IsMeleeProof>
			<IsOnlyDamagedByPlayer>false</IsOnlyDamagedByPlayer>
			<PositionRotation>
				<X>-33.5804863</X>
				<Y>467.511169</Y>
				<Z>149.561417</Z>
				<Pitch>15.025176</Pitch>
				<Roll>-0.172049671</Roll>
				<Yaw>-16.7560654</Yaw>
			</PositionRotation>
			<Attachment isAttached="true">
				<AttachedTo>406274</AttachedTo>
				<BoneIndex>0</BoneIndex>
				<X>0.400000125</X>
				<Y>-0.860000074</Y>
				<Z>0.200000018</Z>
				<Pitch>0</Pitch>
				<Roll>0</Roll>
				<Yaw>-93.0000076</Yaw>
			</Attachment>
		</Attachment>
		<Attachment>
			<ModelHash>0xfba5b1c1</ModelHash>
			<Type>3</Type>
			<Dynamic>false</Dynamic>
			<FrozenPos>true</FrozenPos>
			<HashName>v_res_r_figpillar</HashName>
			<InitialHandle>772449</InitialHandle>
			<ObjectProperties>
				<TextureVariation>0</TextureVariation>
			</ObjectProperties>
			<OpacityLevel>255</OpacityLevel>
			<LodDistance>16960</LodDistance>
			<IsVisible>true</IsVisible>
			<MaxHealth>1000</MaxHealth>
			<Health>1000</Health>
			<HasGravity>true</HasGravity>
			<IsOnFire>false</IsOnFire>
			<IsInvincible>false</IsInvincible>
			<IsBulletProof>false</IsBulletProof>
			<IsCollisionProof>false</IsCollisionProof>
			<IsExplosionProof>false</IsExplosionProof>
			<IsFireProof>false</IsFireProof>
			<IsMeleeProof>false</IsMeleeProof>
			<IsOnlyDamagedByPlayer>false</IsOnlyDamagedByPlayer>
			<PositionRotation>
				<X>-35.348835</X>
				<Y>467.657471</Y>
				<Z>149.042618</Z>
				<Pitch>-74.973877</Pitch>
				<Roll>-93.6409454</Roll>
				<Yaw>-17.4196987</Yaw>
			</PositionRotation>
			<Attachment isAttached="true">
				<AttachedTo>406274</AttachedTo>
				<BoneIndex>0</BoneIndex>
				<X>0</X>
				<Y>0.900000095</Y>
				<Z>-0.200000033</Z>
				<Pitch>-90.0000076</Pitch>
				<Roll>0</Roll>
				<Yaw>0</Yaw>
			</Attachment>
		</Attachment>
		<Attachment>
			<ModelHash>0x769bb6e7</ModelHash>
			<Type>3</Type>
			<Dynamic>false</Dynamic>
			<FrozenPos>true</FrozenPos>
			<HashName>v_res_pcspeaker</HashName>
			<InitialHandle>521826</InitialHandle>
			<ObjectProperties>
				<TextureVariation>0</TextureVariation>
			</ObjectProperties>
			<OpacityLevel>255</OpacityLevel>
			<LodDistance>16960</LodDistance>
			<IsVisible>true</IsVisible>
			<MaxHealth>1000</MaxHealth>
			<Health>1000</Health>
			<HasGravity>true</HasGravity>
			<IsOnFire>false</IsOnFire>
			<IsInvincible>false</IsInvincible>
			<IsBulletProof>false</IsBulletProof>
			<IsCollisionProof>false</IsCollisionProof>
			<IsExplosionProof>false</IsExplosionProof>
			<IsFireProof>false</IsFireProof>
			<IsMeleeProof>false</IsMeleeProof>
			<IsOnlyDamagedByPlayer>false</IsOnlyDamagedByPlayer>
			<PositionRotation>
				<X>-33.6934738</X>
				<Y>466.869232</Y>
				<Z>149.284378</Z>
				<Pitch>-0.943359733</Pitch>
				<Roll>-14.9971733</Roll>
				<Yaw>76.0970764</Yaw>
			</PositionRotation>
			<Attachment isAttached="true">
				<AttachedTo>406274</AttachedTo>
				<BoneIndex>0</BoneIndex>
				<X>-0.300000042</X>
				<Y>-0.900000095</Y>
				<Z>0.100000016</Z>
				<Pitch>0</Pitch>
				<Roll>0</Roll>
				<Yaw>0</Yaw>
			</Attachment>
		</Attachment>
		<Attachment>
			<ModelHash>0x7bf0d3d8</ModelHash>
			<Type>3</Type>
			<Dynamic>false</Dynamic>
			<FrozenPos>true</FrozenPos>
			<HashName>v_res_mm_audio</HashName>
			<InitialHandle>600930</InitialHandle>
			<ObjectProperties>
				<TextureVariation>0</TextureVariation>
			</ObjectProperties>
			<OpacityLevel>255</OpacityLevel>
			<LodDistance>16960</LodDistance>
			<IsVisible>true</IsVisible>
			<MaxHealth>1000</MaxHealth>
			<Health>1000</Health>
			<HasGravity>true</HasGravity>
			<IsOnFire>false</IsOnFire>
			<IsInvincible>false</IsInvincible>
			<IsBulletProof>false</IsBulletProof>
			<IsCollisionProof>false</IsCollisionProof>
			<IsExplosionProof>false</IsExplosionProof>
			<IsFireProof>false</IsFireProof>
			<IsMeleeProof>false</IsMeleeProof>
			<IsOnlyDamagedByPlayer>false</IsOnlyDamagedByPlayer>
			<PositionRotation>
				<X>-34.8485146</X>
				<Y>467.606476</Y>
				<Z>149.173309</Z>
				<Pitch>0.943353951</Pitch>
				<Roll>-75.0028076</Roll>
				<Yaw>-103.902939</Yaw>
			</PositionRotation>
			<Attachment isAttached="true">
				<AttachedTo>406274</AttachedTo>
				<BoneIndex>0</BoneIndex>
				<X>0.0999999717</X>
				<Y>0.400000036</Y>
				<Z>-0.100000016</Z>
				<Pitch>0</Pitch>
				<Roll>-90</Roll>
				<Yaw>179.999985</Yaw>
			</Attachment>
		</Attachment>
		<Attachment>
			<ModelHash>0x36d7f3b0</ModelHash>
			<Type>3</Type>
			<Dynamic>false</Dynamic>
			<FrozenPos>true</FrozenPos>
			<HashName>v_res_ipoddock</HashName>
			<InitialHandle>175410</InitialHandle>
			<ObjectProperties>
				<TextureVariation>0</TextureVariation>
			</ObjectProperties>
			<OpacityLevel>255</OpacityLevel>
			<LodDistance>16960</LodDistance>
			<IsVisible>true</IsVisible>
			<MaxHealth>1000</MaxHealth>
			<Health>1000</Health>
			<HasGravity>true</HasGravity>
			<IsOnFire>false</IsOnFire>
			<IsInvincible>false</IsInvincible>
			<IsBulletProof>false</IsBulletProof>
			<IsCollisionProof>false</IsCollisionProof>
			<IsExplosionProof>false</IsExplosionProof>
			<IsFireProof>false</IsFireProof>
			<IsMeleeProof>false</IsMeleeProof>
			<IsOnlyDamagedByPlayer>false</IsOnlyDamagedByPlayer>
			<PositionRotation>
				<X>-34.6111832</X>
				<Y>467.341583</Y>
				<Z>149.538696</Z>
				<Pitch>-0.943359733</Pitch>
				<Roll>-14.9971733</Roll>
				<Yaw>76.0970764</Yaw>
			</PositionRotation>
			<Attachment isAttached="true">
				<AttachedTo>406274</AttachedTo>
				<BoneIndex>0</BoneIndex>
				<X>0</X>
				<Y>0.100000001</Y>
				<Z>0.299999952</Z>
				<Pitch>0</Pitch>
				<Roll>0</Roll>
				<Yaw>0</Yaw>
			</Attachment>
		</Attachment>
		<Attachment>
			<ModelHash>0x834e4e0b</ModelHash>
			<Type>3</Type>
			<Dynamic>false</Dynamic>
			<FrozenPos>true</FrozenPos>
			<HashName>v_res_harddrive</HashName>
			<InitialHandle>189797</InitialHandle>
			<ObjectProperties>
				<TextureVariation>0</TextureVariation>
			</ObjectProperties>
			<OpacityLevel>255</OpacityLevel>
			<LodDistance>16960</LodDistance>
			<IsVisible>true</IsVisible>
			<MaxHealth>1000</MaxHealth>
			<Health>1000</Health>
			<HasGravity>true</HasGravity>
			<IsOnFire>false</IsOnFire>
			<IsInvincible>false</IsInvincible>
			<IsBulletProof>false</IsBulletProof>
			<IsCollisionProof>false</IsCollisionProof>
			<IsExplosionProof>false</IsExplosionProof>
			<IsFireProof>false</IsFireProof>
			<IsMeleeProof>false</IsMeleeProof>
			<IsOnlyDamagedByPlayer>false</IsOnlyDamagedByPlayer>
			<PositionRotation>
				<X>-33.6239586</X>
				<Y>467.056519</Y>
				<Z>149.741745</Z>
				<Pitch>74.973877</Pitch>
				<Roll>-86.3590393</Roll>
				<Yaw>162.580292</Yaw>
			</PositionRotation>
			<Attachment isAttached="true">
				<AttachedTo>406274</AttachedTo>
				<BoneIndex>0</BoneIndex>
				<X>0.0100000016</X>
				<Y>-0.930000067</Y>
				<Z>0.49000001</Z>
				<Pitch>90.0000076</Pitch>
				<Roll>0</Roll>
				<Yaw>0</Yaw>
			</Attachment>
		</Attachment>
		<Attachment>
			<ModelHash>0x7bf0d3d8</ModelHash>
			<Type>3</Type>
			<Dynamic>false</Dynamic>
			<FrozenPos>true</FrozenPos>
			<HashName>v_res_mm_audio</HashName>
			<InitialHandle>200808</InitialHandle>
			<ObjectProperties>
				<TextureVariation>0</TextureVariation>
			</ObjectProperties>
			<OpacityLevel>255</OpacityLevel>
			<LodDistance>16960</LodDistance>
			<IsVisible>true</IsVisible>
			<MaxHealth>1000</MaxHealth>
			<Health>1000</Health>
			<HasGravity>true</HasGravity>
			<IsOnFire>false</IsOnFire>
			<IsInvincible>false</IsInvincible>
			<IsBulletProof>false</IsBulletProof>
			<IsCollisionProof>false</IsCollisionProof>
			<IsExplosionProof>false</IsExplosionProof>
			<IsFireProof>false</IsFireProof>
			<IsMeleeProof>false</IsMeleeProof>
			<IsOnlyDamagedByPlayer>false</IsOnlyDamagedByPlayer>
			<PositionRotation>
				<X>-34.894104</X>
				<Y>467.418762</Y>
				<Z>149.121552</Z>
				<Pitch>0.943353951</Pitch>
				<Roll>104.997169</Roll>
				<Yaw>-103.902939</Yaw>
			</PositionRotation>
			<Attachment isAttached="true">
				<AttachedTo>406274</AttachedTo>
				<BoneIndex>0</BoneIndex>
				<X>-0.100000031</X>
				<Y>0.400000036</Y>
				<Z>-0.100000016</Z>
				<Pitch>0</Pitch>
				<Roll>90.0000076</Roll>
				<Yaw>179.999985</Yaw>
			</Attachment>
		</Attachment>
		<Attachment>
			<ModelHash>0x769bb6e7</ModelHash>
			<Type>3</Type>
			<Dynamic>false</Dynamic>
			<FrozenPos>true</FrozenPos>
			<HashName>v_res_pcspeaker</HashName>
			<InitialHandle>398445</InitialHandle>
			<ObjectProperties>
				<TextureVariation>0</TextureVariation>
			</ObjectProperties>
			<OpacityLevel>255</OpacityLevel>
			<LodDistance>16960</LodDistance>
			<IsVisible>true</IsVisible>
			<MaxHealth>1000</MaxHealth>
			<Health>1000</Health>
			<HasGravity>true</HasGravity>
			<IsOnFire>false</IsOnFire>
			<IsInvincible>false</IsInvincible>
			<IsBulletProof>false</IsBulletProof>
			<IsCollisionProof>false</IsCollisionProof>
			<IsExplosionProof>false</IsExplosionProof>
			<IsFireProof>false</IsFireProof>
			<IsMeleeProof>false</IsMeleeProof>
			<IsOnlyDamagedByPlayer>false</IsOnlyDamagedByPlayer>
			<PositionRotation>
				<X>-33.5566978</X>
				<Y>467.432434</Y>
				<Z>149.439621</Z>
				<Pitch>-0.943359733</Pitch>
				<Roll>-14.9971733</Roll>
				<Yaw>76.0970764</Yaw>
			</PositionRotation>
			<Attachment isAttached="true">
				<AttachedTo>406274</AttachedTo>
				<BoneIndex>0</BoneIndex>
				<X>0.300000072</X>
				<Y>-0.900000095</Y>
				<Z>0.100000016</Z>
				<Pitch>0</Pitch>
				<Roll>0</Roll>
				<Yaw>0</Yaw>
			</Attachment>
		</Attachment>
	</SpoonerAttachments>
</Vehicle>
