<?xml version="1.0" encoding="ISO-8859-1"?>
<Vehicle menyoo_ver="0.9998756b">
	<ModelHash>0x8a63c7b9</ModelHash>
	<InitialHandle>4376</InitialHandle>
	<VehicleProperties>
		<Colours>
			<Primary>12</Primary>
			<Secondary>0</Secondary>
			<Pearl>0</Pearl>
			<Rim>156</Rim>
			<Mod1_a>6</Mod1_a>
			<Mod1_b>-1</Mod1_b>
			<Mod1_c>-1</Mod1_c>
			<Mod2_a>6</Mod2_a>
			<Mod2_b>-1</Mod2_b>
			<IsPrimaryColourCustom>false</IsPrimaryColourCustom>
			<IsSecondaryColourCustom>false</IsSecondaryColourCustom>
			<tyreSmoke_R>255</tyreSmoke_R>
			<tyreSmoke_G>1</tyreSmoke_G>
			<tyreSmoke_B>1</tyreSmoke_B>
			<LrInterior>0</LrInterior>
			<LrDashboard>0</LrDashboard>
		</Colours>
		<Livery>-1</Livery>
		<NumberPlateText>KILERCOP</NumberPlateText>
		<NumberPlateIndex>4</NumberPlateIndex>
		<WheelType>8</WheelType>
		<WheelsInvisible>false</WheelsInvisible>
		<EngineSoundName>SULTANRS</EngineSoundName>
		<WindowTint>1</WindowTint>
		<BulletProofTyres>true</BulletProofTyres>
		<DirtLevel>1.9339484</DirtLevel>
		<PaintFade>0.298039228</PaintFade>
		<RoofState>0</RoofState>
		<SirenActive>false</SirenActive>
		<EngineOn>true</EngineOn>
		<EngineHealth>1000</EngineHealth>
		<LightsOn>false</LightsOn>
		<IsRadioLoud>0</IsRadioLoud>
		<LockStatus>1</LockStatus>
		<Neons>
			<Left>false</Left>
			<Right>false</Right>
			<Front>false</Front>
			<Back>false</Back>
			<R>255</R>
			<G>0</G>
			<B>255</B>
		</Neons>
		<ModExtras>
			<_1>true</_1>
		</ModExtras>
		<Mods>
			<_0>-1,0</_0>
			<_1>-1,0</_1>
			<_2>-1,0</_2>
			<_3>-1,0</_3>
			<_4>-1,0</_4>
			<_5>-1,0</_5>
			<_6>-1,0</_6>
			<_7>-1,0</_7>
			<_8>-1,0</_8>
			<_9>-1,0</_9>
			<_10>-1,0</_10>
			<_11>3,0</_11>
			<_12>2,0</_12>
			<_13>2,0</_13>
			<_14>44,0</_14>
			<_15>3,0</_15>
			<_16>4,0</_16>
			<_17>false</_17>
			<_18>true</_18>
			<_19>false</_19>
			<_20>true</_20>
			<_21>false</_21>
			<_22>true</_22>
			<_23>5,0</_23>
			<_24>-1,0</_24>
			<_25>-1,0</_25>
			<_26>-1,0</_26>
			<_27>-1,0</_27>
			<_28>-1,0</_28>
			<_29>-1,0</_29>
			<_30>-1,0</_30>
			<_31>-1,0</_31>
			<_32>-1,0</_32>
			<_33>-1,0</_33>
			<_34>-1,0</_34>
			<_35>-1,0</_35>
			<_36>-1,0</_36>
			<_37>-1,0</_37>
			<_38>-1,0</_38>
			<_39>-1,0</_39>
			<_40>-1,0</_40>
			<_41>-1,0</_41>
			<_42>-1,0</_42>
			<_43>-1,0</_43>
			<_44>-1,0</_44>
			<_45>-1,0</_45>
			<_46>-1,0</_46>
			<_47>-1,0</_47>
			<_48>-1,0</_48>
		</Mods>
		<DoorsOpen>
			<BackLeftDoor>false</BackLeftDoor>
			<BackRightDoor>false</BackRightDoor>
			<FrontLeftDoor>false</FrontLeftDoor>
			<FrontRightDoor>false</FrontRightDoor>
			<Hood>false</Hood>
			<Trunk>false</Trunk>
			<Trunk2>false</Trunk2>
		</DoorsOpen>
		<DoorsBroken>
			<BackLeftDoor>false</BackLeftDoor>
			<BackRightDoor>false</BackRightDoor>
			<FrontLeftDoor>false</FrontLeftDoor>
			<FrontRightDoor>false</FrontRightDoor>
			<Hood>false</Hood>
			<Trunk>false</Trunk>
			<Trunk2>false</Trunk2>
		</DoorsBroken>
		<TyresBursted>
			<FrontLeft>false</FrontLeft>
			<FrontRight>false</FrontRight>
			<_2>false</_2>
			<_3>false</_3>
			<BackLeft>false</BackLeft>
			<BackRight>false</BackRight>
			<_6>false</_6>
			<_7>false</_7>
			<_8>false</_8>
		</TyresBursted>
		<RpmMultiplier>1</RpmMultiplier>
		<TorqueMultiplier>1</TorqueMultiplier>
		<HeadlightIntensity>1</HeadlightIntensity>
	</VehicleProperties>
	<OpacityLevel>255</OpacityLevel>
	<LodDistance>16960</LodDistance>
	<IsVisible>true</IsVisible>
	<IsDriverVisible>true</IsDriverVisible>
	<MaxHealth>1000</MaxHealth>
	<Health>1000</Health>
	<HasGravity>true</HasGravity>
	<IsOnFire>false</IsOnFire>
	<IsInvincible>false</IsInvincible>
	<IsBulletProof>false</IsBulletProof>
	<IsExplosionProof>false</IsExplosionProof>
	<IsFireProof>false</IsFireProof>
	<IsMeleeProof>false</IsMeleeProof>
	<IsOnlyDamagedByPlayer>false</IsOnlyDamagedByPlayer>
	<SpoonerAttachments SetAttachmentsPersistentAndAddToSpoonerDatabase="true" StartTaskSequencesOnLoad="true">
		<Attachment>
			<ModelHash>0x0dd75614</ModelHash>
			<Type>3</Type>
			<Dynamic>false</Dynamic>
			<FrozenPos>true</FrozenPos>
			<HashName>prop_car_engine_01</HashName>
			<InitialHandle>90927</InitialHandle>
			<ObjectProperties>
				<TextureVariation>0</TextureVariation>
			</ObjectProperties>
			<OpacityLevel>255</OpacityLevel>
			<LodDistance>16960</LodDistance>
			<IsVisible>true</IsVisible>
			<MaxHealth>1000</MaxHealth>
			<Health>1000</Health>
			<HasGravity>true</HasGravity>
			<IsOnFire>false</IsOnFire>
			<IsInvincible>false</IsInvincible>
			<IsBulletProof>false</IsBulletProof>
			<IsCollisionProof>false</IsCollisionProof>
			<IsExplosionProof>false</IsExplosionProof>
			<IsFireProof>false</IsFireProof>
			<IsMeleeProof>false</IsMeleeProof>
			<IsOnlyDamagedByPlayer>false</IsOnlyDamagedByPlayer>
			<PositionRotation>
				<X>-1278.8739</X>
				<Y>-2930.47925</Y>
				<Z>13.8542824</Z>
				<Pitch>1.98855996</Pitch>
				<Roll>9.77523518</Roll>
				<Yaw>71.3395233</Yaw>
			</PositionRotation>
			<Attachment isAttached="true">
				<AttachedTo>4376</AttachedTo>
				<BoneIndex>0</BoneIndex>
				<X>0.0399999991</X>
				<Y>1.49999893</Y>
				<Z>0.0999999717</Z>
				<Pitch>0</Pitch>
				<Roll>0</Roll>
				<Yaw>0</Yaw>
			</Attachment>
		</Attachment>
		<Attachment>
			<ModelHash>0x7f845900</ModelHash>
			<Type>3</Type>
			<Dynamic>false</Dynamic>
			<FrozenPos>true</FrozenPos>
			<HashName>prop_barbell_01</HashName>
			<InitialHandle>136237</InitialHandle>
			<ObjectProperties>
				<TextureVariation>0</TextureVariation>
			</ObjectProperties>
			<OpacityLevel>255</OpacityLevel>
			<LodDistance>16960</LodDistance>
			<IsVisible>true</IsVisible>
			<MaxHealth>1000</MaxHealth>
			<Health>1000</Health>
			<HasGravity>true</HasGravity>
			<IsOnFire>false</IsOnFire>
			<IsInvincible>false</IsInvincible>
			<IsBulletProof>false</IsBulletProof>
			<IsCollisionProof>false</IsCollisionProof>
			<IsExplosionProof>false</IsExplosionProof>
			<IsFireProof>false</IsFireProof>
			<IsMeleeProof>false</IsMeleeProof>
			<IsOnlyDamagedByPlayer>false</IsOnlyDamagedByPlayer>
			<PositionRotation>
				<X>-1275.979</X>
				<Y>-2930.7561</Y>
				<Z>13.2614565</Z>
				<Pitch>-44.8288383</Pitch>
				<Roll>-166.356659</Roll>
				<Yaw>82.0696335</Yaw>
			</PositionRotation>
			<Attachment isAttached="true">
				<AttachedTo>4376</AttachedTo>
				<BoneIndex>0</BoneIndex>
				<X>0.778132439</X>
				<Y>-1.35024047</Y>
				<Z>-0.274332911</Z>
				<Pitch>-47.7812309</Pitch>
				<Roll>179.829056</Roll>
				<Yaw>0.545516968</Yaw>
			</Attachment>
		</Attachment>
		<Attachment>
			<ModelHash>0x7f845900</ModelHash>
			<Type>3</Type>
			<Dynamic>false</Dynamic>
			<FrozenPos>true</FrozenPos>
			<HashName>prop_barbell_01</HashName>
			<InitialHandle>45369</InitialHandle>
			<ObjectProperties>
				<TextureVariation>0</TextureVariation>
			</ObjectProperties>
			<OpacityLevel>255</OpacityLevel>
			<LodDistance>16960</LodDistance>
			<IsVisible>true</IsVisible>
			<MaxHealth>1000</MaxHealth>
			<Health>829</Health>
			<HasGravity>true</HasGravity>
			<IsOnFire>false</IsOnFire>
			<IsInvincible>false</IsInvincible>
			<IsBulletProof>false</IsBulletProof>
			<IsCollisionProof>false</IsCollisionProof>
			<IsExplosionProof>false</IsExplosionProof>
			<IsFireProof>false</IsFireProof>
			<IsMeleeProof>false</IsMeleeProof>
			<IsOnlyDamagedByPlayer>false</IsOnlyDamagedByPlayer>
			<PositionRotation>
				<X>-1276.48596</X>
				<Y>-2932.22559</Y>
				<Z>13.5259523</Z>
				<Pitch>44.8292389</Pitch>
				<Roll>166.405563</Roll>
				<Yaw>-97.930191</Yaw>
			</PositionRotation>
			<Attachment isAttached="true">
				<AttachedTo>4376</AttachedTo>
				<BoneIndex>0</BoneIndex>
				<X>-0.798619151</X>
				<Y>-1.33101821</Y>
				<Z>-0.278105885</Z>
				<Pitch>47.7816505</Pitch>
				<Roll>-179.780075</Roll>
				<Yaw>180.545547</Yaw>
			</Attachment>
		</Attachment>
		<Attachment>
			<ModelHash>0xcce69aff</ModelHash>
			<Type>3</Type>
			<Dynamic>false</Dynamic>
			<FrozenPos>true</FrozenPos>
			<HashName>p_bloodsplat_s</HashName>
			<InitialHandle>39472</InitialHandle>
			<ObjectProperties>
				<TextureVariation>0</TextureVariation>
			</ObjectProperties>
			<OpacityLevel>255</OpacityLevel>
			<LodDistance>16960</LodDistance>
			<IsVisible>true</IsVisible>
			<MaxHealth>1000</MaxHealth>
			<Health>1000</Health>
			<HasGravity>true</HasGravity>
			<IsOnFire>false</IsOnFire>
			<IsInvincible>false</IsInvincible>
			<IsBulletProof>false</IsBulletProof>
			<IsCollisionProof>false</IsCollisionProof>
			<IsExplosionProof>false</IsExplosionProof>
			<IsFireProof>false</IsFireProof>
			<IsMeleeProof>false</IsMeleeProof>
			<IsOnlyDamagedByPlayer>false</IsOnlyDamagedByPlayer>
			<PositionRotation>
				<X>-1278.2854</X>
				<Y>-2930.6272</Y>
				<Z>14.2373934</Z>
				<Pitch>-61.3232918</Pitch>
				<Roll>-19.2025681</Roll>
				<Yaw>-130.630325</Yaw>
			</PositionRotation>
			<Attachment isAttached="true">
				<AttachedTo>4376</AttachedTo>
				<BoneIndex>0</BoneIndex>
				<X>0.018767558</X>
				<Y>0.908695519</Y>
				<Z>0.506164432</Z>
				<Pitch>-61.5635414</Pitch>
				<Roll>1.74567294</Roll>
				<Yaw>176.306656</Yaw>
			</Attachment>
		</Attachment>
		<Attachment>
			<ModelHash>0x7e1240ea</ModelHash>
			<Type>3</Type>
			<Dynamic>false</Dynamic>
			<FrozenPos>true</FrozenPos>
			<HashName>prop_tool_consaw</HashName>
			<InitialHandle>144680</InitialHandle>
			<ObjectProperties>
				<TextureVariation>0</TextureVariation>
			</ObjectProperties>
			<OpacityLevel>255</OpacityLevel>
			<LodDistance>16960</LodDistance>
			<IsVisible>true</IsVisible>
			<MaxHealth>1000</MaxHealth>
			<Health>1000</Health>
			<HasGravity>true</HasGravity>
			<IsOnFire>false</IsOnFire>
			<IsInvincible>false</IsInvincible>
			<IsBulletProof>false</IsBulletProof>
			<IsCollisionProof>false</IsCollisionProof>
			<IsExplosionProof>false</IsExplosionProof>
			<IsFireProof>false</IsFireProof>
			<IsMeleeProof>false</IsMeleeProof>
			<IsOnlyDamagedByPlayer>false</IsOnlyDamagedByPlayer>
			<PositionRotation>
				<X>-1279.78625</X>
				<Y>-2930.97803</Y>
				<Z>13.5874844</Z>
				<Pitch>-13.9082336</Pitch>
				<Roll>-8.91428566</Roll>
				<Yaw>-24.6539898</Yaw>
			</PositionRotation>
			<Attachment isAttached="true">
				<AttachedTo>4376</AttachedTo>
				<BoneIndex>0</BoneIndex>
				<X>-0.664075494</X>
				<Y>2.19501042</Y>
				<Z>-0.316680372</Z>
				<Pitch>-3.97746944</Pitch>
				<Roll>-9.84941673</Roll>
				<Yaw>-96.3095093</Yaw>
			</Attachment>
		</Attachment>
		<Attachment>
			<ModelHash>0xcce69aff</ModelHash>
			<Type>3</Type>
			<Dynamic>false</Dynamic>
			<FrozenPos>true</FrozenPos>
			<HashName>p_bloodsplat_s</HashName>
			<InitialHandle>99116</InitialHandle>
			<ObjectProperties>
				<TextureVariation>0</TextureVariation>
			</ObjectProperties>
			<OpacityLevel>255</OpacityLevel>
			<LodDistance>16960</LodDistance>
			<IsVisible>true</IsVisible>
			<MaxHealth>1000</MaxHealth>
			<Health>1000</Health>
			<HasGravity>true</HasGravity>
			<IsOnFire>false</IsOnFire>
			<IsInvincible>false</IsInvincible>
			<IsBulletProof>false</IsBulletProof>
			<IsCollisionProof>false</IsCollisionProof>
			<IsExplosionProof>false</IsExplosionProof>
			<IsFireProof>false</IsFireProof>
			<IsMeleeProof>false</IsMeleeProof>
			<IsOnlyDamagedByPlayer>false</IsOnlyDamagedByPlayer>
			<PositionRotation>
				<X>-1279.53674</X>
				<Y>-2930.96509</Y>
				<Z>14.1875896</Z>
				<Pitch>-78.2805862</Pitch>
				<Roll>-62.2188263</Roll>
				<Yaw>-163.343491</Yaw>
			</PositionRotation>
			<Attachment isAttached="true">
				<AttachedTo>4376</AttachedTo>
				<BoneIndex>0</BoneIndex>
				<X>-0.676388741</X>
				<Y>1.98375833</Y>
				<Z>0.297954082</Z>
				<Pitch>-81.2952042</Pitch>
				<Roll>-5.82058334</Roll>
				<Yaw>180.802856</Yaw>
			</Attachment>
		</Attachment>
		<Attachment>
			<ModelHash>0xb462ffae</ModelHash>
			<Type>3</Type>
			<Dynamic>false</Dynamic>
			<FrozenPos>true</FrozenPos>
			<HashName>v_ilev_body_parts</HashName>
			<InitialHandle>40494</InitialHandle>
			<ObjectProperties>
				<TextureVariation>0</TextureVariation>
			</ObjectProperties>
			<OpacityLevel>255</OpacityLevel>
			<LodDistance>16960</LodDistance>
			<IsVisible>true</IsVisible>
			<MaxHealth>1000</MaxHealth>
			<Health>1000</Health>
			<HasGravity>true</HasGravity>
			<IsOnFire>false</IsOnFire>
			<IsInvincible>false</IsInvincible>
			<IsBulletProof>false</IsBulletProof>
			<IsCollisionProof>false</IsCollisionProof>
			<IsExplosionProof>false</IsExplosionProof>
			<IsFireProof>false</IsFireProof>
			<IsMeleeProof>false</IsMeleeProof>
			<IsOnlyDamagedByPlayer>false</IsOnlyDamagedByPlayer>
			<PositionRotation>
				<X>-1279.40527</X>
				<Y>-2930.33569</Y>
				<Z>14.0666027</Z>
				<Pitch>-8.51595306</Pitch>
				<Roll>10.7293005</Roll>
				<Yaw>73.1593857</Yaw>
			</PositionRotation>
			<Attachment isAttached="true">
				<AttachedTo>4376</AttachedTo>
				<BoneIndex>0</BoneIndex>
				<X>-0.0263685249</X>
				<Y>2.05626464</Y>
				<Z>0.284544855</Z>
				<Pitch>-10.6600456</Pitch>
				<Roll>0.850015163</Roll>
				<Yaw>1.56849128e-05</Yaw>
			</Attachment>
		</Attachment>
		<Attachment>
			<ModelHash>0x8545b4a9</ModelHash>
			<Type>3</Type>
			<Dynamic>false</Dynamic>
			<FrozenPos>true</FrozenPos>
			<HashName>prop_toiletfoot_static</HashName>
			<InitialHandle>127789</InitialHandle>
			<ObjectProperties>
				<TextureVariation>0</TextureVariation>
			</ObjectProperties>
			<OpacityLevel>255</OpacityLevel>
			<LodDistance>16960</LodDistance>
			<IsVisible>true</IsVisible>
			<MaxHealth>1000</MaxHealth>
			<Health>1000</Health>
			<HasGravity>true</HasGravity>
			<IsOnFire>false</IsOnFire>
			<IsInvincible>false</IsInvincible>
			<IsBulletProof>false</IsBulletProof>
			<IsCollisionProof>false</IsCollisionProof>
			<IsExplosionProof>false</IsExplosionProof>
			<IsFireProof>false</IsFireProof>
			<IsMeleeProof>false</IsMeleeProof>
			<IsOnlyDamagedByPlayer>false</IsOnlyDamagedByPlayer>
			<PositionRotation>
				<X>-1279.87646</X>
				<Y>-2929.23682</Y>
				<Z>13.2698364</Z>
				<Pitch>-2.83816051</Pitch>
				<Roll>97.316864</Roll>
				<Yaw>102.987801</Yaw>
			</PositionRotation>
			<Attachment isAttached="true">
				<AttachedTo>4376</AttachedTo>
				<BoneIndex>0</BoneIndex>
				<X>0.990926981</X>
				<Y>2.82621884</Y>
				<Z>-0.37631005</Z>
				<Pitch>-9.60289001</Pitch>
				<Roll>89.9402695</Roll>
				<Yaw>30.6764221</Yaw>
			</Attachment>
		</Attachment>
		<Attachment>
			<ModelHash>0xcce69aff</ModelHash>
			<Type>3</Type>
			<Dynamic>false</Dynamic>
			<FrozenPos>true</FrozenPos>
			<HashName>p_bloodsplat_s</HashName>
			<InitialHandle>124205</InitialHandle>
			<ObjectProperties>
				<TextureVariation>0</TextureVariation>
			</ObjectProperties>
			<OpacityLevel>255</OpacityLevel>
			<LodDistance>16960</LodDistance>
			<IsVisible>true</IsVisible>
			<MaxHealth>1000</MaxHealth>
			<Health>778</Health>
			<HasGravity>true</HasGravity>
			<IsOnFire>false</IsOnFire>
			<IsInvincible>false</IsInvincible>
			<IsBulletProof>false</IsBulletProof>
			<IsCollisionProof>false</IsCollisionProof>
			<IsExplosionProof>false</IsExplosionProof>
			<IsFireProof>false</IsFireProof>
			<IsMeleeProof>false</IsMeleeProof>
			<IsOnlyDamagedByPlayer>false</IsOnlyDamagedByPlayer>
			<PositionRotation>
				<X>-1275.52905</X>
				<Y>-2931.6272</Y>
				<Z>14.0997982</Z>
				<Pitch>-78.1713486</Pitch>
				<Roll>52.6113358</Roll>
				<Yaw>127.384743</Yaw>
			</PositionRotation>
			<Attachment isAttached="true">
				<AttachedTo>4376</AttachedTo>
				<BoneIndex>1</BoneIndex>
				<X>-0.039814271</X>
				<Y>-2.02573729</Y>
				<Z>0.459752411</Z>
				<Pitch>-85.3847427</Pitch>
				<Roll>-3.0812006</Roll>
				<Yaw>0.576828003</Yaw>
			</Attachment>
		</Attachment>
		<Attachment>
			<ModelHash>0xe2ba016f</ModelHash>
			<Type>3</Type>
			<Dynamic>false</Dynamic>
			<FrozenPos>true</FrozenPos>
			<HashName>prop_cs_katana_01</HashName>
			<InitialHandle>81958</InitialHandle>
			<ObjectProperties>
				<TextureVariation>0</TextureVariation>
			</ObjectProperties>
			<OpacityLevel>255</OpacityLevel>
			<LodDistance>16960</LodDistance>
			<IsVisible>true</IsVisible>
			<MaxHealth>1000</MaxHealth>
			<Health>1000</Health>
			<HasGravity>true</HasGravity>
			<IsOnFire>false</IsOnFire>
			<IsInvincible>false</IsInvincible>
			<IsBulletProof>false</IsBulletProof>
			<IsCollisionProof>false</IsCollisionProof>
			<IsExplosionProof>false</IsExplosionProof>
			<IsFireProof>false</IsFireProof>
			<IsMeleeProof>false</IsMeleeProof>
			<IsOnlyDamagedByPlayer>false</IsOnlyDamagedByPlayer>
			<PositionRotation>
				<X>-1280.14771</X>
				<Y>-2930.896</Y>
				<Z>13.809948</Z>
				<Pitch>-80.0217819</Pitch>
				<Roll>-12.9129944</Roll>
				<Yaw>149.252045</Yaw>
			</PositionRotation>
			<Attachment isAttached="true">
				<AttachedTo>4376</AttachedTo>
				<BoneIndex>0</BoneIndex>
				<X>-0.737054467</X>
				<Y>2.57123637</Y>
				<Z>-0.116632037</Z>
				<Pitch>-89.8786697</Pitch>
				<Roll>-100.330467</Roll>
				<Yaw>-9.66444397</Yaw>
			</Attachment>
		</Attachment>
		<Attachment>
			<ModelHash>0xe2ba016f</ModelHash>
			<Type>3</Type>
			<Dynamic>false</Dynamic>
			<FrozenPos>true</FrozenPos>
			<HashName>prop_cs_katana_01</HashName>
			<InitialHandle>150829</InitialHandle>
			<ObjectProperties>
				<TextureVariation>0</TextureVariation>
			</ObjectProperties>
			<OpacityLevel>255</OpacityLevel>
			<LodDistance>16960</LodDistance>
			<IsVisible>true</IsVisible>
			<MaxHealth>1000</MaxHealth>
			<Health>1000</Health>
			<HasGravity>true</HasGravity>
			<IsOnFire>false</IsOnFire>
			<IsInvincible>false</IsInvincible>
			<IsBulletProof>false</IsBulletProof>
			<IsCollisionProof>false</IsCollisionProof>
			<IsExplosionProof>false</IsExplosionProof>
			<IsFireProof>false</IsFireProof>
			<IsMeleeProof>false</IsMeleeProof>
			<IsOnlyDamagedByPlayer>false</IsOnlyDamagedByPlayer>
			<PositionRotation>
				<X>-1279.7113</X>
				<Y>-2929.54565</Y>
				<Z>13.5659523</Z>
				<Pitch>80.021553</Pitch>
				<Roll>-166.004089</Roll>
				<Yaw>-30.7823811</Yaw>
			</PositionRotation>
			<Attachment isAttached="true">
				<AttachedTo>4376</AttachedTo>
				<BoneIndex>0</BoneIndex>
				<X>0.702859282</X>
				<Y>2.58136106</Y>
				<Z>-0.116652727</Z>
				<Pitch>89.8726959</Pitch>
				<Roll>-78.6115799</Roll>
				<Yaw>170.326599</Yaw>
			</Attachment>
		</Attachment>
		<Attachment>
			<ModelHash>0xd6cc0902</ModelHash>
			<Type>3</Type>
			<Dynamic>false</Dynamic>
			<FrozenPos>true</FrozenPos>
			<HashName>imp_prop_impexp_front_bars_01b</HashName>
			<InitialHandle>46631</InitialHandle>
			<ObjectProperties>
				<TextureVariation>0</TextureVariation>
			</ObjectProperties>
			<OpacityLevel>255</OpacityLevel>
			<LodDistance>16960</LodDistance>
			<IsVisible>true</IsVisible>
			<MaxHealth>1000</MaxHealth>
			<Health>1000</Health>
			<HasGravity>true</HasGravity>
			<IsOnFire>false</IsOnFire>
			<IsInvincible>false</IsInvincible>
			<IsBulletProof>false</IsBulletProof>
			<IsCollisionProof>false</IsCollisionProof>
			<IsExplosionProof>false</IsExplosionProof>
			<IsFireProof>false</IsFireProof>
			<IsMeleeProof>false</IsMeleeProof>
			<IsOnlyDamagedByPlayer>false</IsOnlyDamagedByPlayer>
			<PositionRotation>
				<X>-1279.81824</X>
				<Y>-2929.68042</Y>
				<Z>13.4088659</Z>
				<Pitch>1.98861074</Pitch>
				<Roll>9.77520657</Roll>
				<Yaw>71.3395615</Yaw>
			</PositionRotation>
			<Attachment isAttached="true">
				<AttachedTo>4376</AttachedTo>
				<BoneIndex>0</BoneIndex>
				<X>0.570408821</X>
				<Y>2.63404059</Y>
				<Z>-0.300825119</Z>
				<Pitch>4.50924999e-05</Pitch>
				<Roll>-2.66417774e-05</Roll>
				<Yaw>3.68739566e-05</Yaw>
			</Attachment>
		</Attachment>
		<Attachment>
			<ModelHash>0x9026c985</ModelHash>
			<Type>3</Type>
			<Dynamic>false</Dynamic>
			<FrozenPos>true</FrozenPos>
			<HashName>w_ar_railgun</HashName>
			<InitialHandle>38188</InitialHandle>
			<ObjectProperties>
				<TextureVariation>0</TextureVariation>
			</ObjectProperties>
			<OpacityLevel>255</OpacityLevel>
			<LodDistance>16960</LodDistance>
			<IsVisible>true</IsVisible>
			<MaxHealth>1000</MaxHealth>
			<Health>1000</Health>
			<HasGravity>true</HasGravity>
			<IsOnFire>false</IsOnFire>
			<IsInvincible>false</IsInvincible>
			<IsBulletProof>false</IsBulletProof>
			<IsCollisionProof>false</IsCollisionProof>
			<IsExplosionProof>false</IsExplosionProof>
			<IsFireProof>false</IsFireProof>
			<IsMeleeProof>false</IsMeleeProof>
			<IsOnlyDamagedByPlayer>false</IsOnlyDamagedByPlayer>
			<PositionRotation>
				<X>-1277.9408</X>
				<Y>-2930.15405</Y>
				<Z>13.9957886</Z>
				<Pitch>-22.393734</Pitch>
				<Roll>-169.452728</Roll>
				<Yaw>76.4291306</Yaw>
			</PositionRotation>
			<Attachment isAttached="true">
				<AttachedTo>4376</AttachedTo>
				<BoneIndex>0</BoneIndex>
				<X>0.609288454</X>
				<Y>0.725312233</Y>
				<Z>0.369051158</Z>
				<Pitch>-24.8744202</Pitch>
				<Roll>179.999039</Roll>
				<Yaw>0.679779053</Yaw>
			</Attachment>
		</Attachment>
		<Attachment>
			<ModelHash>0xdf97f49c</ModelHash>
			<Type>3</Type>
			<Dynamic>false</Dynamic>
			<FrozenPos>true</FrozenPos>
			<HashName>hei_prop_server_piece_lights</HashName>
			<InitialHandle>39725</InitialHandle>
			<ObjectProperties>
				<TextureVariation>0</TextureVariation>
			</ObjectProperties>
			<OpacityLevel>255</OpacityLevel>
			<LodDistance>16960</LodDistance>
			<IsVisible>true</IsVisible>
			<MaxHealth>1000</MaxHealth>
			<Health>1000</Health>
			<HasGravity>true</HasGravity>
			<IsOnFire>false</IsOnFire>
			<IsInvincible>false</IsInvincible>
			<IsBulletProof>false</IsBulletProof>
			<IsCollisionProof>false</IsCollisionProof>
			<IsExplosionProof>false</IsExplosionProof>
			<IsFireProof>false</IsFireProof>
			<IsMeleeProof>false</IsMeleeProof>
			<IsOnlyDamagedByPlayer>false</IsOnlyDamagedByPlayer>
			<PositionRotation>
				<X>-1278.21851</X>
				<Y>-2930.427</Y>
				<Z>14.0155592</Z>
				<Pitch>-9.87800217</Pitch>
				<Roll>9.62663841</Roll>
				<Yaw>70.7574539</Yaw>
			</PositionRotation>
			<Attachment isAttached="true">
				<AttachedTo>4376</AttachedTo>
				<BoneIndex>0</BoneIndex>
				<X>0.264381081</X>
				<Y>0.901690364</Y>
				<Z>0.323488533</Z>
				<Pitch>-11.5923176</Pitch>
				<Roll>-0.374315709</Roll>
				<Yaw>-2.61979675</Yaw>
			</Attachment>
		</Attachment>
		<Attachment>
			<ModelHash>0xcce69aff</ModelHash>
			<Type>3</Type>
			<Dynamic>false</Dynamic>
			<FrozenPos>true</FrozenPos>
			<HashName>p_bloodsplat_s</HashName>
			<InitialHandle>1579</InitialHandle>
			<ObjectProperties>
				<TextureVariation>0</TextureVariation>
			</ObjectProperties>
			<OpacityLevel>255</OpacityLevel>
			<LodDistance>16960</LodDistance>
			<IsVisible>true</IsVisible>
			<MaxHealth>1000</MaxHealth>
			<Health>1000</Health>
			<HasGravity>true</HasGravity>
			<IsOnFire>false</IsOnFire>
			<IsInvincible>false</IsInvincible>
			<IsBulletProof>false</IsBulletProof>
			<IsCollisionProof>false</IsCollisionProof>
			<IsExplosionProof>false</IsExplosionProof>
			<IsFireProof>false</IsFireProof>
			<IsMeleeProof>false</IsMeleeProof>
			<IsOnlyDamagedByPlayer>false</IsOnlyDamagedByPlayer>
			<PositionRotation>
				<X>-1280.30151</X>
				<Y>-2930.89844</Y>
				<Z>13.5970564</Z>
				<Pitch>-16.3859596</Pitch>
				<Roll>-104.787941</Roll>
				<Yaw>-23.3686962</Yaw>
			</PositionRotation>
			<Attachment isAttached="true">
				<AttachedTo>4376</AttachedTo>
				<BoneIndex>0</BoneIndex>
				<X>-0.750791669</X>
				<Y>2.70872402</Y>
				<Z>-0.340000957</Z>
				<Pitch>-6.47746563</Pitch>
				<Roll>-105.949661</Roll>
				<Yaw>-95.1094131</Yaw>
			</Attachment>
		</Attachment>
		<Attachment>
			<ModelHash>0x7e1240ea</ModelHash>
			<Type>3</Type>
			<Dynamic>false</Dynamic>
			<FrozenPos>true</FrozenPos>
			<HashName>prop_tool_consaw</HashName>
			<InitialHandle>110891</InitialHandle>
			<ObjectProperties>
				<TextureVariation>0</TextureVariation>
			</ObjectProperties>
			<OpacityLevel>255</OpacityLevel>
			<LodDistance>16960</LodDistance>
			<IsVisible>true</IsVisible>
			<MaxHealth>1000</MaxHealth>
			<Health>1000</Health>
			<HasGravity>true</HasGravity>
			<IsOnFire>false</IsOnFire>
			<IsInvincible>false</IsInvincible>
			<IsBulletProof>false</IsBulletProof>
			<IsCollisionProof>false</IsCollisionProof>
			<IsExplosionProof>false</IsExplosionProof>
			<IsFireProof>false</IsFireProof>
			<IsMeleeProof>false</IsMeleeProof>
			<IsOnlyDamagedByPlayer>false</IsOnlyDamagedByPlayer>
			<PositionRotation>
				<X>-1279.74597</X>
				<Y>-2930.85645</Y>
				<Z>13.5654259</Z>
				<Pitch>-13.9082336</Pitch>
				<Roll>-8.91428566</Roll>
				<Yaw>-24.6539898</Yaw>
			</PositionRotation>
			<Attachment isAttached="true">
				<AttachedTo>4376</AttachedTo>
				<BoneIndex>0</BoneIndex>
				<X>-0.534075618</X>
				<Y>2.19501042</Y>
				<Z>-0.316680372</Z>
				<Pitch>-3.97746944</Pitch>
				<Roll>-9.84941673</Roll>
				<Yaw>-96.3095093</Yaw>
			</Attachment>
		</Attachment>
		<Attachment>
			<ModelHash>0x7e1240ea</ModelHash>
			<Type>3</Type>
			<Dynamic>false</Dynamic>
			<FrozenPos>true</FrozenPos>
			<HashName>prop_tool_consaw</HashName>
			<InitialHandle>2603</InitialHandle>
			<ObjectProperties>
				<TextureVariation>0</TextureVariation>
			</ObjectProperties>
			<OpacityLevel>255</OpacityLevel>
			<LodDistance>16960</LodDistance>
			<IsVisible>true</IsVisible>
			<MaxHealth>1000</MaxHealth>
			<Health>1000</Health>
			<HasGravity>true</HasGravity>
			<IsOnFire>false</IsOnFire>
			<IsInvincible>false</IsInvincible>
			<IsBulletProof>false</IsBulletProof>
			<IsCollisionProof>false</IsCollisionProof>
			<IsExplosionProof>false</IsExplosionProof>
			<IsFireProof>false</IsFireProof>
			<IsMeleeProof>false</IsMeleeProof>
			<IsOnlyDamagedByPlayer>false</IsOnlyDamagedByPlayer>
			<PositionRotation>
				<X>-1279.69019</X>
				<Y>-2930.68799</Y>
				<Z>13.5348835</Z>
				<Pitch>-13.9082336</Pitch>
				<Roll>-8.91428566</Roll>
				<Yaw>-24.6539898</Yaw>
			</PositionRotation>
			<Attachment isAttached="true">
				<AttachedTo>4376</AttachedTo>
				<BoneIndex>0</BoneIndex>
				<X>-0.354075789</X>
				<Y>2.19501042</Y>
				<Z>-0.316680372</Z>
				<Pitch>-3.97746944</Pitch>
				<Roll>-9.84941673</Roll>
				<Yaw>-96.3095093</Yaw>
			</Attachment>
		</Attachment>
		<Attachment>
			<ModelHash>0x7e1240ea</ModelHash>
			<Type>3</Type>
			<Dynamic>false</Dynamic>
			<FrozenPos>true</FrozenPos>
			<HashName>prop_tool_consaw</HashName>
			<InitialHandle>41517</InitialHandle>
			<ObjectProperties>
				<TextureVariation>0</TextureVariation>
			</ObjectProperties>
			<OpacityLevel>255</OpacityLevel>
			<LodDistance>16960</LodDistance>
			<IsVisible>true</IsVisible>
			<MaxHealth>1000</MaxHealth>
			<Health>1000</Health>
			<HasGravity>true</HasGravity>
			<IsOnFire>false</IsOnFire>
			<IsInvincible>false</IsInvincible>
			<IsBulletProof>false</IsBulletProof>
			<IsCollisionProof>false</IsCollisionProof>
			<IsExplosionProof>false</IsExplosionProof>
			<IsFireProof>false</IsFireProof>
			<IsMeleeProof>false</IsMeleeProof>
			<IsOnlyDamagedByPlayer>false</IsOnlyDamagedByPlayer>
			<PositionRotation>
				<X>-1279.6438</X>
				<Y>-2930.54785</Y>
				<Z>13.5094309</Z>
				<Pitch>-13.9082336</Pitch>
				<Roll>-8.91428566</Roll>
				<Yaw>-24.6539898</Yaw>
			</PositionRotation>
			<Attachment isAttached="true">
				<AttachedTo>4376</AttachedTo>
				<BoneIndex>0</BoneIndex>
				<X>-0.204075858</X>
				<Y>2.19501042</Y>
				<Z>-0.316680372</Z>
				<Pitch>-3.97746944</Pitch>
				<Roll>-9.84941673</Roll>
				<Yaw>-96.3095093</Yaw>
			</Attachment>
		</Attachment>
		<Attachment>
			<ModelHash>0x7e1240ea</ModelHash>
			<Type>3</Type>
			<Dynamic>false</Dynamic>
			<FrozenPos>true</FrozenPos>
			<HashName>prop_tool_consaw</HashName>
			<InitialHandle>121384</InitialHandle>
			<ObjectProperties>
				<TextureVariation>0</TextureVariation>
			</ObjectProperties>
			<OpacityLevel>255</OpacityLevel>
			<LodDistance>16960</LodDistance>
			<IsVisible>true</IsVisible>
			<MaxHealth>1000</MaxHealth>
			<Health>1000</Health>
			<HasGravity>true</HasGravity>
			<IsOnFire>false</IsOnFire>
			<IsInvincible>false</IsInvincible>
			<IsBulletProof>false</IsBulletProof>
			<IsCollisionProof>false</IsCollisionProof>
			<IsExplosionProof>false</IsExplosionProof>
			<IsFireProof>false</IsFireProof>
			<IsMeleeProof>false</IsMeleeProof>
			<IsOnlyDamagedByPlayer>false</IsOnlyDamagedByPlayer>
			<PositionRotation>
				<X>-1279.59424</X>
				<Y>-2930.39795</Y>
				<Z>13.4822826</Z>
				<Pitch>-13.9082336</Pitch>
				<Roll>-8.91428566</Roll>
				<Yaw>-24.6539898</Yaw>
			</PositionRotation>
			<Attachment isAttached="true">
				<AttachedTo>4376</AttachedTo>
				<BoneIndex>0</BoneIndex>
				<X>-0.0440758392</X>
				<Y>2.19501042</Y>
				<Z>-0.316680372</Z>
				<Pitch>-3.97746944</Pitch>
				<Roll>-9.84941673</Roll>
				<Yaw>-96.3095093</Yaw>
			</Attachment>
		</Attachment>
		<Attachment>
			<ModelHash>0x7e1240ea</ModelHash>
			<Type>3</Type>
			<Dynamic>false</Dynamic>
			<FrozenPos>true</FrozenPos>
			<HashName>prop_tool_consaw</HashName>
			<InitialHandle>52538</InitialHandle>
			<ObjectProperties>
				<TextureVariation>0</TextureVariation>
			</ObjectProperties>
			<OpacityLevel>255</OpacityLevel>
			<LodDistance>16960</LodDistance>
			<IsVisible>true</IsVisible>
			<MaxHealth>1000</MaxHealth>
			<Health>1000</Health>
			<HasGravity>true</HasGravity>
			<IsOnFire>false</IsOnFire>
			<IsInvincible>false</IsInvincible>
			<IsBulletProof>false</IsBulletProof>
			<IsCollisionProof>false</IsCollisionProof>
			<IsExplosionProof>false</IsExplosionProof>
			<IsFireProof>false</IsFireProof>
			<IsMeleeProof>false</IsMeleeProof>
			<IsOnlyDamagedByPlayer>false</IsOnlyDamagedByPlayer>
			<PositionRotation>
				<X>-1279.54773</X>
				<Y>-2930.25781</Y>
				<Z>13.45683</Z>
				<Pitch>-13.9082336</Pitch>
				<Roll>-8.91428566</Roll>
				<Yaw>-24.6539898</Yaw>
			</PositionRotation>
			<Attachment isAttached="true">
				<AttachedTo>4376</AttachedTo>
				<BoneIndex>0</BoneIndex>
				<X>0.105924144</X>
				<Y>2.19501042</Y>
				<Z>-0.316680372</Z>
				<Pitch>-3.97746944</Pitch>
				<Roll>-9.84941673</Roll>
				<Yaw>-96.3095093</Yaw>
			</Attachment>
		</Attachment>
		<Attachment>
			<ModelHash>0x7e1240ea</ModelHash>
			<Type>3</Type>
			<Dynamic>false</Dynamic>
			<FrozenPos>true</FrozenPos>
			<HashName>prop_tool_consaw</HashName>
			<InitialHandle>152364</InitialHandle>
			<ObjectProperties>
				<TextureVariation>0</TextureVariation>
			</ObjectProperties>
			<OpacityLevel>255</OpacityLevel>
			<LodDistance>16960</LodDistance>
			<IsVisible>true</IsVisible>
			<MaxHealth>1000</MaxHealth>
			<Health>1000</Health>
			<HasGravity>true</HasGravity>
			<IsOnFire>false</IsOnFire>
			<IsInvincible>false</IsInvincible>
			<IsBulletProof>false</IsBulletProof>
			<IsCollisionProof>false</IsCollisionProof>
			<IsExplosionProof>false</IsExplosionProof>
			<IsFireProof>false</IsFireProof>
			<IsMeleeProof>false</IsMeleeProof>
			<IsOnlyDamagedByPlayer>false</IsOnlyDamagedByPlayer>
			<PositionRotation>
				<X>-1279.51697</X>
				<Y>-2930.13281</Y>
				<Z>13.4351187</Z>
				<Pitch>-13.9082336</Pitch>
				<Roll>-8.91428566</Roll>
				<Yaw>-24.6539898</Yaw>
			</PositionRotation>
			<Attachment isAttached="true">
				<AttachedTo>4376</AttachedTo>
				<BoneIndex>0</BoneIndex>
				<X>0.235924184</X>
				<Y>2.20501041</Y>
				<Z>-0.316680372</Z>
				<Pitch>-3.97746944</Pitch>
				<Roll>-9.84941673</Roll>
				<Yaw>-96.3095093</Yaw>
			</Attachment>
		</Attachment>
		<Attachment>
			<ModelHash>0x7e1240ea</ModelHash>
			<Type>3</Type>
			<Dynamic>false</Dynamic>
			<FrozenPos>true</FrozenPos>
			<HashName>prop_tool_consaw</HashName>
			<InitialHandle>151343</InitialHandle>
			<ObjectProperties>
				<TextureVariation>0</TextureVariation>
			</ObjectProperties>
			<OpacityLevel>255</OpacityLevel>
			<LodDistance>16960</LodDistance>
			<IsVisible>true</IsVisible>
			<MaxHealth>1000</MaxHealth>
			<Health>1000</Health>
			<HasGravity>true</HasGravity>
			<IsOnFire>false</IsOnFire>
			<IsInvincible>false</IsInvincible>
			<IsBulletProof>false</IsBulletProof>
			<IsCollisionProof>false</IsCollisionProof>
			<IsExplosionProof>false</IsExplosionProof>
			<IsFireProof>false</IsFireProof>
			<IsMeleeProof>false</IsMeleeProof>
			<IsOnlyDamagedByPlayer>false</IsOnlyDamagedByPlayer>
			<PositionRotation>
				<X>-1279.46741</X>
				<Y>-2929.98315</Y>
				<Z>13.4079695</Z>
				<Pitch>-13.9082336</Pitch>
				<Roll>-8.91428566</Roll>
				<Yaw>-24.6539898</Yaw>
			</PositionRotation>
			<Attachment isAttached="true">
				<AttachedTo>4376</AttachedTo>
				<BoneIndex>0</BoneIndex>
				<X>0.395924062</X>
				<Y>2.20501041</Y>
				<Z>-0.316680372</Z>
				<Pitch>-3.97746944</Pitch>
				<Roll>-9.84941673</Roll>
				<Yaw>-96.3095093</Yaw>
			</Attachment>
		</Attachment>
		<Attachment>
			<ModelHash>0x7e1240ea</ModelHash>
			<Type>3</Type>
			<Dynamic>false</Dynamic>
			<FrozenPos>true</FrozenPos>
			<HashName>prop_tool_consaw</HashName>
			<InitialHandle>142352</InitialHandle>
			<ObjectProperties>
				<TextureVariation>0</TextureVariation>
			</ObjectProperties>
			<OpacityLevel>255</OpacityLevel>
			<LodDistance>16960</LodDistance>
			<IsVisible>true</IsVisible>
			<MaxHealth>1000</MaxHealth>
			<Health>1000</Health>
			<HasGravity>true</HasGravity>
			<IsOnFire>false</IsOnFire>
			<IsInvincible>false</IsInvincible>
			<IsBulletProof>false</IsBulletProof>
			<IsCollisionProof>false</IsCollisionProof>
			<IsExplosionProof>false</IsExplosionProof>
			<IsFireProof>false</IsFireProof>
			<IsMeleeProof>false</IsMeleeProof>
			<IsOnlyDamagedByPlayer>false</IsOnlyDamagedByPlayer>
			<PositionRotation>
				<X>-1279.42407</X>
				<Y>-2929.85229</Y>
				<Z>13.3842144</Z>
				<Pitch>-13.9082336</Pitch>
				<Roll>-8.91428566</Roll>
				<Yaw>-24.6539898</Yaw>
			</PositionRotation>
			<Attachment isAttached="true">
				<AttachedTo>4376</AttachedTo>
				<BoneIndex>0</BoneIndex>
				<X>0.535923958</X>
				<Y>2.20501041</Y>
				<Z>-0.316680372</Z>
				<Pitch>-3.97746944</Pitch>
				<Roll>-9.84941673</Roll>
				<Yaw>-96.3095093</Yaw>
			</Attachment>
		</Attachment>
		<Attachment>
			<ModelHash>0x7e1240ea</ModelHash>
			<Type>3</Type>
			<Dynamic>false</Dynamic>
			<FrozenPos>true</FrozenPos>
			<HashName>prop_tool_consaw</HashName>
			<InitialHandle>164132</InitialHandle>
			<ObjectProperties>
				<TextureVariation>0</TextureVariation>
			</ObjectProperties>
			<OpacityLevel>255</OpacityLevel>
			<LodDistance>16960</LodDistance>
			<IsVisible>true</IsVisible>
			<MaxHealth>1000</MaxHealth>
			<Health>1000</Health>
			<HasGravity>true</HasGravity>
			<IsOnFire>false</IsOnFire>
			<IsInvincible>false</IsInvincible>
			<IsBulletProof>false</IsBulletProof>
			<IsCollisionProof>false</IsCollisionProof>
			<IsExplosionProof>false</IsExplosionProof>
			<IsFireProof>false</IsFireProof>
			<IsMeleeProof>false</IsMeleeProof>
			<IsOnlyDamagedByPlayer>false</IsOnlyDamagedByPlayer>
			<PositionRotation>
				<X>-1279.37451</X>
				<Y>-2929.70264</Y>
				<Z>13.3570652</Z>
				<Pitch>-13.9082336</Pitch>
				<Roll>-8.91428566</Roll>
				<Yaw>-24.6539898</Yaw>
			</PositionRotation>
			<Attachment isAttached="true">
				<AttachedTo>4376</AttachedTo>
				<BoneIndex>0</BoneIndex>
				<X>0.695923805</X>
				<Y>2.20501041</Y>
				<Z>-0.316680372</Z>
				<Pitch>-3.97746944</Pitch>
				<Roll>-9.84941673</Roll>
				<Yaw>-96.3095093</Yaw>
			</Attachment>
		</Attachment>
		<Attachment>
			<ModelHash>0x7e1240ea</ModelHash>
			<Type>3</Type>
			<Dynamic>false</Dynamic>
			<FrozenPos>true</FrozenPos>
			<HashName>prop_tool_consaw</HashName>
			<InitialHandle>123951</InitialHandle>
			<ObjectProperties>
				<TextureVariation>0</TextureVariation>
			</ObjectProperties>
			<OpacityLevel>255</OpacityLevel>
			<LodDistance>16960</LodDistance>
			<IsVisible>true</IsVisible>
			<MaxHealth>1000</MaxHealth>
			<Health>1000</Health>
			<HasGravity>true</HasGravity>
			<IsOnFire>false</IsOnFire>
			<IsInvincible>false</IsInvincible>
			<IsBulletProof>false</IsBulletProof>
			<IsCollisionProof>false</IsCollisionProof>
			<IsExplosionProof>false</IsExplosionProof>
			<IsFireProof>false</IsFireProof>
			<IsMeleeProof>false</IsMeleeProof>
			<IsOnlyDamagedByPlayer>false</IsOnlyDamagedByPlayer>
			<PositionRotation>
				<X>-1279.83582</X>
				<Y>-2931.12769</Y>
				<Z>13.6146336</Z>
				<Pitch>-13.9082336</Pitch>
				<Roll>-8.91428566</Roll>
				<Yaw>-24.6539898</Yaw>
			</PositionRotation>
			<Attachment isAttached="true">
				<AttachedTo>4376</AttachedTo>
				<BoneIndex>0</BoneIndex>
				<X>-0.824075341</X>
				<Y>2.19501042</Y>
				<Z>-0.316680372</Z>
				<Pitch>-3.97746944</Pitch>
				<Roll>-9.84941673</Roll>
				<Yaw>-96.3095093</Yaw>
			</Attachment>
		</Attachment>
		<Attachment>
			<ModelHash>0xcce69aff</ModelHash>
			<Type>3</Type>
			<Dynamic>false</Dynamic>
			<FrozenPos>true</FrozenPos>
			<HashName>p_bloodsplat_s</HashName>
			<InitialHandle>103215</InitialHandle>
			<ObjectProperties>
				<TextureVariation>0</TextureVariation>
			</ObjectProperties>
			<OpacityLevel>255</OpacityLevel>
			<LodDistance>16960</LodDistance>
			<IsVisible>true</IsVisible>
			<MaxHealth>1000</MaxHealth>
			<Health>1000</Health>
			<HasGravity>true</HasGravity>
			<IsOnFire>false</IsOnFire>
			<IsInvincible>false</IsInvincible>
			<IsBulletProof>false</IsBulletProof>
			<IsCollisionProof>false</IsCollisionProof>
			<IsExplosionProof>false</IsExplosionProof>
			<IsFireProof>false</IsFireProof>
			<IsMeleeProof>false</IsMeleeProof>
			<IsOnlyDamagedByPlayer>false</IsOnlyDamagedByPlayer>
			<PositionRotation>
				<X>-1280.21167</X>
				<Y>-2930.6272</Y>
				<Z>13.5478487</Z>
				<Pitch>-16.3859596</Pitch>
				<Roll>-104.787941</Roll>
				<Yaw>-23.3686962</Yaw>
			</PositionRotation>
			<Attachment isAttached="true">
				<AttachedTo>4376</AttachedTo>
				<BoneIndex>0</BoneIndex>
				<X>-0.460791945</X>
				<Y>2.70872402</Y>
				<Z>-0.340000957</Z>
				<Pitch>-6.47746563</Pitch>
				<Roll>-105.949661</Roll>
				<Yaw>-95.1094131</Yaw>
			</Attachment>
		</Attachment>
		<Attachment>
			<ModelHash>0xcce69aff</ModelHash>
			<Type>3</Type>
			<Dynamic>false</Dynamic>
			<FrozenPos>true</FrozenPos>
			<HashName>p_bloodsplat_s</HashName>
			<InitialHandle>56866</InitialHandle>
			<ObjectProperties>
				<TextureVariation>0</TextureVariation>
			</ObjectProperties>
			<OpacityLevel>255</OpacityLevel>
			<LodDistance>16960</LodDistance>
			<IsVisible>true</IsVisible>
			<MaxHealth>1000</MaxHealth>
			<Health>1000</Health>
			<HasGravity>true</HasGravity>
			<IsOnFire>false</IsOnFire>
			<IsInvincible>false</IsInvincible>
			<IsBulletProof>false</IsBulletProof>
			<IsCollisionProof>false</IsCollisionProof>
			<IsExplosionProof>false</IsExplosionProof>
			<IsFireProof>false</IsFireProof>
			<IsMeleeProof>false</IsMeleeProof>
			<IsOnlyDamagedByPlayer>false</IsOnlyDamagedByPlayer>
			<PositionRotation>
				<X>-1280.25195</X>
				<Y>-2930.74878</Y>
				<Z>13.5699072</Z>
				<Pitch>-16.3859596</Pitch>
				<Roll>-104.787941</Roll>
				<Yaw>-23.3686962</Yaw>
			</PositionRotation>
			<Attachment isAttached="true">
				<AttachedTo>4376</AttachedTo>
				<BoneIndex>0</BoneIndex>
				<X>-0.590791821</X>
				<Y>2.70872402</Y>
				<Z>-0.340000957</Z>
				<Pitch>-6.47746563</Pitch>
				<Roll>-105.949661</Roll>
				<Yaw>-95.1094131</Yaw>
			</Attachment>
		</Attachment>
		<Attachment>
			<ModelHash>0xcce69aff</ModelHash>
			<Type>3</Type>
			<Dynamic>false</Dynamic>
			<FrozenPos>true</FrozenPos>
			<HashName>p_bloodsplat_s</HashName>
			<InitialHandle>69163</InitialHandle>
			<ObjectProperties>
				<TextureVariation>0</TextureVariation>
			</ObjectProperties>
			<OpacityLevel>255</OpacityLevel>
			<LodDistance>16960</LodDistance>
			<IsVisible>true</IsVisible>
			<MaxHealth>1000</MaxHealth>
			<Health>1000</Health>
			<HasGravity>true</HasGravity>
			<IsOnFire>false</IsOnFire>
			<IsInvincible>false</IsInvincible>
			<IsBulletProof>false</IsBulletProof>
			<IsCollisionProof>false</IsCollisionProof>
			<IsExplosionProof>false</IsExplosionProof>
			<IsFireProof>false</IsFireProof>
			<IsMeleeProof>false</IsMeleeProof>
			<IsOnlyDamagedByPlayer>false</IsOnlyDamagedByPlayer>
			<PositionRotation>
				<X>-1280.15601</X>
				<Y>-2930.45874</Y>
				<Z>13.5173063</Z>
				<Pitch>-16.3859596</Pitch>
				<Roll>-104.787941</Roll>
				<Yaw>-23.3686962</Yaw>
			</PositionRotation>
			<Attachment isAttached="true">
				<AttachedTo>4376</AttachedTo>
				<BoneIndex>0</BoneIndex>
				<X>-0.280792117</X>
				<Y>2.70872402</Y>
				<Z>-0.340000957</Z>
				<Pitch>-6.47746563</Pitch>
				<Roll>-105.949661</Roll>
				<Yaw>-95.1094131</Yaw>
			</Attachment>
		</Attachment>
		<Attachment>
			<ModelHash>0xcce69aff</ModelHash>
			<Type>3</Type>
			<Dynamic>false</Dynamic>
			<FrozenPos>true</FrozenPos>
			<HashName>p_bloodsplat_s</HashName>
			<InitialHandle>66857</InitialHandle>
			<ObjectProperties>
				<TextureVariation>0</TextureVariation>
			</ObjectProperties>
			<OpacityLevel>255</OpacityLevel>
			<LodDistance>16960</LodDistance>
			<IsVisible>true</IsVisible>
			<MaxHealth>1000</MaxHealth>
			<Health>1000</Health>
			<HasGravity>true</HasGravity>
			<IsOnFire>false</IsOnFire>
			<IsInvincible>false</IsInvincible>
			<IsBulletProof>false</IsBulletProof>
			<IsCollisionProof>false</IsCollisionProof>
			<IsExplosionProof>false</IsExplosionProof>
			<IsFireProof>false</IsFireProof>
			<IsMeleeProof>false</IsMeleeProof>
			<IsOnlyDamagedByPlayer>false</IsOnlyDamagedByPlayer>
			<PositionRotation>
				<X>-1280.1095</X>
				<Y>-2930.31836</Y>
				<Z>13.4918537</Z>
				<Pitch>-16.3859596</Pitch>
				<Roll>-104.787941</Roll>
				<Yaw>-23.3686962</Yaw>
			</PositionRotation>
			<Attachment isAttached="true">
				<AttachedTo>4376</AttachedTo>
				<BoneIndex>0</BoneIndex>
				<X>-0.130792081</X>
				<Y>2.70872402</Y>
				<Z>-0.340000957</Z>
				<Pitch>-6.47746563</Pitch>
				<Roll>-105.949661</Roll>
				<Yaw>-95.1094131</Yaw>
			</Attachment>
		</Attachment>
		<Attachment>
			<ModelHash>0xcce69aff</ModelHash>
			<Type>3</Type>
			<Dynamic>false</Dynamic>
			<FrozenPos>true</FrozenPos>
			<HashName>p_bloodsplat_s</HashName>
			<InitialHandle>25962</InitialHandle>
			<ObjectProperties>
				<TextureVariation>0</TextureVariation>
			</ObjectProperties>
			<OpacityLevel>255</OpacityLevel>
			<LodDistance>16960</LodDistance>
			<IsVisible>true</IsVisible>
			<MaxHealth>1000</MaxHealth>
			<Health>1000</Health>
			<HasGravity>true</HasGravity>
			<IsOnFire>false</IsOnFire>
			<IsInvincible>false</IsInvincible>
			<IsBulletProof>false</IsBulletProof>
			<IsCollisionProof>false</IsCollisionProof>
			<IsExplosionProof>false</IsExplosionProof>
			<IsFireProof>false</IsFireProof>
			<IsMeleeProof>false</IsMeleeProof>
			<IsOnlyDamagedByPlayer>false</IsOnlyDamagedByPlayer>
			<PositionRotation>
				<X>-1280.05994</X>
				<Y>-2930.1687</Y>
				<Z>13.4647055</Z>
				<Pitch>-16.3859596</Pitch>
				<Roll>-104.787941</Roll>
				<Yaw>-23.3686962</Yaw>
			</PositionRotation>
			<Attachment isAttached="true">
				<AttachedTo>4376</AttachedTo>
				<BoneIndex>0</BoneIndex>
				<X>0.0292078983</X>
				<Y>2.70872402</Y>
				<Z>-0.340000957</Z>
				<Pitch>-6.47746563</Pitch>
				<Roll>-105.949661</Roll>
				<Yaw>-95.1094131</Yaw>
			</Attachment>
		</Attachment>
		<Attachment>
			<ModelHash>0xcce69aff</ModelHash>
			<Type>3</Type>
			<Dynamic>false</Dynamic>
			<FrozenPos>true</FrozenPos>
			<HashName>p_bloodsplat_s</HashName>
			<InitialHandle>70189</InitialHandle>
			<ObjectProperties>
				<TextureVariation>0</TextureVariation>
			</ObjectProperties>
			<OpacityLevel>255</OpacityLevel>
			<LodDistance>16960</LodDistance>
			<IsVisible>true</IsVisible>
			<MaxHealth>1000</MaxHealth>
			<Health>1000</Health>
			<HasGravity>true</HasGravity>
			<IsOnFire>false</IsOnFire>
			<IsInvincible>false</IsInvincible>
			<IsBulletProof>false</IsBulletProof>
			<IsCollisionProof>false</IsCollisionProof>
			<IsExplosionProof>false</IsExplosionProof>
			<IsFireProof>false</IsFireProof>
			<IsMeleeProof>false</IsMeleeProof>
			<IsOnlyDamagedByPlayer>false</IsOnlyDamagedByPlayer>
			<PositionRotation>
				<X>-1280.01355</X>
				<Y>-2930.02832</Y>
				<Z>13.4392529</Z>
				<Pitch>-16.3859596</Pitch>
				<Roll>-104.787941</Roll>
				<Yaw>-23.3686962</Yaw>
			</PositionRotation>
			<Attachment isAttached="true">
				<AttachedTo>4376</AttachedTo>
				<BoneIndex>0</BoneIndex>
				<X>0.179207906</X>
				<Y>2.70872402</Y>
				<Z>-0.340000957</Z>
				<Pitch>-6.47746563</Pitch>
				<Roll>-105.949661</Roll>
				<Yaw>-95.1094131</Yaw>
			</Attachment>
		</Attachment>
		<Attachment>
			<ModelHash>0xcce69aff</ModelHash>
			<Type>3</Type>
			<Dynamic>false</Dynamic>
			<FrozenPos>true</FrozenPos>
			<HashName>p_bloodsplat_s</HashName>
			<InitialHandle>26661</InitialHandle>
			<ObjectProperties>
				<TextureVariation>0</TextureVariation>
			</ObjectProperties>
			<OpacityLevel>255</OpacityLevel>
			<LodDistance>16960</LodDistance>
			<IsVisible>true</IsVisible>
			<MaxHealth>1000</MaxHealth>
			<Health>1000</Health>
			<HasGravity>true</HasGravity>
			<IsOnFire>false</IsOnFire>
			<IsInvincible>false</IsInvincible>
			<IsBulletProof>false</IsBulletProof>
			<IsCollisionProof>false</IsCollisionProof>
			<IsExplosionProof>false</IsExplosionProof>
			<IsFireProof>false</IsFireProof>
			<IsMeleeProof>false</IsMeleeProof>
			<IsOnlyDamagedByPlayer>false</IsOnlyDamagedByPlayer>
			<PositionRotation>
				<X>-1279.97327</X>
				<Y>-2929.90674</Y>
				<Z>13.4171944</Z>
				<Pitch>-16.0248051</Pitch>
				<Roll>-104.919579</Roll>
				<Yaw>-21.9277039</Yaw>
			</PositionRotation>
			<Attachment isAttached="true">
				<AttachedTo>4376</AttachedTo>
				<BoneIndex>0</BoneIndex>
				<X>0.309207886</X>
				<Y>2.70872402</Y>
				<Z>-0.340000957</Z>
				<Pitch>-6.14745808</Pitch>
				<Roll>-106.329536</Roll>
				<Yaw>-93.7094345</Yaw>
			</Attachment>
		</Attachment>
		<Attachment>
			<ModelHash>0xcce69aff</ModelHash>
			<Type>3</Type>
			<Dynamic>false</Dynamic>
			<FrozenPos>true</FrozenPos>
			<HashName>p_bloodsplat_s</HashName>
			<InitialHandle>139307</InitialHandle>
			<ObjectProperties>
				<TextureVariation>0</TextureVariation>
			</ObjectProperties>
			<OpacityLevel>255</OpacityLevel>
			<LodDistance>16960</LodDistance>
			<IsVisible>true</IsVisible>
			<MaxHealth>1000</MaxHealth>
			<Health>1000</Health>
			<HasGravity>true</HasGravity>
			<IsOnFire>false</IsOnFire>
			<IsInvincible>false</IsInvincible>
			<IsBulletProof>false</IsBulletProof>
			<IsCollisionProof>false</IsCollisionProof>
			<IsExplosionProof>false</IsExplosionProof>
			<IsFireProof>false</IsFireProof>
			<IsMeleeProof>false</IsMeleeProof>
			<IsOnlyDamagedByPlayer>false</IsOnlyDamagedByPlayer>
			<PositionRotation>
				<X>-1279.92371</X>
				<Y>-2929.75708</Y>
				<Z>13.3900452</Z>
				<Pitch>-16.0248051</Pitch>
				<Roll>-104.919579</Roll>
				<Yaw>-21.9277039</Yaw>
			</PositionRotation>
			<Attachment isAttached="true">
				<AttachedTo>4376</AttachedTo>
				<BoneIndex>0</BoneIndex>
				<X>0.469207793</X>
				<Y>2.70872402</Y>
				<Z>-0.340000957</Z>
				<Pitch>-6.14745808</Pitch>
				<Roll>-106.329536</Roll>
				<Yaw>-93.7094345</Yaw>
			</Attachment>
		</Attachment>
		<Attachment>
			<ModelHash>0xcce69aff</ModelHash>
			<Type>3</Type>
			<Dynamic>false</Dynamic>
			<FrozenPos>true</FrozenPos>
			<HashName>p_bloodsplat_s</HashName>
			<InitialHandle>61997</InitialHandle>
			<ObjectProperties>
				<TextureVariation>0</TextureVariation>
			</ObjectProperties>
			<OpacityLevel>255</OpacityLevel>
			<LodDistance>16960</LodDistance>
			<IsVisible>true</IsVisible>
			<MaxHealth>1000</MaxHealth>
			<Health>1000</Health>
			<HasGravity>true</HasGravity>
			<IsOnFire>false</IsOnFire>
			<IsInvincible>false</IsInvincible>
			<IsBulletProof>false</IsBulletProof>
			<IsCollisionProof>false</IsCollisionProof>
			<IsExplosionProof>false</IsExplosionProof>
			<IsFireProof>false</IsFireProof>
			<IsMeleeProof>false</IsMeleeProof>
			<IsOnlyDamagedByPlayer>false</IsOnlyDamagedByPlayer>
			<PositionRotation>
				<X>-1279.88037</X>
				<Y>-2929.62598</Y>
				<Z>13.3662901</Z>
				<Pitch>-16.0248051</Pitch>
				<Roll>-104.919579</Roll>
				<Yaw>-21.9277039</Yaw>
			</PositionRotation>
			<Attachment isAttached="true">
				<AttachedTo>4376</AttachedTo>
				<BoneIndex>0</BoneIndex>
				<X>0.60920769</X>
				<Y>2.70872402</Y>
				<Z>-0.340000957</Z>
				<Pitch>-6.14745808</Pitch>
				<Roll>-106.329536</Roll>
				<Yaw>-93.7094345</Yaw>
			</Attachment>
		</Attachment>
		<Attachment>
			<ModelHash>0xcce69aff</ModelHash>
			<Type>3</Type>
			<Dynamic>false</Dynamic>
			<FrozenPos>true</FrozenPos>
			<HashName>p_bloodsplat_s</HashName>
			<InitialHandle>109869</InitialHandle>
			<ObjectProperties>
				<TextureVariation>0</TextureVariation>
			</ObjectProperties>
			<OpacityLevel>255</OpacityLevel>
			<LodDistance>16960</LodDistance>
			<IsVisible>true</IsVisible>
			<MaxHealth>1000</MaxHealth>
			<Health>1000</Health>
			<HasGravity>true</HasGravity>
			<IsOnFire>false</IsOnFire>
			<IsInvincible>false</IsInvincible>
			<IsBulletProof>false</IsBulletProof>
			<IsCollisionProof>false</IsCollisionProof>
			<IsExplosionProof>false</IsExplosionProof>
			<IsFireProof>false</IsFireProof>
			<IsMeleeProof>false</IsMeleeProof>
			<IsOnlyDamagedByPlayer>false</IsOnlyDamagedByPlayer>
			<PositionRotation>
				<X>-1279.83081</X>
				<Y>-2929.47632</Y>
				<Z>13.3391409</Z>
				<Pitch>-16.0248051</Pitch>
				<Roll>-104.919579</Roll>
				<Yaw>-21.9277039</Yaw>
			</PositionRotation>
			<Attachment isAttached="true">
				<AttachedTo>4376</AttachedTo>
				<BoneIndex>0</BoneIndex>
				<X>0.769207537</X>
				<Y>2.70872402</Y>
				<Z>-0.340000957</Z>
				<Pitch>-6.14745808</Pitch>
				<Roll>-106.329536</Roll>
				<Yaw>-93.7094345</Yaw>
			</Attachment>
		</Attachment>
		<Attachment>
			<ModelHash>0xcce69aff</ModelHash>
			<Type>3</Type>
			<Dynamic>false</Dynamic>
			<FrozenPos>true</FrozenPos>
			<HashName>p_bloodsplat_s</HashName>
			<InitialHandle>125226</InitialHandle>
			<ObjectProperties>
				<TextureVariation>0</TextureVariation>
			</ObjectProperties>
			<OpacityLevel>255</OpacityLevel>
			<LodDistance>16960</LodDistance>
			<IsVisible>true</IsVisible>
			<MaxHealth>1000</MaxHealth>
			<Health>1000</Health>
			<HasGravity>true</HasGravity>
			<IsOnFire>false</IsOnFire>
			<IsInvincible>false</IsInvincible>
			<IsBulletProof>false</IsBulletProof>
			<IsCollisionProof>false</IsCollisionProof>
			<IsExplosionProof>false</IsExplosionProof>
			<IsFireProof>false</IsFireProof>
			<IsMeleeProof>false</IsMeleeProof>
			<IsOnlyDamagedByPlayer>false</IsOnlyDamagedByPlayer>
			<PositionRotation>
				<X>-1279.8728</X>
				<Y>-2929.44458</Y>
				<Z>13.3379917</Z>
				<Pitch>11.0020685</Pitch>
				<Roll>-107.025589</Roll>
				<Yaw>153.973419</Yaw>
			</PositionRotation>
			<Attachment isAttached="true">
				<AttachedTo>4376</AttachedTo>
				<BoneIndex>0</BoneIndex>
				<X>0.786207557</X>
				<Y>2.75872397</Y>
				<Z>-0.340000957</Z>
				<Pitch>1.05253839</Pitch>
				<Roll>-106.329536</Roll>
				<Yaw>82.3904648</Yaw>
			</Attachment>
		</Attachment>
		<Attachment>
			<ModelHash>0xcce69aff</ModelHash>
			<Type>3</Type>
			<Dynamic>false</Dynamic>
			<FrozenPos>true</FrozenPos>
			<HashName>p_bloodsplat_s</HashName>
			<InitialHandle>151599</InitialHandle>
			<ObjectProperties>
				<TextureVariation>0</TextureVariation>
			</ObjectProperties>
			<OpacityLevel>255</OpacityLevel>
			<LodDistance>16960</LodDistance>
			<IsVisible>true</IsVisible>
			<MaxHealth>1000</MaxHealth>
			<Health>1000</Health>
			<HasGravity>true</HasGravity>
			<IsOnFire>false</IsOnFire>
			<IsInvincible>false</IsInvincible>
			<IsBulletProof>false</IsBulletProof>
			<IsCollisionProof>false</IsCollisionProof>
			<IsExplosionProof>false</IsExplosionProof>
			<IsFireProof>false</IsFireProof>
			<IsMeleeProof>false</IsMeleeProof>
			<IsOnlyDamagedByPlayer>false</IsOnlyDamagedByPlayer>
			<PositionRotation>
				<X>-1279.92236</X>
				<Y>-2929.59424</Y>
				<Z>13.36514</Z>
				<Pitch>11.0020685</Pitch>
				<Roll>-107.025589</Roll>
				<Yaw>153.973419</Yaw>
			</PositionRotation>
			<Attachment isAttached="true">
				<AttachedTo>4376</AttachedTo>
				<BoneIndex>0</BoneIndex>
				<X>0.626207709</X>
				<Y>2.75872397</Y>
				<Z>-0.340000957</Z>
				<Pitch>1.05253839</Pitch>
				<Roll>-106.329536</Roll>
				<Yaw>82.3904648</Yaw>
			</Attachment>
		</Attachment>
		<Attachment>
			<ModelHash>0xcce69aff</ModelHash>
			<Type>3</Type>
			<Dynamic>false</Dynamic>
			<FrozenPos>true</FrozenPos>
			<HashName>p_bloodsplat_s</HashName>
			<InitialHandle>63531</InitialHandle>
			<ObjectProperties>
				<TextureVariation>0</TextureVariation>
			</ObjectProperties>
			<OpacityLevel>255</OpacityLevel>
			<LodDistance>16960</LodDistance>
			<IsVisible>true</IsVisible>
			<MaxHealth>1000</MaxHealth>
			<Health>1000</Health>
			<HasGravity>true</HasGravity>
			<IsOnFire>false</IsOnFire>
			<IsInvincible>false</IsInvincible>
			<IsBulletProof>false</IsBulletProof>
			<IsCollisionProof>false</IsCollisionProof>
			<IsExplosionProof>false</IsExplosionProof>
			<IsFireProof>false</IsFireProof>
			<IsMeleeProof>false</IsMeleeProof>
			<IsOnlyDamagedByPlayer>false</IsOnlyDamagedByPlayer>
			<PositionRotation>
				<X>-1279.9657</X>
				<Y>-2929.7251</Y>
				<Z>13.388896</Z>
				<Pitch>11.0020685</Pitch>
				<Roll>-107.025589</Roll>
				<Yaw>153.973419</Yaw>
			</PositionRotation>
			<Attachment isAttached="true">
				<AttachedTo>4376</AttachedTo>
				<BoneIndex>0</BoneIndex>
				<X>0.486207843</X>
				<Y>2.75872397</Y>
				<Z>-0.340000957</Z>
				<Pitch>1.05253839</Pitch>
				<Roll>-106.329536</Roll>
				<Yaw>82.3904648</Yaw>
			</Attachment>
		</Attachment>
		<Attachment>
			<ModelHash>0xcce69aff</ModelHash>
			<Type>3</Type>
			<Dynamic>false</Dynamic>
			<FrozenPos>true</FrozenPos>
			<HashName>p_bloodsplat_s</HashName>
			<InitialHandle>146733</InitialHandle>
			<ObjectProperties>
				<TextureVariation>0</TextureVariation>
			</ObjectProperties>
			<OpacityLevel>255</OpacityLevel>
			<LodDistance>16960</LodDistance>
			<IsVisible>true</IsVisible>
			<MaxHealth>1000</MaxHealth>
			<Health>1000</Health>
			<HasGravity>true</HasGravity>
			<IsOnFire>false</IsOnFire>
			<IsInvincible>false</IsInvincible>
			<IsBulletProof>false</IsBulletProof>
			<IsCollisionProof>false</IsCollisionProof>
			<IsExplosionProof>false</IsExplosionProof>
			<IsFireProof>false</IsFireProof>
			<IsMeleeProof>false</IsMeleeProof>
			<IsOnlyDamagedByPlayer>false</IsOnlyDamagedByPlayer>
			<PositionRotation>
				<X>-1280.01526</X>
				<Y>-2929.87476</Y>
				<Z>13.4160442</Z>
				<Pitch>11.0020685</Pitch>
				<Roll>-107.025589</Roll>
				<Yaw>153.973419</Yaw>
			</PositionRotation>
			<Attachment isAttached="true">
				<AttachedTo>4376</AttachedTo>
				<BoneIndex>0</BoneIndex>
				<X>0.326207995</X>
				<Y>2.75872397</Y>
				<Z>-0.340000957</Z>
				<Pitch>1.05253839</Pitch>
				<Roll>-106.329536</Roll>
				<Yaw>82.3904648</Yaw>
			</Attachment>
		</Attachment>
		<Attachment>
			<ModelHash>0xcce69aff</ModelHash>
			<Type>3</Type>
			<Dynamic>false</Dynamic>
			<FrozenPos>true</FrozenPos>
			<HashName>p_bloodsplat_s</HashName>
			<InitialHandle>116011</InitialHandle>
			<ObjectProperties>
				<TextureVariation>0</TextureVariation>
			</ObjectProperties>
			<OpacityLevel>255</OpacityLevel>
			<LodDistance>16960</LodDistance>
			<IsVisible>true</IsVisible>
			<MaxHealth>1000</MaxHealth>
			<Health>1000</Health>
			<HasGravity>true</HasGravity>
			<IsOnFire>false</IsOnFire>
			<IsInvincible>false</IsInvincible>
			<IsBulletProof>false</IsBulletProof>
			<IsCollisionProof>false</IsCollisionProof>
			<IsExplosionProof>false</IsExplosionProof>
			<IsFireProof>false</IsFireProof>
			<IsMeleeProof>false</IsMeleeProof>
			<IsOnlyDamagedByPlayer>false</IsOnlyDamagedByPlayer>
			<PositionRotation>
				<X>-1280.05554</X>
				<Y>-2929.99658</Y>
				<Z>13.4381037</Z>
				<Pitch>11.019598</Pitch>
				<Roll>-106.690826</Roll>
				<Yaw>152.038223</Yaw>
			</PositionRotation>
			<Attachment isAttached="true">
				<AttachedTo>4376</AttachedTo>
				<BoneIndex>0</BoneIndex>
				<X>0.19620803</X>
				<Y>2.75872397</Y>
				<Z>-0.340000957</Z>
				<Pitch>1.05253839</Pitch>
				<Roll>-106.329536</Roll>
				<Yaw>80.4904938</Yaw>
			</Attachment>
		</Attachment>
		<Attachment>
			<ModelHash>0xcce69aff</ModelHash>
			<Type>3</Type>
			<Dynamic>false</Dynamic>
			<FrozenPos>true</FrozenPos>
			<HashName>p_bloodsplat_s</HashName>
			<InitialHandle>72515</InitialHandle>
			<ObjectProperties>
				<TextureVariation>0</TextureVariation>
			</ObjectProperties>
			<OpacityLevel>255</OpacityLevel>
			<LodDistance>16960</LodDistance>
			<IsVisible>true</IsVisible>
			<MaxHealth>1000</MaxHealth>
			<Health>1000</Health>
			<HasGravity>true</HasGravity>
			<IsOnFire>false</IsOnFire>
			<IsInvincible>false</IsInvincible>
			<IsBulletProof>false</IsBulletProof>
			<IsCollisionProof>false</IsCollisionProof>
			<IsExplosionProof>false</IsExplosionProof>
			<IsFireProof>false</IsFireProof>
			<IsMeleeProof>false</IsMeleeProof>
			<IsOnlyDamagedByPlayer>false</IsOnlyDamagedByPlayer>
			<PositionRotation>
				<X>-1280.10205</X>
				<Y>-2930.13672</Y>
				<Z>13.4635553</Z>
				<Pitch>11.019598</Pitch>
				<Roll>-106.690826</Roll>
				<Yaw>152.038223</Yaw>
			</PositionRotation>
			<Attachment isAttached="true">
				<AttachedTo>4376</AttachedTo>
				<BoneIndex>0</BoneIndex>
				<X>0.0462080464</X>
				<Y>2.75872397</Y>
				<Z>-0.340000957</Z>
				<Pitch>1.05253839</Pitch>
				<Roll>-106.329536</Roll>
				<Yaw>80.4904938</Yaw>
			</Attachment>
		</Attachment>
		<Attachment>
			<ModelHash>0xcce69aff</ModelHash>
			<Type>3</Type>
			<Dynamic>false</Dynamic>
			<FrozenPos>true</FrozenPos>
			<HashName>p_bloodsplat_s</HashName>
			<InitialHandle>154157</InitialHandle>
			<ObjectProperties>
				<TextureVariation>0</TextureVariation>
			</ObjectProperties>
			<OpacityLevel>255</OpacityLevel>
			<LodDistance>16960</LodDistance>
			<IsVisible>true</IsVisible>
			<MaxHealth>1000</MaxHealth>
			<Health>1000</Health>
			<HasGravity>true</HasGravity>
			<IsOnFire>false</IsOnFire>
			<IsInvincible>false</IsInvincible>
			<IsBulletProof>false</IsBulletProof>
			<IsCollisionProof>false</IsCollisionProof>
			<IsExplosionProof>false</IsExplosionProof>
			<IsFireProof>false</IsFireProof>
			<IsMeleeProof>false</IsMeleeProof>
			<IsOnlyDamagedByPlayer>false</IsOnlyDamagedByPlayer>
			<PositionRotation>
				<X>-1280.15161</X>
				<Y>-2930.28662</Y>
				<Z>13.4907045</Z>
				<Pitch>11.019598</Pitch>
				<Roll>-106.690826</Roll>
				<Yaw>152.038223</Yaw>
			</PositionRotation>
			<Attachment isAttached="true">
				<AttachedTo>4376</AttachedTo>
				<BoneIndex>0</BoneIndex>
				<X>-0.113791935</X>
				<Y>2.75872397</Y>
				<Z>-0.340000957</Z>
				<Pitch>1.05253839</Pitch>
				<Roll>-106.329536</Roll>
				<Yaw>80.4904938</Yaw>
			</Attachment>
		</Attachment>
		<Attachment>
			<ModelHash>0xcce69aff</ModelHash>
			<Type>3</Type>
			<Dynamic>false</Dynamic>
			<FrozenPos>true</FrozenPos>
			<HashName>p_bloodsplat_s</HashName>
			<InitialHandle>78630</InitialHandle>
			<ObjectProperties>
				<TextureVariation>0</TextureVariation>
			</ObjectProperties>
			<OpacityLevel>255</OpacityLevel>
			<LodDistance>16960</LodDistance>
			<IsVisible>true</IsVisible>
			<MaxHealth>1000</MaxHealth>
			<Health>1000</Health>
			<HasGravity>true</HasGravity>
			<IsOnFire>false</IsOnFire>
			<IsInvincible>false</IsInvincible>
			<IsBulletProof>false</IsBulletProof>
			<IsCollisionProof>false</IsCollisionProof>
			<IsExplosionProof>false</IsExplosionProof>
			<IsFireProof>false</IsFireProof>
			<IsMeleeProof>false</IsMeleeProof>
			<IsOnlyDamagedByPlayer>false</IsOnlyDamagedByPlayer>
			<PositionRotation>
				<X>-1280.198</X>
				<Y>-2930.42676</Y>
				<Z>13.5161572</Z>
				<Pitch>11.019598</Pitch>
				<Roll>-106.690826</Roll>
				<Yaw>152.038223</Yaw>
			</PositionRotation>
			<Attachment isAttached="true">
				<AttachedTo>4376</AttachedTo>
				<BoneIndex>0</BoneIndex>
				<X>-0.263791978</X>
				<Y>2.75872397</Y>
				<Z>-0.340000957</Z>
				<Pitch>1.05253839</Pitch>
				<Roll>-106.329536</Roll>
				<Yaw>80.4904938</Yaw>
			</Attachment>
		</Attachment>
		<Attachment>
			<ModelHash>0xcce69aff</ModelHash>
			<Type>3</Type>
			<Dynamic>false</Dynamic>
			<FrozenPos>true</FrozenPos>
			<HashName>p_bloodsplat_s</HashName>
			<InitialHandle>101167</InitialHandle>
			<ObjectProperties>
				<TextureVariation>0</TextureVariation>
			</ObjectProperties>
			<OpacityLevel>255</OpacityLevel>
			<LodDistance>16960</LodDistance>
			<IsVisible>true</IsVisible>
			<MaxHealth>1000</MaxHealth>
			<Health>1000</Health>
			<HasGravity>true</HasGravity>
			<IsOnFire>false</IsOnFire>
			<IsInvincible>false</IsInvincible>
			<IsBulletProof>false</IsBulletProof>
			<IsCollisionProof>false</IsCollisionProof>
			<IsExplosionProof>false</IsExplosionProof>
			<IsFireProof>false</IsFireProof>
			<IsMeleeProof>false</IsMeleeProof>
			<IsOnlyDamagedByPlayer>false</IsOnlyDamagedByPlayer>
			<PositionRotation>
				<X>-1280.25378</X>
				<Y>-2930.59521</Y>
				<Z>13.5466995</Z>
				<Pitch>11.019598</Pitch>
				<Roll>-106.690826</Roll>
				<Yaw>152.038223</Yaw>
			</PositionRotation>
			<Attachment isAttached="true">
				<AttachedTo>4376</AttachedTo>
				<BoneIndex>0</BoneIndex>
				<X>-0.443791807</X>
				<Y>2.75872397</Y>
				<Z>-0.340000957</Z>
				<Pitch>1.05253839</Pitch>
				<Roll>-106.329536</Roll>
				<Yaw>80.4904938</Yaw>
			</Attachment>
		</Attachment>
		<Attachment>
			<ModelHash>0xcce69aff</ModelHash>
			<Type>3</Type>
			<Dynamic>false</Dynamic>
			<FrozenPos>true</FrozenPos>
			<HashName>p_bloodsplat_s</HashName>
			<InitialHandle>81215</InitialHandle>
			<ObjectProperties>
				<TextureVariation>0</TextureVariation>
			</ObjectProperties>
			<OpacityLevel>255</OpacityLevel>
			<LodDistance>16960</LodDistance>
			<IsVisible>true</IsVisible>
			<MaxHealth>1000</MaxHealth>
			<Health>1000</Health>
			<HasGravity>true</HasGravity>
			<IsOnFire>false</IsOnFire>
			<IsInvincible>false</IsInvincible>
			<IsBulletProof>false</IsBulletProof>
			<IsCollisionProof>false</IsCollisionProof>
			<IsExplosionProof>false</IsExplosionProof>
			<IsFireProof>false</IsFireProof>
			<IsMeleeProof>false</IsMeleeProof>
			<IsOnlyDamagedByPlayer>false</IsOnlyDamagedByPlayer>
			<PositionRotation>
				<X>-1280.29407</X>
				<Y>-2930.7168</Y>
				<Z>13.568758</Z>
				<Pitch>11.019598</Pitch>
				<Roll>-106.690826</Roll>
				<Yaw>152.038223</Yaw>
			</PositionRotation>
			<Attachment isAttached="true">
				<AttachedTo>4376</AttachedTo>
				<BoneIndex>0</BoneIndex>
				<X>-0.573791683</X>
				<Y>2.75872397</Y>
				<Z>-0.340000957</Z>
				<Pitch>1.05253839</Pitch>
				<Roll>-106.329536</Roll>
				<Yaw>80.4904938</Yaw>
			</Attachment>
		</Attachment>
		<Attachment>
			<ModelHash>0xcce69aff</ModelHash>
			<Type>3</Type>
			<Dynamic>false</Dynamic>
			<FrozenPos>true</FrozenPos>
			<HashName>p_bloodsplat_s</HashName>
			<InitialHandle>100144</InitialHandle>
			<ObjectProperties>
				<TextureVariation>0</TextureVariation>
			</ObjectProperties>
			<OpacityLevel>255</OpacityLevel>
			<LodDistance>16960</LodDistance>
			<IsVisible>true</IsVisible>
			<MaxHealth>1000</MaxHealth>
			<Health>1000</Health>
			<HasGravity>true</HasGravity>
			<IsOnFire>false</IsOnFire>
			<IsInvincible>false</IsInvincible>
			<IsBulletProof>false</IsBulletProof>
			<IsCollisionProof>false</IsCollisionProof>
			<IsExplosionProof>false</IsExplosionProof>
			<IsFireProof>false</IsFireProof>
			<IsMeleeProof>false</IsMeleeProof>
			<IsOnlyDamagedByPlayer>false</IsOnlyDamagedByPlayer>
			<PositionRotation>
				<X>-1280.34363</X>
				<Y>-2930.86646</Y>
				<Z>13.5959072</Z>
				<Pitch>11.019598</Pitch>
				<Roll>-106.690826</Roll>
				<Yaw>152.038223</Yaw>
			</PositionRotation>
			<Attachment isAttached="true">
				<AttachedTo>4376</AttachedTo>
				<BoneIndex>0</BoneIndex>
				<X>-0.73379153</X>
				<Y>2.75872397</Y>
				<Z>-0.340000957</Z>
				<Pitch>1.05253839</Pitch>
				<Roll>-106.329536</Roll>
				<Yaw>80.4904938</Yaw>
			</Attachment>
		</Attachment>
		<Attachment>
			<ModelHash>0xcce69aff</ModelHash>
			<Type>3</Type>
			<Dynamic>false</Dynamic>
			<FrozenPos>true</FrozenPos>
			<HashName>p_bloodsplat_s</HashName>
			<InitialHandle>121200</InitialHandle>
			<ObjectProperties>
				<TextureVariation>0</TextureVariation>
			</ObjectProperties>
			<OpacityLevel>255</OpacityLevel>
			<LodDistance>16960</LodDistance>
			<IsVisible>true</IsVisible>
			<MaxHealth>1000</MaxHealth>
			<Health>778</Health>
			<HasGravity>true</HasGravity>
			<IsOnFire>false</IsOnFire>
			<IsInvincible>false</IsInvincible>
			<IsBulletProof>false</IsBulletProof>
			<IsCollisionProof>false</IsCollisionProof>
			<IsExplosionProof>false</IsExplosionProof>
			<IsFireProof>false</IsFireProof>
			<IsMeleeProof>false</IsMeleeProof>
			<IsOnlyDamagedByPlayer>false</IsOnlyDamagedByPlayer>
			<PositionRotation>
				<X>-1275.99548</X>
				<Y>-2931.44775</Y>
				<Z>14.244606</Z>
				<Pitch>-50.2095451</Pitch>
				<Roll>21.6941147</Roll>
				<Yaw>83.2018661</Yaw>
			</PositionRotation>
			<Attachment isAttached="true">
				<AttachedTo>4376</AttachedTo>
				<BoneIndex>1</BoneIndex>
				<X>-0.0408142693</X>
				<Y>-1.52173758</Y>
				<Z>0.588852763</Z>
				<Pitch>-53.1808891</Pitch>
				<Roll>6.29579687</Roll>
				<Yaw>-0.423172027</Yaw>
			</Attachment>
		</Attachment>
		<Attachment>
			<ModelHash>0x44083a8f</ModelHash>
			<Type>3</Type>
			<Dynamic>false</Dynamic>
			<FrozenPos>true</FrozenPos>
			<HashName>prop_ballistic_shield</HashName>
			<InitialHandle>112173</InitialHandle>
			<ObjectProperties>
				<TextureVariation>0</TextureVariation>
			</ObjectProperties>
			<OpacityLevel>255</OpacityLevel>
			<LodDistance>16960</LodDistance>
			<IsVisible>true</IsVisible>
			<MaxHealth>1000</MaxHealth>
			<Health>1000</Health>
			<HasGravity>true</HasGravity>
			<IsOnFire>false</IsOnFire>
			<IsInvincible>false</IsInvincible>
			<IsBulletProof>false</IsBulletProof>
			<IsCollisionProof>true</IsCollisionProof>
			<IsExplosionProof>false</IsExplosionProof>
			<IsFireProof>false</IsFireProof>
			<IsMeleeProof>false</IsMeleeProof>
			<IsOnlyDamagedByPlayer>false</IsOnlyDamagedByPlayer>
			<PositionRotation>
				<X>-1279.24072</X>
				<Y>-2930.34863</Y>
				<Z>14.1408348</Z>
				<Pitch>-76.2783737</Pitch>
				<Roll>-45.6708679</Roll>
				<Yaw>-153.159332</Yaw>
			</PositionRotation>
			<Attachment isAttached="true">
				<AttachedTo>90927</AttachedTo>
				<BoneIndex>0</BoneIndex>
				<X>-0.0399999991</X>
				<Y>0.39899981</Y>
				<Z>0.269999981</Z>
				<Pitch>-101.700592</Pitch>
				<Roll>179.999985</Roll>
				<Yaw>0</Yaw>
			</Attachment>
		</Attachment>
		<Attachment>
			<ModelHash>0x0a22cea2</ModelHash>
			<Type>3</Type>
			<Dynamic>false</Dynamic>
			<FrozenPos>true</FrozenPos>
			<HashName>prop_cs_bowie_knife</HashName>
			<InitialHandle>138029</InitialHandle>
			<ObjectProperties>
				<TextureVariation>0</TextureVariation>
			</ObjectProperties>
			<OpacityLevel>255</OpacityLevel>
			<LodDistance>16960</LodDistance>
			<IsVisible>true</IsVisible>
			<MaxHealth>1000</MaxHealth>
			<Health>1000</Health>
			<HasGravity>true</HasGravity>
			<IsOnFire>false</IsOnFire>
			<IsInvincible>false</IsInvincible>
			<IsBulletProof>false</IsBulletProof>
			<IsCollisionProof>true</IsCollisionProof>
			<IsExplosionProof>false</IsExplosionProof>
			<IsFireProof>false</IsFireProof>
			<IsMeleeProof>false</IsMeleeProof>
			<IsOnlyDamagedByPlayer>false</IsOnlyDamagedByPlayer>
			<PositionRotation>
				<X>-1275.92517</X>
				<Y>-2930.58691</Y>
				<Z>13.2313452</Z>
				<Pitch>9.63016796</Pitch>
				<Roll>-134.351227</Roll>
				<Yaw>162.359253</Yaw>
			</PositionRotation>
			<Attachment isAttached="true">
				<AttachedTo>136237</AttachedTo>
				<BoneIndex>0</BoneIndex>
				<X>-0.180000007</X>
				<Y>0</Y>
				<Z>0</Z>
				<Pitch>0</Pitch>
				<Roll>0</Roll>
				<Yaw>-90.0000153</Yaw>
			</Attachment>
		</Attachment>
		<Attachment>
			<ModelHash>0x0a22cea2</ModelHash>
			<Type>3</Type>
			<Dynamic>false</Dynamic>
			<FrozenPos>true</FrozenPos>
			<HashName>prop_cs_bowie_knife</HashName>
			<InitialHandle>122671</InitialHandle>
			<ObjectProperties>
				<TextureVariation>0</TextureVariation>
			</ObjectProperties>
			<OpacityLevel>255</OpacityLevel>
			<LodDistance>16960</LodDistance>
			<IsVisible>true</IsVisible>
			<MaxHealth>1000</MaxHealth>
			<Health>1000</Health>
			<HasGravity>true</HasGravity>
			<IsOnFire>false</IsOnFire>
			<IsInvincible>false</IsInvincible>
			<IsBulletProof>false</IsBulletProof>
			<IsCollisionProof>true</IsCollisionProof>
			<IsExplosionProof>false</IsExplosionProof>
			<IsFireProof>false</IsFireProof>
			<IsMeleeProof>false</IsMeleeProof>
			<IsOnlyDamagedByPlayer>false</IsOnlyDamagedByPlayer>
			<PositionRotation>
				<X>-1275.92517</X>
				<Y>-2930.58691</Y>
				<Z>13.2313452</Z>
				<Pitch>9.63016415</Pitch>
				<Roll>45.6487579</Roll>
				<Yaw>162.359268</Yaw>
			</PositionRotation>
			<Attachment isAttached="true">
				<AttachedTo>136237</AttachedTo>
				<BoneIndex>0</BoneIndex>
				<X>-0.180000007</X>
				<Y>0</Y>
				<Z>0</Z>
				<Pitch>179.999985</Pitch>
				<Roll>0</Roll>
				<Yaw>89.9999771</Yaw>
			</Attachment>
		</Attachment>
		<Attachment>
			<ModelHash>0x0a22cea2</ModelHash>
			<Type>3</Type>
			<Dynamic>false</Dynamic>
			<FrozenPos>true</FrozenPos>
			<HashName>prop_cs_bowie_knife</HashName>
			<InitialHandle>70958</InitialHandle>
			<ObjectProperties>
				<TextureVariation>0</TextureVariation>
			</ObjectProperties>
			<OpacityLevel>255</OpacityLevel>
			<LodDistance>16960</LodDistance>
			<IsVisible>true</IsVisible>
			<MaxHealth>1000</MaxHealth>
			<Health>1000</Health>
			<HasGravity>true</HasGravity>
			<IsOnFire>false</IsOnFire>
			<IsInvincible>false</IsInvincible>
			<IsBulletProof>false</IsBulletProof>
			<IsCollisionProof>true</IsCollisionProof>
			<IsExplosionProof>false</IsExplosionProof>
			<IsFireProof>false</IsFireProof>
			<IsMeleeProof>false</IsMeleeProof>
			<IsOnlyDamagedByPlayer>false</IsOnlyDamagedByPlayer>
			<PositionRotation>
				<X>-1276.53967</X>
				<Y>-2932.39478</Y>
				<Z>13.5559578</Z>
				<Pitch>9.59592819</Pitch>
				<Roll>-134.35675</Roll>
				<Yaw>162.394821</Yaw>
			</PositionRotation>
			<Attachment isAttached="true">
				<AttachedTo>45369</AttachedTo>
				<BoneIndex>0</BoneIndex>
				<X>-0.180000007</X>
				<Y>0</Y>
				<Z>0</Z>
				<Pitch>0</Pitch>
				<Roll>0</Roll>
				<Yaw>89.9999771</Yaw>
			</Attachment>
		</Attachment>
		<Attachment>
			<ModelHash>0x0a22cea2</ModelHash>
			<Type>3</Type>
			<Dynamic>false</Dynamic>
			<FrozenPos>true</FrozenPos>
			<HashName>prop_cs_bowie_knife</HashName>
			<InitialHandle>75052</InitialHandle>
			<ObjectProperties>
				<TextureVariation>0</TextureVariation>
			</ObjectProperties>
			<OpacityLevel>255</OpacityLevel>
			<LodDistance>16960</LodDistance>
			<IsVisible>true</IsVisible>
			<MaxHealth>1000</MaxHealth>
			<Health>1000</Health>
			<HasGravity>true</HasGravity>
			<IsOnFire>false</IsOnFire>
			<IsInvincible>false</IsInvincible>
			<IsBulletProof>false</IsBulletProof>
			<IsCollisionProof>true</IsCollisionProof>
			<IsExplosionProof>false</IsExplosionProof>
			<IsFireProof>false</IsFireProof>
			<IsMeleeProof>false</IsMeleeProof>
			<IsOnlyDamagedByPlayer>false</IsOnlyDamagedByPlayer>
			<PositionRotation>
				<X>-1276.53967</X>
				<Y>-2932.39478</Y>
				<Z>13.5559578</Z>
				<Pitch>9.59591961</Pitch>
				<Roll>45.6432343</Roll>
				<Yaw>162.394836</Yaw>
			</PositionRotation>
			<Attachment isAttached="true">
				<AttachedTo>45369</AttachedTo>
				<BoneIndex>0</BoneIndex>
				<X>-0.180000007</X>
				<Y>0</Y>
				<Z>0</Z>
				<Pitch>179.999985</Pitch>
				<Roll>0</Roll>
				<Yaw>-90.0000305</Yaw>
			</Attachment>
		</Attachment>
	</SpoonerAttachments>
</Vehicle>
