<?xml version="1.0" encoding="ISO-8859-1"?>
<SpoonerPlacements>
	<Note />
	<AudioFile volume="400" />
	<ClearDatabase>false</ClearDatabase>
	<ClearWorld>0</ClearWorld>
	<ClearMarkers>false</ClearMarkers>
	<IPLsToLoad load_mp_maps="false" load_sp_maps="false" />
	<IPLsToRemove />
	<WeatherToSet></WeatherToSet>
	<StartTaskSequencesOnLoad>true</StartTaskSequencesOnLoad>
	<ReferenceCoords>
		<X>499.841583</X>
		<Y>-2153.01514</Y>
		<Z>6.61109877</Z>
	</ReferenceCoords>
	<Placement>
		<ModelHash>0x698521e3</ModelHash>
		<Type>2</Type>
		<Dynamic>true</Dynamic>
		<FrozenPos>false</FrozenPos>
		<HashName>Duneloader</HashName>
		<InitialHandle>566787</InitialHandle>
		<VehicleProperties>
			<Colours>
				<Primary>13</Primary>
				<Secondary>0</Secondary>
				<Pearl>0</Pearl>
				<Rim>156</Rim>
				<Mod1_a>6</Mod1_a>
				<Mod1_b>-1</Mod1_b>
				<Mod1_c>-1</Mod1_c>
				<Mod2_a>6</Mod2_a>
				<Mod2_b>-1</Mod2_b>
				<IsPrimaryColourCustom>false</IsPrimaryColourCustom>
				<IsSecondaryColourCustom>false</IsSecondaryColourCustom>
				<tyreSmoke_R>255</tyreSmoke_R>
				<tyreSmoke_G>255</tyreSmoke_G>
				<tyreSmoke_B>255</tyreSmoke_B>
				<LrInterior>0</LrInterior>
				<LrDashboard>0</LrDashboard>
			</Colours>
			<Livery>-1</Livery>
			<NumberPlateText>40HZZ645</NumberPlateText>
			<NumberPlateIndex>2</NumberPlateIndex>
			<WheelType>4</WheelType>
			<WheelsInvisible>false</WheelsInvisible>
			<EngineSoundName>TAMPA</EngineSoundName>
			<WindowTint>-1</WindowTint>
			<BulletProofTyres>false</BulletProofTyres>
			<DirtLevel>0</DirtLevel>
			<PaintFade>0.298039228</PaintFade>
			<RoofState>0</RoofState>
			<SirenActive>false</SirenActive>
			<EngineOn>false</EngineOn>
			<EngineHealth>1000</EngineHealth>
			<LightsOn>false</LightsOn>
			<IsRadioLoud>0</IsRadioLoud>
			<Neons>
				<Left>false</Left>
				<Right>false</Right>
				<Front>false</Front>
				<Back>false</Back>
				<R>255</R>
				<G>0</G>
				<B>255</B>
			</Neons>
			<DoorsOpen>
				<BackLeftDoor>false</BackLeftDoor>
				<BackRightDoor>false</BackRightDoor>
				<FrontLeftDoor>false</FrontLeftDoor>
				<FrontRightDoor>false</FrontRightDoor>
				<Hood>false</Hood>
				<Trunk>false</Trunk>
				<Trunk2>false</Trunk2>
			</DoorsOpen>
			<DoorsBroken>
				<BackLeftDoor>false</BackLeftDoor>
				<BackRightDoor>false</BackRightDoor>
				<FrontLeftDoor>false</FrontLeftDoor>
				<FrontRightDoor>false</FrontRightDoor>
				<Hood>true</Hood>
				<Trunk>false</Trunk>
				<Trunk2>false</Trunk2>
			</DoorsBroken>
			<TyresBursted>
				<FrontLeft>false</FrontLeft>
				<FrontRight>false</FrontRight>
				<_2>false</_2>
				<_3>false</_3>
				<BackLeft>false</BackLeft>
				<BackRight>false</BackRight>
				<_6>false</_6>
				<_7>false</_7>
				<_8>false</_8>
			</TyresBursted>
			<RpmMultiplier>1</RpmMultiplier>
			<TorqueMultiplier>1</TorqueMultiplier>
			<HeadlightIntensity>1</HeadlightIntensity>
			<ModExtras>
				<_1>false</_1>
				<_2>false</_2>
				<_3>false</_3>
				<_10>false</_10>
				<_11>false</_11>
				<_12>false</_12>
			</ModExtras>
			<Mods>
				<_0>-1,0</_0>
				<_1>-1,0</_1>
				<_2>-1,0</_2>
				<_3>-1,0</_3>
				<_4>-1,0</_4>
				<_5>-1,0</_5>
				<_6>-1,0</_6>
				<_7>-1,0</_7>
				<_8>-1,0</_8>
				<_9>-1,0</_9>
				<_10>-1,0</_10>
				<_11>3,0</_11>
				<_12>2,0</_12>
				<_13>2,0</_13>
				<_14>0,0</_14>
				<_15>-1,0</_15>
				<_16>-1,0</_16>
				<_17>false</_17>
				<_18>true</_18>
				<_19>false</_19>
				<_20>false</_20>
				<_21>false</_21>
				<_22>false</_22>
				<_23>-1,0</_23>
				<_24>-1,0</_24>
				<_25>-1,0</_25>
				<_26>-1,0</_26>
				<_27>-1,0</_27>
				<_28>-1,0</_28>
				<_29>-1,0</_29>
				<_30>-1,0</_30>
				<_31>-1,0</_31>
				<_32>-1,0</_32>
				<_33>-1,0</_33>
				<_34>-1,0</_34>
				<_35>-1,0</_35>
				<_36>-1,0</_36>
				<_37>-1,0</_37>
				<_38>-1,0</_38>
				<_39>-1,0</_39>
				<_40>-1,0</_40>
				<_41>-1,0</_41>
				<_42>-1,0</_42>
				<_43>-1,0</_43>
				<_44>-1,0</_44>
				<_45>-1,0</_45>
				<_46>-1,0</_46>
				<_47>-1,0</_47>
				<_48>-1,0</_48>
			</Mods>
		</VehicleProperties>
		<OpacityLevel>255</OpacityLevel>
		<LodDistance>16960</LodDistance>
		<IsVisible>true</IsVisible>
		<MaxHealth>1000</MaxHealth>
		<Health>1000</Health>
		<HasGravity>true</HasGravity>
		<IsOnFire>false</IsOnFire>
		<IsInvincible>false</IsInvincible>
		<IsBulletProof>false</IsBulletProof>
		<IsCollisionProof>false</IsCollisionProof>
		<IsExplosionProof>false</IsExplosionProof>
		<IsFireProof>false</IsFireProof>
		<IsMeleeProof>false</IsMeleeProof>
		<IsOnlyDamagedByPlayer>false</IsOnlyDamagedByPlayer>
		<PositionRotation>
			<X>505.408234</X>
			<Y>-2152.05786</Y>
			<Z>5.62577534</Z>
			<Pitch>-0.0252793562</Pitch>
			<Roll>-0.0100390753</Roll>
			<Yaw>-160.281189</Yaw>
		</PositionRotation>
		<Attachment isAttached="false" />
	</Placement>
	<Placement>
		<ModelHash>0x978dabe5</ModelHash>
		<Type>3</Type>
		<Dynamic>false</Dynamic>
		<FrozenPos>true</FrozenPos>
		<HashName>prop_rub_frklft</HashName>
		<InitialHandle>452355</InitialHandle>
		<ObjectProperties>
			<TextureVariation>0</TextureVariation>
		</ObjectProperties>
		<OpacityLevel>255</OpacityLevel>
		<LodDistance>16960</LodDistance>
		<IsVisible>true</IsVisible>
		<MaxHealth>1000</MaxHealth>
		<Health>1000</Health>
		<HasGravity>true</HasGravity>
		<IsOnFire>false</IsOnFire>
		<IsInvincible>false</IsInvincible>
		<IsBulletProof>false</IsBulletProof>
		<IsCollisionProof>false</IsCollisionProof>
		<IsExplosionProof>false</IsExplosionProof>
		<IsFireProof>false</IsFireProof>
		<IsMeleeProof>false</IsMeleeProof>
		<IsOnlyDamagedByPlayer>false</IsOnlyDamagedByPlayer>
		<PositionRotation>
			<X>504.67276</X>
			<Y>-2150.00586</Y>
			<Z>5.84673738</Z>
			<Pitch>0.0252793599</Pitch>
			<Roll>0.0100390734</Roll>
			<Yaw>19.718811</Yaw>
		</PositionRotation>
		<Attachment isAttached="true">
			<AttachedTo>566787</AttachedTo>
			<BoneIndex>0</BoneIndex>
			<X>0</X>
			<Y>-2.17999816</Y>
			<Z>0.220000029</Z>
			<Pitch>0</Pitch>
			<Roll>0</Roll>
			<Yaw>180</Yaw>
		</Attachment>
	</Placement>
	<Placement>
		<ModelHash>0xd3edbc71</ModelHash>
		<Type>3</Type>
		<Dynamic>false</Dynamic>
		<FrozenPos>true</FrozenPos>
		<HashName>w_mg_combatmg</HashName>
		<InitialHandle>560131</InitialHandle>
		<ObjectProperties>
			<TextureVariation>0</TextureVariation>
		</ObjectProperties>
		<OpacityLevel>255</OpacityLevel>
		<LodDistance>16960</LodDistance>
		<IsVisible>true</IsVisible>
		<MaxHealth>1000</MaxHealth>
		<Health>1000</Health>
		<HasGravity>true</HasGravity>
		<IsOnFire>false</IsOnFire>
		<IsInvincible>false</IsInvincible>
		<IsBulletProof>false</IsBulletProof>
		<IsCollisionProof>false</IsCollisionProof>
		<IsExplosionProof>false</IsExplosionProof>
		<IsFireProof>false</IsFireProof>
		<IsMeleeProof>false</IsMeleeProof>
		<IsOnlyDamagedByPlayer>false</IsOnlyDamagedByPlayer>
		<PositionRotation>
			<X>504.283478</X>
			<Y>-2149.27466</Y>
			<Z>6.97711945</Z>
			<Pitch>0.0100390716</Pitch>
			<Roll>-0.0252793599</Roll>
			<Yaw>109.718811</Yaw>
		</PositionRotation>
		<Attachment isAttached="true">
			<AttachedTo>566787</AttachedTo>
			<BoneIndex>0</BoneIndex>
			<X>0.120000035</X>
			<Y>-3.00000143</Y>
			<Z>1.34999979</Z>
			<Pitch>0</Pitch>
			<Roll>0</Roll>
			<Yaw>-90</Yaw>
		</Attachment>
	</Placement>
	<Placement>
		<ModelHash>0xd3edbc71</ModelHash>
		<Type>3</Type>
		<Dynamic>false</Dynamic>
		<FrozenPos>true</FrozenPos>
		<HashName>w_mg_combatmg</HashName>
		<InitialHandle>561923</InitialHandle>
		<ObjectProperties>
			<TextureVariation>0</TextureVariation>
		</ObjectProperties>
		<OpacityLevel>255</OpacityLevel>
		<LodDistance>16960</LodDistance>
		<IsVisible>true</IsVisible>
		<MaxHealth>1000</MaxHealth>
		<Health>1000</Health>
		<HasGravity>true</HasGravity>
		<IsOnFire>false</IsOnFire>
		<IsInvincible>false</IsInvincible>
		<IsBulletProof>false</IsBulletProof>
		<IsCollisionProof>false</IsCollisionProof>
		<IsExplosionProof>false</IsExplosionProof>
		<IsFireProof>false</IsFireProof>
		<IsMeleeProof>false</IsMeleeProof>
		<IsOnlyDamagedByPlayer>false</IsOnlyDamagedByPlayer>
		<PositionRotation>
			<X>504.556488</X>
			<Y>-2149.177</Y>
			<Z>6.97706795</Z>
			<Pitch>0.0100390716</Pitch>
			<Roll>-0.0252793599</Roll>
			<Yaw>109.718811</Yaw>
		</PositionRotation>
		<Attachment isAttached="true">
			<AttachedTo>566787</AttachedTo>
			<BoneIndex>0</BoneIndex>
			<X>-0.170000061</X>
			<Y>-3.00000048</Y>
			<Z>1.34999907</Z>
			<Pitch>0</Pitch>
			<Roll>0</Roll>
			<Yaw>-90</Yaw>
		</Attachment>
	</Placement>
	<Placement>
		<ModelHash>0xc103d44a</ModelHash>
		<Type>3</Type>
		<Dynamic>false</Dynamic>
		<FrozenPos>true</FrozenPos>
		<HashName>w_sb_microsmg</HashName>
		<InitialHandle>552451</InitialHandle>
		<ObjectProperties>
			<TextureVariation>0</TextureVariation>
		</ObjectProperties>
		<OpacityLevel>255</OpacityLevel>
		<LodDistance>16960</LodDistance>
		<IsVisible>true</IsVisible>
		<MaxHealth>1000</MaxHealth>
		<Health>1000</Health>
		<HasGravity>true</HasGravity>
		<IsOnFire>false</IsOnFire>
		<IsInvincible>false</IsInvincible>
		<IsBulletProof>false</IsBulletProof>
		<IsCollisionProof>false</IsCollisionProof>
		<IsExplosionProof>false</IsExplosionProof>
		<IsFireProof>false</IsFireProof>
		<IsMeleeProof>false</IsMeleeProof>
		<IsOnlyDamagedByPlayer>false</IsOnlyDamagedByPlayer>
		<PositionRotation>
			<X>505.681854</X>
			<Y>-2152.8208</Y>
			<Z>6.65041733</Z>
			<Pitch>-89.9802094</Pitch>
			<Roll>178.281189</Roll>
			<Yaw>0</Yaw>
		</PositionRotation>
		<Attachment isAttached="true">
			<AttachedTo>566787</AttachedTo>
			<BoneIndex>0</BoneIndex>
			<X>0</X>
			<Y>0.809999526</Y>
			<Z>1.02499962</Z>
			<Pitch>-90</Pitch>
			<Roll>18</Roll>
			<Yaw>0</Yaw>
		</Attachment>
	</Placement>
	<Placement>
		<ModelHash>0xb685e324</ModelHash>
		<Type>3</Type>
		<Dynamic>false</Dynamic>
		<FrozenPos>true</FrozenPos>
		<HashName>prop_cs_bar</HashName>
		<InitialHandle>570883</InitialHandle>
		<ObjectProperties>
			<TextureVariation>0</TextureVariation>
		</ObjectProperties>
		<OpacityLevel>255</OpacityLevel>
		<LodDistance>16960</LodDistance>
		<IsVisible>true</IsVisible>
		<MaxHealth>1000</MaxHealth>
		<Health>1000</Health>
		<HasGravity>true</HasGravity>
		<IsOnFire>false</IsOnFire>
		<IsInvincible>false</IsInvincible>
		<IsBulletProof>false</IsBulletProof>
		<IsCollisionProof>false</IsCollisionProof>
		<IsExplosionProof>false</IsExplosionProof>
		<IsFireProof>false</IsFireProof>
		<IsMeleeProof>false</IsMeleeProof>
		<IsOnlyDamagedByPlayer>false</IsOnlyDamagedByPlayer>
		<PositionRotation>
			<X>504.409943</X>
			<Y>-2149.27197</Y>
			<Z>6.94708014</Z>
			<Pitch>-0.0252793562</Pitch>
			<Roll>-90.010025</Roll>
			<Yaw>-160.281189</Yaw>
		</PositionRotation>
		<Attachment isAttached="true">
			<AttachedTo>566787</AttachedTo>
			<BoneIndex>0</BoneIndex>
			<X>0</X>
			<Y>-2.96000051</Y>
			<Z>1.3199991</Z>
			<Pitch>0</Pitch>
			<Roll>-90</Roll>
			<Yaw>0</Yaw>
		</Attachment>
	</Placement>
	<Placement>
		<ModelHash>0xb685e324</ModelHash>
		<Type>3</Type>
		<Dynamic>false</Dynamic>
		<FrozenPos>true</FrozenPos>
		<HashName>prop_cs_bar</HashName>
		<InitialHandle>570115</InitialHandle>
		<ObjectProperties>
			<TextureVariation>0</TextureVariation>
		</ObjectProperties>
		<OpacityLevel>255</OpacityLevel>
		<LodDistance>16960</LodDistance>
		<IsVisible>true</IsVisible>
		<MaxHealth>1000</MaxHealth>
		<Health>1000</Health>
		<HasGravity>true</HasGravity>
		<IsOnFire>false</IsOnFire>
		<IsInvincible>false</IsInvincible>
		<IsBulletProof>false</IsBulletProof>
		<IsCollisionProof>false</IsCollisionProof>
		<IsExplosionProof>false</IsExplosionProof>
		<IsFireProof>false</IsFireProof>
		<IsMeleeProof>false</IsMeleeProof>
		<IsOnlyDamagedByPlayer>false</IsOnlyDamagedByPlayer>
		<PositionRotation>
			<X>504.524597</X>
			<Y>-2149.5918</Y>
			<Z>6.75693035</Z>
			<Pitch>-0.010036109</Pitch>
			<Roll>-60.97472</Roll>
			<Yaw>-70.281189</Yaw>
		</PositionRotation>
		<Attachment isAttached="true">
			<AttachedTo>566787</AttachedTo>
			<BoneIndex>0</BoneIndex>
			<X>0</X>
			<Y>-2.62000084</Y>
			<Z>1.12999928</Z>
			<Pitch>3.57627869e-07</Pitch>
			<Roll>-61</Roll>
			<Yaw>90</Yaw>
		</Attachment>
	</Placement>
	<Placement>
		<ModelHash>0xa53de4d1</ModelHash>
		<Type>3</Type>
		<Dynamic>false</Dynamic>
		<FrozenPos>true</FrozenPos>
		<HashName>prop_box_ammo02a</HashName>
		<InitialHandle>569091</InitialHandle>
		<ObjectProperties>
			<TextureVariation>0</TextureVariation>
		</ObjectProperties>
		<OpacityLevel>255</OpacityLevel>
		<LodDistance>16960</LodDistance>
		<IsVisible>true</IsVisible>
		<MaxHealth>1000</MaxHealth>
		<Health>1000</Health>
		<HasGravity>true</HasGravity>
		<IsOnFire>false</IsOnFire>
		<IsInvincible>false</IsInvincible>
		<IsBulletProof>false</IsBulletProof>
		<IsCollisionProof>false</IsCollisionProof>
		<IsExplosionProof>false</IsExplosionProof>
		<IsFireProof>false</IsFireProof>
		<IsMeleeProof>false</IsMeleeProof>
		<IsOnlyDamagedByPlayer>false</IsOnlyDamagedByPlayer>
		<PositionRotation>
			<X>504.179901</X>
			<Y>-2150.58643</Y>
			<Z>6.55768442</Z>
			<Pitch>-0.0268897507</Pitch>
			<Roll>-0.00409515528</Roll>
			<Yaw>-147.281174</Yaw>
		</PositionRotation>
		<Attachment isAttached="true">
			<AttachedTo>566787</AttachedTo>
			<BoneIndex>0</BoneIndex>
			<X>0.659999728</X>
			<Y>-1.79999876</Y>
			<Z>0.930999577</Z>
			<Pitch>0</Pitch>
			<Roll>0</Roll>
			<Yaw>13.000001</Yaw>
		</Attachment>
	</Placement>
	<Placement>
		<ModelHash>0xa53de4d1</ModelHash>
		<Type>3</Type>
		<Dynamic>false</Dynamic>
		<FrozenPos>true</FrozenPos>
		<HashName>prop_box_ammo02a</HashName>
		<InitialHandle>117763</InitialHandle>
		<ObjectProperties>
			<TextureVariation>0</TextureVariation>
		</ObjectProperties>
		<OpacityLevel>255</OpacityLevel>
		<LodDistance>16960</LodDistance>
		<IsVisible>true</IsVisible>
		<MaxHealth>1000</MaxHealth>
		<Health>1000</Health>
		<HasGravity>true</HasGravity>
		<IsOnFire>false</IsOnFire>
		<IsInvincible>false</IsInvincible>
		<IsBulletProof>false</IsBulletProof>
		<IsCollisionProof>false</IsCollisionProof>
		<IsExplosionProof>false</IsExplosionProof>
		<IsFireProof>false</IsFireProof>
		<IsMeleeProof>false</IsMeleeProof>
		<IsOnlyDamagedByPlayer>false</IsOnlyDamagedByPlayer>
		<PositionRotation>
			<X>504.359253</X>
			<Y>-2149.13062</Y>
			<Z>6.72714663</Z>
			<Pitch>-0.0100390762</Pitch>
			<Roll>0.0252793599</Roll>
			<Yaw>-70.281189</Yaw>
		</PositionRotation>
		<Attachment isAttached="true">
			<AttachedTo>566787</AttachedTo>
			<BoneIndex>0</BoneIndex>
			<X>0</X>
			<Y>-3.11000037</Y>
			<Z>1.09999931</Z>
			<Pitch>0</Pitch>
			<Roll>0</Roll>
			<Yaw>90.0000076</Yaw>
		</Attachment>
	</Placement>
	<Placement>
		<ModelHash>0x78df72d2</ModelHash>
		<Type>3</Type>
		<Dynamic>false</Dynamic>
		<FrozenPos>true</FrozenPos>
		<HashName>prop_crate_02a</HashName>
		<InitialHandle>474371</InitialHandle>
		<ObjectProperties>
			<TextureVariation>0</TextureVariation>
		</ObjectProperties>
		<OpacityLevel>255</OpacityLevel>
		<LodDistance>16960</LodDistance>
		<IsVisible>true</IsVisible>
		<MaxHealth>1000</MaxHealth>
		<Health>1000</Health>
		<HasGravity>true</HasGravity>
		<IsOnFire>false</IsOnFire>
		<IsInvincible>false</IsInvincible>
		<IsBulletProof>false</IsBulletProof>
		<IsCollisionProof>false</IsCollisionProof>
		<IsExplosionProof>false</IsExplosionProof>
		<IsFireProof>false</IsFireProof>
		<IsMeleeProof>false</IsMeleeProof>
		<IsOnlyDamagedByPlayer>false</IsOnlyDamagedByPlayer>
		<PositionRotation>
			<X>504.06485</X>
			<Y>-2150.53223</Y>
			<Z>6.71673965</Z>
			<Pitch>-0.00779763935</Pitch>
			<Roll>0.0260581262</Roll>
			<Yaw>-65.2812042</Yaw>
		</PositionRotation>
		<Attachment isAttached="true">
			<AttachedTo>566787</AttachedTo>
			<BoneIndex>0</BoneIndex>
			<X>0.749999642</X>
			<Y>-1.88999856</Y>
			<Z>1.08999932</Z>
			<Pitch>0</Pitch>
			<Roll>0</Roll>
			<Yaw>455</Yaw>
		</Attachment>
	</Placement>
	<Placement>
		<ModelHash>0x8088304a</ModelHash>
		<Type>3</Type>
		<Dynamic>false</Dynamic>
		<FrozenPos>true</FrozenPos>
		<HashName>prop_rub_planks_04</HashName>
		<InitialHandle>474883</InitialHandle>
		<ObjectProperties>
			<TextureVariation>0</TextureVariation>
		</ObjectProperties>
		<OpacityLevel>255</OpacityLevel>
		<LodDistance>16960</LodDistance>
		<IsVisible>true</IsVisible>
		<MaxHealth>1000</MaxHealth>
		<Health>1000</Health>
		<HasGravity>true</HasGravity>
		<IsOnFire>false</IsOnFire>
		<IsInvincible>false</IsInvincible>
		<IsBulletProof>false</IsBulletProof>
		<IsCollisionProof>false</IsCollisionProof>
		<IsExplosionProof>false</IsExplosionProof>
		<IsFireProof>false</IsFireProof>
		<IsMeleeProof>false</IsMeleeProof>
		<IsOnlyDamagedByPlayer>false</IsOnlyDamagedByPlayer>
		<PositionRotation>
			<X>504.111511</X>
			<Y>-2150.78101</Y>
			<Z>6.51663685</Z>
			<Pitch>-90</Pitch>
			<Roll>162.281189</Roll>
			<Yaw>0</Yaw>
		</PositionRotation>
		<Attachment isAttached="true">
			<AttachedTo>566787</AttachedTo>
			<BoneIndex>0</BoneIndex>
			<X>0.789999604</X>
			<Y>-1.63999879</Y>
			<Z>0.889999509</Z>
			<Pitch>270</Pitch>
			<Roll>0</Roll>
			<Yaw>358</Yaw>
		</Attachment>
	</Placement>
	<Placement>
		<ModelHash>0xb685e324</ModelHash>
		<Type>3</Type>
		<Dynamic>false</Dynamic>
		<FrozenPos>true</FrozenPos>
		<HashName>prop_cs_bar</HashName>
		<InitialHandle>564739</InitialHandle>
		<ObjectProperties>
			<TextureVariation>0</TextureVariation>
		</ObjectProperties>
		<OpacityLevel>255</OpacityLevel>
		<LodDistance>16960</LodDistance>
		<IsVisible>true</IsVisible>
		<MaxHealth>1000</MaxHealth>
		<Health>1000</Health>
		<HasGravity>true</HasGravity>
		<IsOnFire>false</IsOnFire>
		<IsInvincible>false</IsInvincible>
		<IsBulletProof>false</IsBulletProof>
		<IsCollisionProof>false</IsCollisionProof>
		<IsExplosionProof>false</IsExplosionProof>
		<IsFireProof>false</IsFireProof>
		<IsMeleeProof>false</IsMeleeProof>
		<IsOnlyDamagedByPlayer>false</IsOnlyDamagedByPlayer>
		<PositionRotation>
			<X>504.116028</X>
			<Y>-2150.70483</Y>
			<Z>6.17666292</Z>
			<Pitch>-0.0252793562</Pitch>
			<Roll>-0.0100390753</Roll>
			<Yaw>-160.281189</Yaw>
		</PositionRotation>
		<Attachment isAttached="true">
			<AttachedTo>566787</AttachedTo>
			<BoneIndex>0</BoneIndex>
			<X>0.759999275</X>
			<Y>-1.70999873</Y>
			<Z>0.549999833</Z>
			<Pitch>0</Pitch>
			<Roll>0</Roll>
			<Yaw>0</Yaw>
		</Attachment>
	</Placement>
	<Placement>
		<ModelHash>0xb685e324</ModelHash>
		<Type>3</Type>
		<Dynamic>false</Dynamic>
		<FrozenPos>true</FrozenPos>
		<HashName>prop_cs_bar</HashName>
		<InitialHandle>565251</InitialHandle>
		<ObjectProperties>
			<TextureVariation>0</TextureVariation>
		</ObjectProperties>
		<OpacityLevel>255</OpacityLevel>
		<LodDistance>16960</LodDistance>
		<IsVisible>true</IsVisible>
		<MaxHealth>1000</MaxHealth>
		<Health>1000</Health>
		<HasGravity>true</HasGravity>
		<IsOnFire>false</IsOnFire>
		<IsInvincible>false</IsInvincible>
		<IsBulletProof>false</IsBulletProof>
		<IsCollisionProof>false</IsCollisionProof>
		<IsExplosionProof>false</IsExplosionProof>
		<IsFireProof>false</IsFireProof>
		<IsMeleeProof>false</IsMeleeProof>
		<IsOnlyDamagedByPlayer>false</IsOnlyDamagedByPlayer>
		<PositionRotation>
			<X>504.01001</X>
			<Y>-2150.34961</Y>
			<Z>6.17682266</Z>
			<Pitch>-0.0252793562</Pitch>
			<Roll>-0.0100390753</Roll>
			<Yaw>-160.281189</Yaw>
		</PositionRotation>
		<Attachment isAttached="true">
			<AttachedTo>566787</AttachedTo>
			<BoneIndex>0</BoneIndex>
			<X>0.739999294</X>
			<Y>-2.07999849</Y>
			<Z>0.549999833</Z>
			<Pitch>0</Pitch>
			<Roll>0</Roll>
			<Yaw>0</Yaw>
		</Attachment>
	</Placement>
	<Placement>
		<ModelHash>0xa53de4d1</ModelHash>
		<Type>3</Type>
		<Dynamic>false</Dynamic>
		<FrozenPos>true</FrozenPos>
		<HashName>prop_box_ammo02a</HashName>
		<InitialHandle>627459</InitialHandle>
		<ObjectProperties>
			<TextureVariation>0</TextureVariation>
		</ObjectProperties>
		<OpacityLevel>255</OpacityLevel>
		<LodDistance>16960</LodDistance>
		<IsVisible>true</IsVisible>
		<MaxHealth>1000</MaxHealth>
		<Health>1000</Health>
		<HasGravity>true</HasGravity>
		<IsOnFire>false</IsOnFire>
		<IsInvincible>false</IsInvincible>
		<IsBulletProof>false</IsBulletProof>
		<IsCollisionProof>false</IsCollisionProof>
		<IsExplosionProof>false</IsExplosionProof>
		<IsFireProof>false</IsFireProof>
		<IsMeleeProof>false</IsMeleeProof>
		<IsOnlyDamagedByPlayer>false</IsOnlyDamagedByPlayer>
		<PositionRotation>
			<X>503.928192</X>
			<Y>-2150.47705</Y>
			<Z>6.55780268</Z>
			<Pitch>-0.0245174877</Pitch>
			<Roll>-0.0117780194</Roll>
			<Yaw>-164.281189</Yaw>
		</PositionRotation>
		<Attachment isAttached="true">
			<AttachedTo>566787</AttachedTo>
			<BoneIndex>0</BoneIndex>
			<X>0.859999537</X>
			<Y>-1.98800087</Y>
			<Z>0.930999577</Z>
			<Pitch>0</Pitch>
			<Roll>0</Roll>
			<Yaw>-4</Yaw>
		</Attachment>
	</Placement>
	<Placement>
		<ModelHash>0x1ab2b268</ModelHash>
		<Type>3</Type>
		<Dynamic>false</Dynamic>
		<FrozenPos>true</FrozenPos>
		<HashName>prop_air_watertank3</HashName>
		<InitialHandle>627715</InitialHandle>
		<ObjectProperties>
			<TextureVariation>0</TextureVariation>
		</ObjectProperties>
		<OpacityLevel>255</OpacityLevel>
		<LodDistance>16960</LodDistance>
		<IsVisible>true</IsVisible>
		<MaxHealth>1000</MaxHealth>
		<Health>1000</Health>
		<HasGravity>true</HasGravity>
		<IsOnFire>false</IsOnFire>
		<IsInvincible>false</IsInvincible>
		<IsBulletProof>false</IsBulletProof>
		<IsCollisionProof>false</IsCollisionProof>
		<IsExplosionProof>false</IsExplosionProof>
		<IsFireProof>false</IsFireProof>
		<IsMeleeProof>false</IsMeleeProof>
		<IsOnlyDamagedByPlayer>false</IsOnlyDamagedByPlayer>
		<PositionRotation>
			<X>505.131836</X>
			<Y>-2151.28613</Y>
			<Z>6.46613646</Z>
			<Pitch>-0.0100390827</Pitch>
			<Roll>0.0252793562</Roll>
			<Yaw>-70.2812042</Yaw>
		</PositionRotation>
		<Attachment isAttached="true">
			<AttachedTo>566787</AttachedTo>
			<BoneIndex>0</BoneIndex>
			<X>0</X>
			<Y>-0.819999576</Y>
			<Z>0.839999557</Z>
			<Pitch>0</Pitch>
			<Roll>0</Roll>
			<Yaw>450</Yaw>
		</Attachment>
	</Placement>
	<Placement>
		<ModelHash>0x4afa2d34</ModelHash>
		<Type>3</Type>
		<Dynamic>false</Dynamic>
		<FrozenPos>true</FrozenPos>
		<HashName>prop_wall_light_15a</HashName>
		<InitialHandle>562691</InitialHandle>
		<ObjectProperties>
			<TextureVariation>0</TextureVariation>
		</ObjectProperties>
		<OpacityLevel>255</OpacityLevel>
		<LodDistance>16960</LodDistance>
		<IsVisible>true</IsVisible>
		<MaxHealth>1000</MaxHealth>
		<Health>1000</Health>
		<HasGravity>true</HasGravity>
		<IsOnFire>false</IsOnFire>
		<IsInvincible>false</IsInvincible>
		<IsBulletProof>false</IsBulletProof>
		<IsCollisionProof>false</IsCollisionProof>
		<IsExplosionProof>false</IsExplosionProof>
		<IsFireProof>false</IsFireProof>
		<IsMeleeProof>false</IsMeleeProof>
		<IsOnlyDamagedByPlayer>false</IsOnlyDamagedByPlayer>
		<PositionRotation>
			<X>505.638092</X>
			<Y>-2152.69849</Y>
			<Z>6.96547413</Z>
			<Pitch>0.0252793599</Pitch>
			<Roll>0.0100390669</Roll>
			<Yaw>19.7188244</Yaw>
		</PositionRotation>
		<Attachment isAttached="true">
			<AttachedTo>566787</AttachedTo>
			<BoneIndex>0</BoneIndex>
			<X>0</X>
			<Y>0.679999709</Y>
			<Z>1.33999908</Z>
			<Pitch>0</Pitch>
			<Roll>0</Roll>
			<Yaw>180.000015</Yaw>
		</Attachment>
	</Placement>
	<Placement>
		<ModelHash>0x9866a5db</ModelHash>
		<Type>3</Type>
		<Dynamic>false</Dynamic>
		<FrozenPos>true</FrozenPos>
		<HashName>prop_barrel_01a</HashName>
		<InitialHandle>658179</InitialHandle>
		<ObjectProperties>
			<TextureVariation>0</TextureVariation>
		</ObjectProperties>
		<OpacityLevel>255</OpacityLevel>
		<LodDistance>16960</LodDistance>
		<IsVisible>true</IsVisible>
		<MaxHealth>1000</MaxHealth>
		<Health>1000</Health>
		<HasGravity>true</HasGravity>
		<IsOnFire>false</IsOnFire>
		<IsInvincible>false</IsInvincible>
		<IsBulletProof>false</IsBulletProof>
		<IsCollisionProof>false</IsCollisionProof>
		<IsExplosionProof>false</IsExplosionProof>
		<IsFireProof>false</IsFireProof>
		<IsMeleeProof>false</IsMeleeProof>
		<IsOnlyDamagedByPlayer>false</IsOnlyDamagedByPlayer>
		<PositionRotation>
			<X>504.776215</X>
			<Y>-2151.50928</Y>
			<Z>6.43616867</Z>
			<Pitch>-0.0252793562</Pitch>
			<Roll>-0.0100390753</Roll>
			<Yaw>-160.281189</Yaw>
		</PositionRotation>
		<Attachment isAttached="true">
			<AttachedTo>566787</AttachedTo>
			<BoneIndex>0</BoneIndex>
			<X>0.409999967</X>
			<Y>-0.729999661</Y>
			<Z>0.809999585</Z>
			<Pitch>0</Pitch>
			<Roll>0</Roll>
			<Yaw>0</Yaw>
		</Attachment>
	</Placement>
	<Placement>
		<ModelHash>0x625223d7</ModelHash>
		<Type>3</Type>
		<Dynamic>false</Dynamic>
		<FrozenPos>true</FrozenPos>
		<HashName>frag_plank_a</HashName>
		<InitialHandle>441603</InitialHandle>
		<ObjectProperties>
			<TextureVariation>0</TextureVariation>
		</ObjectProperties>
		<OpacityLevel>255</OpacityLevel>
		<LodDistance>16960</LodDistance>
		<IsVisible>true</IsVisible>
		<MaxHealth>1000</MaxHealth>
		<Health>1000</Health>
		<HasGravity>true</HasGravity>
		<IsOnFire>false</IsOnFire>
		<IsInvincible>false</IsInvincible>
		<IsBulletProof>false</IsBulletProof>
		<IsCollisionProof>false</IsCollisionProof>
		<IsExplosionProof>false</IsExplosionProof>
		<IsFireProof>false</IsFireProof>
		<IsMeleeProof>false</IsMeleeProof>
		<IsOnlyDamagedByPlayer>false</IsOnlyDamagedByPlayer>
		<PositionRotation>
			<X>505.114105</X>
			<Y>-2149.78442</Y>
			<Z>6.8366766</Z>
			<Pitch>-0.0252793562</Pitch>
			<Roll>-0.0100390753</Roll>
			<Yaw>-160.281189</Yaw>
		</PositionRotation>
		<Attachment isAttached="true">
			<AttachedTo>566787</AttachedTo>
			<BoneIndex>0</BoneIndex>
			<X>-0.48999989</X>
			<Y>-2.23999834</Y>
			<Z>1.2099992</Z>
			<Pitch>0</Pitch>
			<Roll>0</Roll>
			<Yaw>0</Yaw>
		</Attachment>
	</Placement>
	<Placement>
		<ModelHash>0x7f805e33</ModelHash>
		<Type>3</Type>
		<Dynamic>false</Dynamic>
		<FrozenPos>true</FrozenPos>
		<HashName>frag_plank_b</HashName>
		<InitialHandle>453123</InitialHandle>
		<ObjectProperties>
			<TextureVariation>0</TextureVariation>
		</ObjectProperties>
		<OpacityLevel>255</OpacityLevel>
		<LodDistance>16960</LodDistance>
		<IsVisible>true</IsVisible>
		<MaxHealth>1000</MaxHealth>
		<Health>1000</Health>
		<HasGravity>true</HasGravity>
		<IsOnFire>false</IsOnFire>
		<IsInvincible>false</IsInvincible>
		<IsBulletProof>false</IsBulletProof>
		<IsCollisionProof>false</IsCollisionProof>
		<IsExplosionProof>false</IsExplosionProof>
		<IsFireProof>false</IsFireProof>
		<IsMeleeProof>false</IsMeleeProof>
		<IsOnlyDamagedByPlayer>false</IsOnlyDamagedByPlayer>
		<PositionRotation>
			<X>504.047302</X>
			<Y>-2150.00806</Y>
			<Z>8.36493301</Z>
			<Pitch>-1.97472644</Pitch>
			<Roll>0.0100450097</Roll>
			<Yaw>19.7191582</Yaw>
		</PositionRotation>
		<Attachment isAttached="true">
			<AttachedTo>566787</AttachedTo>
			<BoneIndex>0</BoneIndex>
			<X>0.589999795</X>
			<Y>-2.39000201</Y>
			<Z>2.73799992</Z>
			<Pitch>358</Pitch>
			<Roll>0</Roll>
			<Yaw>180</Yaw>
		</Attachment>
	</Placement>
	<Placement>
		<ModelHash>0x89f828eb</ModelHash>
		<Type>3</Type>
		<Dynamic>false</Dynamic>
		<FrozenPos>true</FrozenPos>
		<HashName>prop_fire_exting_1b</HashName>
		<InitialHandle>625411</InitialHandle>
		<ObjectProperties>
			<TextureVariation>0</TextureVariation>
		</ObjectProperties>
		<OpacityLevel>255</OpacityLevel>
		<LodDistance>16960</LodDistance>
		<IsVisible>true</IsVisible>
		<MaxHealth>1000</MaxHealth>
		<Health>1000</Health>
		<HasGravity>true</HasGravity>
		<IsOnFire>false</IsOnFire>
		<IsInvincible>false</IsInvincible>
		<IsBulletProof>false</IsBulletProof>
		<IsCollisionProof>false</IsCollisionProof>
		<IsExplosionProof>false</IsExplosionProof>
		<IsFireProof>false</IsFireProof>
		<IsMeleeProof>false</IsMeleeProof>
		<IsOnlyDamagedByPlayer>false</IsOnlyDamagedByPlayer>
		<PositionRotation>
			<X>505.425171</X>
			<Y>-2152.10498</Y>
			<Z>5.80575323</Z>
			<Pitch>-0.0252793562</Pitch>
			<Roll>-0.0100390753</Roll>
			<Yaw>-160.281189</Yaw>
		</PositionRotation>
		<Attachment isAttached="true">
			<AttachedTo>566787</AttachedTo>
			<BoneIndex>0</BoneIndex>
			<X>0</X>
			<Y>0.0500000045</Y>
			<Z>0.180000067</Z>
			<Pitch>0</Pitch>
			<Roll>0</Roll>
			<Yaw>0</Yaw>
		</Attachment>
	</Placement>
	<Placement>
		<ModelHash>0x2f6443a4</ModelHash>
		<Type>3</Type>
		<Dynamic>false</Dynamic>
		<FrozenPos>true</FrozenPos>
		<HashName>p_stinger_02</HashName>
		<InitialHandle>622851</InitialHandle>
		<ObjectProperties>
			<TextureVariation>0</TextureVariation>
		</ObjectProperties>
		<OpacityLevel>255</OpacityLevel>
		<LodDistance>16960</LodDistance>
		<IsVisible>true</IsVisible>
		<MaxHealth>1000</MaxHealth>
		<Health>1000</Health>
		<HasGravity>true</HasGravity>
		<IsOnFire>false</IsOnFire>
		<IsInvincible>false</IsInvincible>
		<IsBulletProof>false</IsBulletProof>
		<IsCollisionProof>false</IsCollisionProof>
		<IsExplosionProof>false</IsExplosionProof>
		<IsFireProof>false</IsFireProof>
		<IsMeleeProof>false</IsMeleeProof>
		<IsOnlyDamagedByPlayer>false</IsOnlyDamagedByPlayer>
		<PositionRotation>
			<X>507.128021</X>
			<Y>-2154.12915</Y>
			<Z>5.93449783</Z>
			<Pitch>-0.0100373663</Pitch>
			<Roll>90.0252609</Roll>
			<Yaw>-70.2811737</Yaw>
		</PositionRotation>
		<Attachment isAttached="true">
			<AttachedTo>566787</AttachedTo>
			<BoneIndex>0</BoneIndex>
			<X>-0.91999948</X>
			<Y>2.5300138</Y>
			<Z>0.310000032</Z>
			<Pitch>0</Pitch>
			<Roll>450</Roll>
			<Yaw>90.0000076</Yaw>
		</Attachment>
	</Placement>
	<Placement>
		<ModelHash>0x5707dd4e</ModelHash>
		<Type>3</Type>
		<Dynamic>false</Dynamic>
		<FrozenPos>true</FrozenPos>
		<HashName>prop_rub_planks_03</HashName>
		<InitialHandle>622083</InitialHandle>
		<ObjectProperties>
			<TextureVariation>0</TextureVariation>
		</ObjectProperties>
		<OpacityLevel>255</OpacityLevel>
		<LodDistance>16960</LodDistance>
		<IsVisible>true</IsVisible>
		<MaxHealth>1000</MaxHealth>
		<Health>1000</Health>
		<HasGravity>true</HasGravity>
		<IsOnFire>false</IsOnFire>
		<IsInvincible>false</IsInvincible>
		<IsBulletProof>false</IsBulletProof>
		<IsCollisionProof>false</IsCollisionProof>
		<IsExplosionProof>false</IsExplosionProof>
		<IsFireProof>false</IsFireProof>
		<IsMeleeProof>false</IsMeleeProof>
		<IsOnlyDamagedByPlayer>false</IsOnlyDamagedByPlayer>
		<PositionRotation>
			<X>506.219208</X>
			<Y>-2154.43896</Y>
			<Z>5.83467293</Z>
			<Pitch>-0.0252793562</Pitch>
			<Roll>89.9899597</Roll>
			<Yaw>-160.281189</Yaw>
		</PositionRotation>
		<Attachment isAttached="true">
			<AttachedTo>566787</AttachedTo>
			<BoneIndex>0</BoneIndex>
			<X>0.0400000028</X>
			<Y>2.51499772</Y>
			<Z>0.210000068</Z>
			<Pitch>0</Pitch>
			<Roll>90.0000076</Roll>
			<Yaw>0</Yaw>
		</Attachment>
	</Placement>
	<Placement>
		<ModelHash>0xe6b2872f</ModelHash>
		<Type>3</Type>
		<Dynamic>false</Dynamic>
		<FrozenPos>true</FrozenPos>
		<HashName>prop_tool_box_05</HashName>
		<InitialHandle>568067</InitialHandle>
		<ObjectProperties>
			<TextureVariation>0</TextureVariation>
		</ObjectProperties>
		<OpacityLevel>255</OpacityLevel>
		<LodDistance>16960</LodDistance>
		<IsVisible>true</IsVisible>
		<MaxHealth>1000</MaxHealth>
		<Health>1000</Health>
		<HasGravity>true</HasGravity>
		<IsOnFire>false</IsOnFire>
		<IsInvincible>false</IsInvincible>
		<IsBulletProof>false</IsBulletProof>
		<IsCollisionProof>false</IsCollisionProof>
		<IsExplosionProof>false</IsExplosionProof>
		<IsFireProof>false</IsFireProof>
		<IsMeleeProof>false</IsMeleeProof>
		<IsOnlyDamagedByPlayer>false</IsOnlyDamagedByPlayer>
		<PositionRotation>
			<X>505.422943</X>
			<Y>-2151.29858</Y>
			<Z>5.97604132</Z>
			<Pitch>-0.0256143194</Pitch>
			<Roll>-0.00915072486</Roll>
			<Yaw>-158.281189</Yaw>
		</PositionRotation>
		<Attachment isAttached="true">
			<AttachedTo>566787</AttachedTo>
			<BoneIndex>0</BoneIndex>
			<X>-0.27000007</X>
			<Y>-0.709999681</Y>
			<Z>0.349999994</Z>
			<Pitch>0</Pitch>
			<Roll>0</Roll>
			<Yaw>2.00000024</Yaw>
		</Attachment>
	</Placement>
	<Placement>
		<ModelHash>0x43d4d056</ModelHash>
		<Type>3</Type>
		<Dynamic>false</Dynamic>
		<FrozenPos>true</FrozenPos>
		<HashName>prop_crate_01a</HashName>
		<InitialHandle>571907</InitialHandle>
		<ObjectProperties>
			<TextureVariation>0</TextureVariation>
		</ObjectProperties>
		<OpacityLevel>255</OpacityLevel>
		<LodDistance>16960</LodDistance>
		<IsVisible>true</IsVisible>
		<MaxHealth>1000</MaxHealth>
		<Health>1000</Health>
		<HasGravity>true</HasGravity>
		<IsOnFire>false</IsOnFire>
		<IsInvincible>false</IsInvincible>
		<IsBulletProof>false</IsBulletProof>
		<IsCollisionProof>false</IsCollisionProof>
		<IsExplosionProof>false</IsExplosionProof>
		<IsFireProof>false</IsFireProof>
		<IsMeleeProof>false</IsMeleeProof>
		<IsOnlyDamagedByPlayer>false</IsOnlyDamagedByPlayer>
		<PositionRotation>
			<X>505.449219</X>
			<Y>-2152.17139</Y>
			<Z>7.16272211</Z>
			<Pitch>-0.0100277839</Pitch>
			<Roll>-5.97473049</Roll>
			<Yaw>-70.281189</Yaw>
		</PositionRotation>
		<Attachment isAttached="true">
			<AttachedTo>566787</AttachedTo>
			<BoneIndex>0</BoneIndex>
			<X>0</X>
			<Y>0.120000035</Y>
			<Z>1.53699994</Z>
			<Pitch>360</Pitch>
			<Roll>354</Roll>
			<Yaw>90.0000076</Yaw>
		</Attachment>
	</Placement>
	<Placement>
		<ModelHash>0x97cd38c1</ModelHash>
		<Type>3</Type>
		<Dynamic>false</Dynamic>
		<FrozenPos>true</FrozenPos>
		<HashName>prop_crate_09a</HashName>
		<InitialHandle>636163</InitialHandle>
		<ObjectProperties>
			<TextureVariation>0</TextureVariation>
		</ObjectProperties>
		<OpacityLevel>255</OpacityLevel>
		<LodDistance>16960</LodDistance>
		<IsVisible>true</IsVisible>
		<MaxHealth>1000</MaxHealth>
		<Health>1000</Health>
		<HasGravity>true</HasGravity>
		<IsOnFire>false</IsOnFire>
		<IsInvincible>false</IsInvincible>
		<IsBulletProof>false</IsBulletProof>
		<IsCollisionProof>false</IsCollisionProof>
		<IsExplosionProof>false</IsExplosionProof>
		<IsFireProof>false</IsFireProof>
		<IsMeleeProof>false</IsMeleeProof>
		<IsOnlyDamagedByPlayer>false</IsOnlyDamagedByPlayer>
		<PositionRotation>
			<X>504.599213</X>
			<Y>-2149.79956</Y>
			<Z>7.9968338</Z>
			<Pitch>1.97471917</Pitch>
			<Roll>-0.0100450087</Roll>
			<Yaw>-160.280823</Yaw>
		</PositionRotation>
		<Attachment isAttached="true">
			<AttachedTo>566787</AttachedTo>
			<BoneIndex>0</BoneIndex>
			<X>0</X>
			<Y>-2.4000001</Y>
			<Z>2.36999989</Z>
			<Pitch>362</Pitch>
			<Roll>0</Roll>
			<Yaw>0</Yaw>
		</Attachment>
	</Placement>
	<Placement>
		<ModelHash>0x7d4fdda3</ModelHash>
		<Type>3</Type>
		<Dynamic>false</Dynamic>
		<FrozenPos>true</FrozenPos>
		<HashName>prop_roofpipe_04</HashName>
		<InitialHandle>636419</InitialHandle>
		<ObjectProperties>
			<TextureVariation>0</TextureVariation>
		</ObjectProperties>
		<OpacityLevel>255</OpacityLevel>
		<LodDistance>16960</LodDistance>
		<IsVisible>true</IsVisible>
		<MaxHealth>1000</MaxHealth>
		<Health>1000</Health>
		<HasGravity>true</HasGravity>
		<IsOnFire>false</IsOnFire>
		<IsInvincible>false</IsInvincible>
		<IsBulletProof>false</IsBulletProof>
		<IsCollisionProof>false</IsCollisionProof>
		<IsExplosionProof>false</IsExplosionProof>
		<IsFireProof>false</IsFireProof>
		<IsMeleeProof>false</IsMeleeProof>
		<IsOnlyDamagedByPlayer>false</IsOnlyDamagedByPlayer>
		<PositionRotation>
			<X>506.108276</X>
			<Y>-2153.83301</Y>
			<Z>6.06492329</Z>
			<Pitch>0.0100390716</Pitch>
			<Roll>-0.0252793599</Roll>
			<Yaw>109.718811</Yaw>
		</PositionRotation>
		<Attachment isAttached="true">
			<AttachedTo>566787</AttachedTo>
			<BoneIndex>0</BoneIndex>
			<X>-0.0600000061</X>
			<Y>1.9069984</Y>
			<Z>0.439999938</Z>
			<Pitch>0</Pitch>
			<Roll>0</Roll>
			<Yaw>-90</Yaw>
		</Attachment>
	</Placement>
	<Placement>
		<ModelHash>0x7d4fdda3</ModelHash>
		<Type>3</Type>
		<Dynamic>false</Dynamic>
		<FrozenPos>true</FrozenPos>
		<HashName>prop_roofpipe_04</HashName>
		<InitialHandle>626179</InitialHandle>
		<ObjectProperties>
			<TextureVariation>0</TextureVariation>
		</ObjectProperties>
		<OpacityLevel>255</OpacityLevel>
		<LodDistance>16960</LodDistance>
		<IsVisible>true</IsVisible>
		<MaxHealth>1000</MaxHealth>
		<Health>1000</Health>
		<HasGravity>true</HasGravity>
		<IsOnFire>false</IsOnFire>
		<IsInvincible>false</IsInvincible>
		<IsBulletProof>false</IsBulletProof>
		<IsCollisionProof>false</IsCollisionProof>
		<IsExplosionProof>false</IsExplosionProof>
		<IsFireProof>false</IsFireProof>
		<IsMeleeProof>false</IsMeleeProof>
		<IsOnlyDamagedByPlayer>false</IsOnlyDamagedByPlayer>
		<PositionRotation>
			<X>506.013824</X>
			<Y>-2153.56934</Y>
			<Z>6.15504694</Z>
			<Pitch>0.0100390716</Pitch>
			<Roll>-0.0252793599</Roll>
			<Yaw>109.718811</Yaw>
		</PositionRotation>
		<Attachment isAttached="true">
			<AttachedTo>566787</AttachedTo>
			<BoneIndex>0</BoneIndex>
			<X>-0.0600000061</X>
			<Y>1.62699866</Y>
			<Z>0.529999852</Z>
			<Pitch>0</Pitch>
			<Roll>0</Roll>
			<Yaw>-90</Yaw>
		</Attachment>
	</Placement>
	<Placement>
		<ModelHash>0x7d4fdda3</ModelHash>
		<Type>3</Type>
		<Dynamic>false</Dynamic>
		<FrozenPos>true</FrozenPos>
		<HashName>prop_roofpipe_04</HashName>
		<InitialHandle>626435</InitialHandle>
		<ObjectProperties>
			<TextureVariation>0</TextureVariation>
		</ObjectProperties>
		<OpacityLevel>255</OpacityLevel>
		<LodDistance>16960</LodDistance>
		<IsVisible>true</IsVisible>
		<MaxHealth>1000</MaxHealth>
		<Health>1000</Health>
		<HasGravity>true</HasGravity>
		<IsOnFire>false</IsOnFire>
		<IsInvincible>false</IsInvincible>
		<IsBulletProof>false</IsBulletProof>
		<IsCollisionProof>false</IsCollisionProof>
		<IsExplosionProof>false</IsExplosionProof>
		<IsFireProof>false</IsFireProof>
		<IsMeleeProof>false</IsMeleeProof>
		<IsOnlyDamagedByPlayer>false</IsOnlyDamagedByPlayer>
		<PositionRotation>
			<X>505.919403</X>
			<Y>-2153.30591</Y>
			<Z>6.24517012</Z>
			<Pitch>0.0100390716</Pitch>
			<Roll>-0.0252793599</Roll>
			<Yaw>109.718811</Yaw>
		</PositionRotation>
		<Attachment isAttached="true">
			<AttachedTo>566787</AttachedTo>
			<BoneIndex>0</BoneIndex>
			<X>-0.0600000061</X>
			<Y>1.34699893</Y>
			<Z>0.619999766</Z>
			<Pitch>0</Pitch>
			<Roll>0</Roll>
			<Yaw>-90</Yaw>
		</Attachment>
	</Placement>
	<Placement>
		<ModelHash>0x710841e5</ModelHash>
		<Type>3</Type>
		<Dynamic>false</Dynamic>
		<FrozenPos>true</FrozenPos>
		<HashName>prop_scaffold_pole</HashName>
		<InitialHandle>593923</InitialHandle>
		<ObjectProperties>
			<TextureVariation>0</TextureVariation>
		</ObjectProperties>
		<OpacityLevel>255</OpacityLevel>
		<LodDistance>16960</LodDistance>
		<IsVisible>true</IsVisible>
		<MaxHealth>1000</MaxHealth>
		<Health>1000</Health>
		<HasGravity>true</HasGravity>
		<IsOnFire>false</IsOnFire>
		<IsInvincible>false</IsInvincible>
		<IsBulletProof>false</IsBulletProof>
		<IsCollisionProof>false</IsCollisionProof>
		<IsExplosionProof>false</IsExplosionProof>
		<IsFireProof>false</IsFireProof>
		<IsMeleeProof>false</IsMeleeProof>
		<IsOnlyDamagedByPlayer>false</IsOnlyDamagedByPlayer>
		<PositionRotation>
			<X>506.442413</X>
			<Y>-2152.60132</Y>
			<Z>6.70525742</Z>
			<Pitch>-0.0239393841</Pitch>
			<Roll>-19.9871006</Roll>
			<Yaw>-110.281181</Yaw>
		</PositionRotation>
		<Attachment isAttached="true">
			<AttachedTo>566787</AttachedTo>
			<BoneIndex>0</BoneIndex>
			<X>-0.789999604</X>
			<Y>0.859999537</Y>
			<Z>1.08000004</Z>
			<Pitch>0</Pitch>
			<Roll>340</Roll>
			<Yaw>50.0000038</Yaw>
		</Attachment>
	</Placement>
	<Placement>
		<ModelHash>0x710841e5</ModelHash>
		<Type>3</Type>
		<Dynamic>false</Dynamic>
		<FrozenPos>true</FrozenPos>
		<HashName>prop_scaffold_pole</HashName>
		<InitialHandle>594179</InitialHandle>
		<ObjectProperties>
			<TextureVariation>0</TextureVariation>
		</ObjectProperties>
		<OpacityLevel>255</OpacityLevel>
		<LodDistance>16960</LodDistance>
		<IsVisible>true</IsVisible>
		<MaxHealth>1000</MaxHealth>
		<Health>1000</Health>
		<HasGravity>true</HasGravity>
		<IsOnFire>false</IsOnFire>
		<IsInvincible>false</IsInvincible>
		<IsBulletProof>false</IsBulletProof>
		<IsCollisionProof>false</IsCollisionProof>
		<IsExplosionProof>false</IsExplosionProof>
		<IsFireProof>false</IsFireProof>
		<IsMeleeProof>false</IsMeleeProof>
		<IsOnlyDamagedByPlayer>false</IsOnlyDamagedByPlayer>
		<PositionRotation>
			<X>504.955078</X>
			<Y>-2153.13428</Y>
			<Z>6.70553398</Z>
			<Pitch>0.00855822675</Pitch>
			<Roll>-19.9741917</Roll>
			<Yaw>-30.2811909</Yaw>
		</PositionRotation>
		<Attachment isAttached="true">
			<AttachedTo>566787</AttachedTo>
			<BoneIndex>0</BoneIndex>
			<X>0.789999604</X>
			<Y>0.859999537</Y>
			<Z>1.08000004</Z>
			<Pitch>0</Pitch>
			<Roll>340</Roll>
			<Yaw>130</Yaw>
		</Attachment>
	</Placement>
	<Placement>
		<ModelHash>0x7ef34dee</ModelHash>
		<Type>3</Type>
		<Dynamic>false</Dynamic>
		<FrozenPos>true</FrozenPos>
		<HashName>p_cs_bandana_s</HashName>
		<InitialHandle>594435</InitialHandle>
		<ObjectProperties>
			<TextureVariation>0</TextureVariation>
		</ObjectProperties>
		<OpacityLevel>255</OpacityLevel>
		<LodDistance>16960</LodDistance>
		<IsVisible>true</IsVisible>
		<MaxHealth>1000</MaxHealth>
		<Health>1000</Health>
		<HasGravity>true</HasGravity>
		<IsOnFire>false</IsOnFire>
		<IsInvincible>false</IsInvincible>
		<IsBulletProof>false</IsBulletProof>
		<IsCollisionProof>false</IsCollisionProof>
		<IsExplosionProof>false</IsExplosionProof>
		<IsFireProof>false</IsFireProof>
		<IsMeleeProof>false</IsMeleeProof>
		<IsOnlyDamagedByPlayer>false</IsOnlyDamagedByPlayer>
		<PositionRotation>
			<X>506.174347</X>
			<Y>-2154.19507</Y>
			<Z>6.31477404</Z>
			<Pitch>-0.0252793562</Pitch>
			<Roll>-0.0100390753</Roll>
			<Yaw>-160.281189</Yaw>
		</PositionRotation>
		<Attachment isAttached="true">
			<AttachedTo>566787</AttachedTo>
			<BoneIndex>0</BoneIndex>
			<X>0</X>
			<Y>2.27000117</Y>
			<Z>0.690000415</Z>
			<Pitch>0</Pitch>
			<Roll>0</Roll>
			<Yaw>0</Yaw>
		</Attachment>
	</Placement>
	<Placement>
		<ModelHash>0x3fbdad7c</ModelHash>
		<Type>3</Type>
		<Dynamic>false</Dynamic>
		<FrozenPos>true</FrozenPos>
		<HashName>prop_ld_jerrycan_01</HashName>
		<InitialHandle>637187</InitialHandle>
		<ObjectProperties>
			<TextureVariation>0</TextureVariation>
		</ObjectProperties>
		<OpacityLevel>255</OpacityLevel>
		<LodDistance>16960</LodDistance>
		<IsVisible>true</IsVisible>
		<MaxHealth>1000</MaxHealth>
		<Health>1000</Health>
		<HasGravity>true</HasGravity>
		<IsOnFire>false</IsOnFire>
		<IsInvincible>false</IsInvincible>
		<IsBulletProof>false</IsBulletProof>
		<IsCollisionProof>false</IsCollisionProof>
		<IsExplosionProof>false</IsExplosionProof>
		<IsFireProof>false</IsFireProof>
		<IsMeleeProof>false</IsMeleeProof>
		<IsOnlyDamagedByPlayer>false</IsOnlyDamagedByPlayer>
		<PositionRotation>
			<X>505.923706</X>
			<Y>-2150.91724</Y>
			<Z>6.10601997</Z>
			<Pitch>0.0252793599</Pitch>
			<Roll>0.0100390669</Roll>
			<Yaw>19.7188244</Yaw>
		</PositionRotation>
		<Attachment isAttached="true">
			<AttachedTo>566787</AttachedTo>
			<BoneIndex>0</BoneIndex>
			<X>-0.869999528</X>
			<Y>-0.899999499</Y>
			<Z>0.4799999</Z>
			<Pitch>0</Pitch>
			<Roll>0</Roll>
			<Yaw>180.000015</Yaw>
		</Attachment>
	</Placement>
	<Placement>
		<ModelHash>0xb685e324</ModelHash>
		<Type>3</Type>
		<Dynamic>false</Dynamic>
		<FrozenPos>true</FrozenPos>
		<HashName>prop_cs_bar</HashName>
		<InitialHandle>637443</InitialHandle>
		<ObjectProperties>
			<TextureVariation>0</TextureVariation>
		</ObjectProperties>
		<OpacityLevel>255</OpacityLevel>
		<LodDistance>16960</LodDistance>
		<IsVisible>true</IsVisible>
		<MaxHealth>1000</MaxHealth>
		<Health>1000</Health>
		<HasGravity>true</HasGravity>
		<IsOnFire>false</IsOnFire>
		<IsInvincible>false</IsInvincible>
		<IsBulletProof>false</IsBulletProof>
		<IsCollisionProof>false</IsCollisionProof>
		<IsExplosionProof>false</IsExplosionProof>
		<IsFireProof>false</IsFireProof>
		<IsMeleeProof>false</IsMeleeProof>
		<IsOnlyDamagedByPlayer>false</IsOnlyDamagedByPlayer>
		<PositionRotation>
			<X>506.02182</X>
			<Y>-2150.92456</Y>
			<Z>5.79598665</Z>
			<Pitch>63.9747391</Pitch>
			<Roll>-0.0228792466</Roll>
			<Yaw>-160.26062</Yaw>
		</PositionRotation>
		<Attachment isAttached="true">
			<AttachedTo>566787</AttachedTo>
			<BoneIndex>0</BoneIndex>
			<X>-0.959999442</X>
			<Y>-0.859999537</Y>
			<Z>0.170000046</Z>
			<Pitch>64.0000076</Pitch>
			<Roll>3.57627869e-07</Roll>
			<Yaw>0</Yaw>
		</Attachment>
	</Placement>
	<Placement>
		<ModelHash>0xb685e324</ModelHash>
		<Type>3</Type>
		<Dynamic>false</Dynamic>
		<FrozenPos>true</FrozenPos>
		<HashName>prop_cs_bar</HashName>
		<InitialHandle>637699</InitialHandle>
		<ObjectProperties>
			<TextureVariation>0</TextureVariation>
		</ObjectProperties>
		<OpacityLevel>255</OpacityLevel>
		<LodDistance>16960</LodDistance>
		<IsVisible>true</IsVisible>
		<MaxHealth>1000</MaxHealth>
		<Health>1000</Health>
		<HasGravity>true</HasGravity>
		<IsOnFire>false</IsOnFire>
		<IsInvincible>false</IsInvincible>
		<IsBulletProof>false</IsBulletProof>
		<IsCollisionProof>false</IsCollisionProof>
		<IsExplosionProof>false</IsExplosionProof>
		<IsFireProof>false</IsFireProof>
		<IsMeleeProof>false</IsMeleeProof>
		<IsOnlyDamagedByPlayer>false</IsOnlyDamagedByPlayer>
		<PositionRotation>
			<X>505.896484</X>
			<Y>-2151.12891</Y>
			<Z>6.06495285</Z>
			<Pitch>-0.745950282</Pitch>
			<Roll>28.9899673</Roll>
			<Yaw>-160.281311</Yaw>
		</PositionRotation>
		<Attachment isAttached="true">
			<AttachedTo>566787</AttachedTo>
			<BoneIndex>0</BoneIndex>
			<X>-0.772999585</X>
			<Y>-0.709999681</Y>
			<Z>0.438999832</Z>
			<Pitch>-0.720672488</Pitch>
			<Roll>389</Roll>
			<Yaw>0</Yaw>
		</Attachment>
	</Placement>
	<Placement>
		<ModelHash>0xb685e324</ModelHash>
		<Type>3</Type>
		<Dynamic>false</Dynamic>
		<FrozenPos>true</FrozenPos>
		<HashName>prop_cs_bar</HashName>
		<InitialHandle>632579</InitialHandle>
		<ObjectProperties>
			<TextureVariation>0</TextureVariation>
		</ObjectProperties>
		<OpacityLevel>255</OpacityLevel>
		<LodDistance>16960</LodDistance>
		<IsVisible>true</IsVisible>
		<MaxHealth>1000</MaxHealth>
		<Health>1000</Health>
		<HasGravity>true</HasGravity>
		<IsOnFire>false</IsOnFire>
		<IsInvincible>false</IsInvincible>
		<IsBulletProof>false</IsBulletProof>
		<IsCollisionProof>false</IsCollisionProof>
		<IsExplosionProof>false</IsExplosionProof>
		<IsFireProof>false</IsFireProof>
		<IsMeleeProof>false</IsMeleeProof>
		<IsOnlyDamagedByPlayer>false</IsOnlyDamagedByPlayer>
		<PositionRotation>
			<X>505.984772</X>
			<Y>-2150.82104</Y>
			<Z>5.97603512</Z>
			<Pitch>73.9747314</Pitch>
			<Roll>-0.0363654271</Roll>
			<Yaw>-160.246231</Yaw>
		</PositionRotation>
		<Attachment isAttached="true">
			<AttachedTo>566787</AttachedTo>
			<BoneIndex>0</BoneIndex>
			<X>-0.959999442</X>
			<Y>-0.969999433</Y>
			<Z>0.349999994</Z>
			<Pitch>74</Pitch>
			<Roll>3.57627869e-07</Roll>
			<Yaw>0</Yaw>
		</Attachment>
	</Placement>
	<Placement>
		<ModelHash>0xb685e324</ModelHash>
		<Type>3</Type>
		<Dynamic>false</Dynamic>
		<FrozenPos>true</FrozenPos>
		<HashName>prop_cs_bar</HashName>
		<InitialHandle>632835</InitialHandle>
		<ObjectProperties>
			<TextureVariation>0</TextureVariation>
		</ObjectProperties>
		<OpacityLevel>255</OpacityLevel>
		<LodDistance>16960</LodDistance>
		<IsVisible>true</IsVisible>
		<MaxHealth>1000</MaxHealth>
		<Health>1000</Health>
		<HasGravity>true</HasGravity>
		<IsOnFire>false</IsOnFire>
		<IsInvincible>false</IsInvincible>
		<IsBulletProof>false</IsBulletProof>
		<IsCollisionProof>false</IsCollisionProof>
		<IsExplosionProof>false</IsExplosionProof>
		<IsFireProof>false</IsFireProof>
		<IsMeleeProof>false</IsMeleeProof>
		<IsOnlyDamagedByPlayer>false</IsOnlyDamagedByPlayer>
		<PositionRotation>
			<X>505.821899</X>
			<Y>-2151.1875</Y>
			<Z>6.11495543</Z>
			<Pitch>19.2540512</Pitch>
			<Roll>46.9893646</Roll>
			<Yaw>-160.277679</Yaw>
		</PositionRotation>
		<Attachment isAttached="true">
			<AttachedTo>566787</AttachedTo>
			<BoneIndex>0</BoneIndex>
			<X>-0.682999671</X>
			<Y>-0.679999709</Y>
			<Z>0.488999784</Z>
			<Pitch>19.2793293</Pitch>
			<Roll>47</Roll>
			<Yaw>0</Yaw>
		</Attachment>
	</Placement>
	<Placement>
		<ModelHash>0xa2631256</ModelHash>
		<Type>3</Type>
		<Dynamic>false</Dynamic>
		<FrozenPos>true</FrozenPos>
		<HashName>prop_wheel_tyre</HashName>
		<InitialHandle>397859</InitialHandle>
		<ObjectProperties>
			<TextureVariation>0</TextureVariation>
		</ObjectProperties>
		<OpacityLevel>255</OpacityLevel>
		<LodDistance>16960</LodDistance>
		<IsVisible>true</IsVisible>
		<MaxHealth>1000</MaxHealth>
		<Health>1000</Health>
		<HasGravity>true</HasGravity>
		<IsOnFire>false</IsOnFire>
		<IsInvincible>false</IsInvincible>
		<IsBulletProof>false</IsBulletProof>
		<IsCollisionProof>false</IsCollisionProof>
		<IsExplosionProof>false</IsExplosionProof>
		<IsFireProof>false</IsFireProof>
		<IsMeleeProof>false</IsMeleeProof>
		<IsOnlyDamagedByPlayer>false</IsOnlyDamagedByPlayer>
		<PositionRotation>
			<X>504.265625</X>
			<Y>-2151.59644</Y>
			<Z>6.01629829</Z>
			<Pitch>0.0100390716</Pitch>
			<Roll>-0.0252793599</Roll>
			<Yaw>109.718811</Yaw>
		</PositionRotation>
		<Attachment isAttached="true">
			<AttachedTo>566787</AttachedTo>
			<BoneIndex>0</BoneIndex>
			<X>0.91999948</X>
			<Y>-0.819999516</Y>
			<Z>0.389999926</Z>
			<Pitch>0</Pitch>
			<Roll>0</Roll>
			<Yaw>270</Yaw>
		</Attachment>
	</Placement>
	<Placement>
		<ModelHash>0x9684d59f</ModelHash>
		<Type>3</Type>
		<Dynamic>false</Dynamic>
		<FrozenPos>true</FrozenPos>
		<HashName>prop_fncwood_13c</HashName>
		<InitialHandle>760363</InitialHandle>
		<ObjectProperties>
			<TextureVariation>0</TextureVariation>
		</ObjectProperties>
		<OpacityLevel>255</OpacityLevel>
		<LodDistance>16960</LodDistance>
		<IsVisible>true</IsVisible>
		<MaxHealth>1000</MaxHealth>
		<Health>1000</Health>
		<HasGravity>true</HasGravity>
		<IsOnFire>false</IsOnFire>
		<IsInvincible>false</IsInvincible>
		<IsBulletProof>false</IsBulletProof>
		<IsCollisionProof>false</IsCollisionProof>
		<IsExplosionProof>false</IsExplosionProof>
		<IsFireProof>false</IsFireProof>
		<IsMeleeProof>false</IsMeleeProof>
		<IsOnlyDamagedByPlayer>false</IsOnlyDamagedByPlayer>
		<PositionRotation>
			<X>504.533356</X>
			<Y>-2151.54321</Y>
			<Z>6.22623301</Z>
			<Pitch>-0.0252793562</Pitch>
			<Roll>89.9899445</Roll>
			<Yaw>-160.281189</Yaw>
		</PositionRotation>
		<Attachment isAttached="true">
			<AttachedTo>566787</AttachedTo>
			<BoneIndex>0</BoneIndex>
			<X>0.649999738</X>
			<Y>-0.779999554</Y>
			<Z>0.599999726</Z>
			<Pitch>0</Pitch>
			<Roll>450</Roll>
			<Yaw>0</Yaw>
		</Attachment>
	</Placement>
	<Placement>
		<ModelHash>0x9684d59f</ModelHash>
		<Type>3</Type>
		<Dynamic>false</Dynamic>
		<FrozenPos>true</FrozenPos>
		<HashName>prop_fncwood_13c</HashName>
		<InitialHandle>327728</InitialHandle>
		<ObjectProperties>
			<TextureVariation>0</TextureVariation>
		</ObjectProperties>
		<OpacityLevel>255</OpacityLevel>
		<LodDistance>16960</LodDistance>
		<IsVisible>true</IsVisible>
		<MaxHealth>1000</MaxHealth>
		<Health>1000</Health>
		<HasGravity>true</HasGravity>
		<IsOnFire>false</IsOnFire>
		<IsInvincible>false</IsInvincible>
		<IsBulletProof>false</IsBulletProof>
		<IsCollisionProof>false</IsCollisionProof>
		<IsExplosionProof>false</IsExplosionProof>
		<IsFireProof>false</IsFireProof>
		<IsMeleeProof>false</IsMeleeProof>
		<IsOnlyDamagedByPlayer>false</IsOnlyDamagedByPlayer>
		<PositionRotation>
			<X>504.139404</X>
			<Y>-2151.65039</Y>
			<Z>6.15631866</Z>
			<Pitch>-0.0252793562</Pitch>
			<Roll>-0.0100391349</Roll>
			<Yaw>-160.281189</Yaw>
		</PositionRotation>
		<Attachment isAttached="true">
			<AttachedTo>566787</AttachedTo>
			<BoneIndex>0</BoneIndex>
			<X>1.05699921</X>
			<Y>-0.811999619</Y>
			<Z>0.529999793</Z>
			<Pitch>0</Pitch>
			<Roll>-5.96046448e-08</Roll>
			<Yaw>0</Yaw>
		</Attachment>
	</Placement>
	<Placement>
		<ModelHash>0x6ae40946</ModelHash>
		<Type>3</Type>
		<Dynamic>false</Dynamic>
		<FrozenPos>true</FrozenPos>
		<HashName>v_ret_ml_beerdus</HashName>
		<InitialHandle>348744</InitialHandle>
		<ObjectProperties>
			<TextureVariation>0</TextureVariation>
		</ObjectProperties>
		<OpacityLevel>255</OpacityLevel>
		<LodDistance>16960</LodDistance>
		<IsVisible>true</IsVisible>
		<MaxHealth>1000</MaxHealth>
		<Health>1000</Health>
		<HasGravity>true</HasGravity>
		<IsOnFire>false</IsOnFire>
		<IsInvincible>false</IsInvincible>
		<IsBulletProof>false</IsBulletProof>
		<IsCollisionProof>false</IsCollisionProof>
		<IsExplosionProof>false</IsExplosionProof>
		<IsFireProof>false</IsFireProof>
		<IsMeleeProof>false</IsMeleeProof>
		<IsOnlyDamagedByPlayer>false</IsOnlyDamagedByPlayer>
		<PositionRotation>
			<X>505.49942</X>
			<Y>-2152.31226</Y>
			<Z>5.9456563</Z>
			<Pitch>-0.0256143194</Pitch>
			<Roll>-0.00915072486</Roll>
			<Yaw>-158.281189</Yaw>
		</PositionRotation>
		<Attachment isAttached="true">
			<AttachedTo>566787</AttachedTo>
			<BoneIndex>0</BoneIndex>
			<X>0</X>
			<Y>0.270000041</Y>
			<Z>0.319999993</Z>
			<Pitch>0</Pitch>
			<Roll>0</Roll>
			<Yaw>2.00000024</Yaw>
		</Attachment>
	</Placement>
	<Placement>
		<ModelHash>0x12c9a85c</ModelHash>
		<Type>3</Type>
		<Dynamic>false</Dynamic>
		<FrozenPos>true</FrozenPos>
		<HashName>prop_water_bottle</HashName>
		<InitialHandle>733777</InitialHandle>
		<ObjectProperties>
			<TextureVariation>0</TextureVariation>
		</ObjectProperties>
		<OpacityLevel>255</OpacityLevel>
		<LodDistance>16960</LodDistance>
		<IsVisible>true</IsVisible>
		<MaxHealth>1000</MaxHealth>
		<Health>1000</Health>
		<HasGravity>true</HasGravity>
		<IsOnFire>false</IsOnFire>
		<IsInvincible>false</IsInvincible>
		<IsBulletProof>false</IsBulletProof>
		<IsCollisionProof>false</IsCollisionProof>
		<IsExplosionProof>false</IsExplosionProof>
		<IsFireProof>false</IsFireProof>
		<IsMeleeProof>false</IsMeleeProof>
		<IsOnlyDamagedByPlayer>false</IsOnlyDamagedByPlayer>
		<PositionRotation>
			<X>505.303802</X>
			<Y>-2152.03247</Y>
			<Z>7.34581614</Z>
			<Pitch>-0.0252793562</Pitch>
			<Roll>-90.010025</Roll>
			<Yaw>-160.281189</Yaw>
		</PositionRotation>
		<Attachment isAttached="true">
			<AttachedTo>566787</AttachedTo>
			<BoneIndex>0</BoneIndex>
			<X>0.0900000185</X>
			<Y>-0.0600000061</Y>
			<Z>1.71999872</Z>
			<Pitch>0</Pitch>
			<Roll>270</Roll>
			<Yaw>0</Yaw>
		</Attachment>
	</Placement>
	<Placement>
		<ModelHash>0x51b12338</ModelHash>
		<Type>3</Type>
		<Dynamic>false</Dynamic>
		<FrozenPos>true</FrozenPos>
		<HashName>prop_watercrate_01</HashName>
		<InitialHandle>41049</InitialHandle>
		<ObjectProperties>
			<TextureVariation>0</TextureVariation>
		</ObjectProperties>
		<OpacityLevel>255</OpacityLevel>
		<LodDistance>16960</LodDistance>
		<IsVisible>true</IsVisible>
		<MaxHealth>1000</MaxHealth>
		<Health>1000</Health>
		<HasGravity>true</HasGravity>
		<IsOnFire>false</IsOnFire>
		<IsInvincible>false</IsInvincible>
		<IsBulletProof>false</IsBulletProof>
		<IsCollisionProof>false</IsCollisionProof>
		<IsExplosionProof>false</IsExplosionProof>
		<IsFireProof>false</IsFireProof>
		<IsMeleeProof>false</IsMeleeProof>
		<IsOnlyDamagedByPlayer>false</IsOnlyDamagedByPlayer>
		<PositionRotation>
			<X>504.609344</X>
			<Y>-2149.82764</Y>
			<Z>8.03681946</Z>
			<Pitch>1.97472048</Pitch>
			<Roll>-0.0100449556</Roll>
			<Yaw>-160.280823</Yaw>
		</PositionRotation>
		<Attachment isAttached="true">
			<AttachedTo>566787</AttachedTo>
			<BoneIndex>0</BoneIndex>
			<X>0</X>
			<Y>-2.36999989</Y>
			<Z>2.40999913</Z>
			<Pitch>2.00000024</Pitch>
			<Roll>0</Roll>
			<Yaw>0</Yaw>
		</Attachment>
	</Placement>
	<Placement>
		<ModelHash>0x9684d59f</ModelHash>
		<Type>3</Type>
		<Dynamic>false</Dynamic>
		<FrozenPos>true</FrozenPos>
		<HashName>prop_fncwood_13c</HashName>
		<InitialHandle>155246</InitialHandle>
		<ObjectProperties>
			<TextureVariation>0</TextureVariation>
		</ObjectProperties>
		<OpacityLevel>255</OpacityLevel>
		<LodDistance>16960</LodDistance>
		<IsVisible>true</IsVisible>
		<MaxHealth>1000</MaxHealth>
		<Health>1000</Health>
		<HasGravity>true</HasGravity>
		<IsOnFire>false</IsOnFire>
		<IsInvincible>false</IsInvincible>
		<IsBulletProof>false</IsBulletProof>
		<IsCollisionProof>false</IsCollisionProof>
		<IsExplosionProof>false</IsExplosionProof>
		<IsFireProof>false</IsFireProof>
		<IsMeleeProof>false</IsMeleeProof>
		<IsOnlyDamagedByPlayer>false</IsOnlyDamagedByPlayer>
		<PositionRotation>
			<X>504.705444</X>
			<Y>-2149.177</Y>
			<Z>7.99702263</Z>
			<Pitch>-0.0252793562</Pitch>
			<Roll>-0.0100390753</Roll>
			<Yaw>-160.281189</Yaw>
		</PositionRotation>
		<Attachment isAttached="true">
			<AttachedTo>566787</AttachedTo>
			<BoneIndex>0</BoneIndex>
			<X>-0.310000032</X>
			<Y>-2.95000052</Y>
			<Z>2.37000012</Z>
			<Pitch>0</Pitch>
			<Roll>0</Roll>
			<Yaw>0</Yaw>
		</Attachment>
	</Placement>
	<Placement>
		<ModelHash>0x9684d59f</ModelHash>
		<Type>3</Type>
		<Dynamic>false</Dynamic>
		<FrozenPos>true</FrozenPos>
		<HashName>prop_fncwood_13c</HashName>
		<InitialHandle>694128</InitialHandle>
		<ObjectProperties>
			<TextureVariation>0</TextureVariation>
		</ObjectProperties>
		<OpacityLevel>255</OpacityLevel>
		<LodDistance>16960</LodDistance>
		<IsVisible>true</IsVisible>
		<MaxHealth>1000</MaxHealth>
		<Health>1000</Health>
		<HasGravity>true</HasGravity>
		<IsOnFire>false</IsOnFire>
		<IsInvincible>false</IsInvincible>
		<IsBulletProof>false</IsBulletProof>
		<IsCollisionProof>false</IsCollisionProof>
		<IsExplosionProof>false</IsExplosionProof>
		<IsFireProof>false</IsFireProof>
		<IsMeleeProof>false</IsMeleeProof>
		<IsOnlyDamagedByPlayer>false</IsOnlyDamagedByPlayer>
		<PositionRotation>
			<X>504.28183</X>
			<Y>-2149.32886</Y>
			<Z>7.99710131</Z>
			<Pitch>-0.0252793822</Pitch>
			<Roll>6.9899621</Roll>
			<Yaw>-160.281189</Yaw>
		</PositionRotation>
		<Attachment isAttached="true">
			<AttachedTo>566787</AttachedTo>
			<BoneIndex>0</BoneIndex>
			<X>0.14000006</X>
			<Y>-2.95000052</Y>
			<Z>2.37000012</Z>
			<Pitch>0</Pitch>
			<Roll>7.00000048</Roll>
			<Yaw>0</Yaw>
		</Attachment>
	</Placement>
	<Placement>
		<ModelHash>0xb7f028b8</ModelHash>
		<Type>3</Type>
		<Dynamic>false</Dynamic>
		<FrozenPos>true</FrozenPos>
		<HashName>ng_proc_rebar_01a</HashName>
		<InitialHandle>163332</InitialHandle>
		<ObjectProperties>
			<TextureVariation>0</TextureVariation>
		</ObjectProperties>
		<OpacityLevel>255</OpacityLevel>
		<LodDistance>16960</LodDistance>
		<IsVisible>true</IsVisible>
		<MaxHealth>1000</MaxHealth>
		<Health>1000</Health>
		<HasGravity>true</HasGravity>
		<IsOnFire>false</IsOnFire>
		<IsInvincible>false</IsInvincible>
		<IsBulletProof>false</IsBulletProof>
		<IsCollisionProof>false</IsCollisionProof>
		<IsExplosionProof>false</IsExplosionProof>
		<IsFireProof>false</IsFireProof>
		<IsMeleeProof>false</IsMeleeProof>
		<IsOnlyDamagedByPlayer>false</IsOnlyDamagedByPlayer>
		<PositionRotation>
			<X>505.267731</X>
			<Y>-2149.56006</Y>
			<Z>8.45670891</Z>
			<Pitch>-43.0238495</Pitch>
			<Roll>89.9821472</Roll>
			<Yaw>-167.293365</Yaw>
		</PositionRotation>
		<Attachment isAttached="true">
			<AttachedTo>566787</AttachedTo>
			<BoneIndex>0</BoneIndex>
			<X>-0.709999979</X>
			<Y>-2.4000001</Y>
			<Z>2.82999945</Z>
			<Pitch>317</Pitch>
			<Roll>90</Roll>
			<Yaw>353</Yaw>
		</Attachment>
	</Placement>
	<Placement>
		<ModelHash>0xb2b4cbc8</ModelHash>
		<Type>3</Type>
		<Dynamic>false</Dynamic>
		<FrozenPos>true</FrozenPos>
		<HashName>prop_bottle_cap_01</HashName>
		<InitialHandle>4366</InitialHandle>
		<ObjectProperties>
			<TextureVariation>0</TextureVariation>
		</ObjectProperties>
		<OpacityLevel>255</OpacityLevel>
		<LodDistance>16960</LodDistance>
		<IsVisible>true</IsVisible>
		<MaxHealth>1000</MaxHealth>
		<Health>1000</Health>
		<HasGravity>true</HasGravity>
		<IsOnFire>false</IsOnFire>
		<IsInvincible>false</IsInvincible>
		<IsBulletProof>false</IsBulletProof>
		<IsCollisionProof>false</IsCollisionProof>
		<IsExplosionProof>false</IsExplosionProof>
		<IsFireProof>false</IsFireProof>
		<IsMeleeProof>false</IsMeleeProof>
		<IsOnlyDamagedByPlayer>false</IsOnlyDamagedByPlayer>
		<PositionRotation>
			<X>505.418976</X>
			<Y>-2152.94678</Y>
			<Z>6.63045454</Z>
			<Pitch>-0.0252793543</Pitch>
			<Roll>-0.0100387176</Roll>
			<Yaw>-160.281189</Yaw>
		</PositionRotation>
		<Attachment isAttached="true">
			<AttachedTo>566787</AttachedTo>
			<BoneIndex>0</BoneIndex>
			<X>0.290000051</X>
			<Y>0.839999557</Y>
			<Z>1.00499916</Z>
			<Pitch>0</Pitch>
			<Roll>3.57627869e-07</Roll>
			<Yaw>0</Yaw>
		</Attachment>
	</Placement>
	<Placement>
		<ModelHash>0xaae2760c</ModelHash>
		<Type>3</Type>
		<Dynamic>false</Dynamic>
		<FrozenPos>true</FrozenPos>
		<HashName>prop_cs_bottle_opener</HashName>
		<InitialHandle>416526</InitialHandle>
		<ObjectProperties>
			<TextureVariation>0</TextureVariation>
		</ObjectProperties>
		<OpacityLevel>255</OpacityLevel>
		<LodDistance>16960</LodDistance>
		<IsVisible>true</IsVisible>
		<MaxHealth>1000</MaxHealth>
		<Health>1000</Health>
		<HasGravity>true</HasGravity>
		<IsOnFire>false</IsOnFire>
		<IsInvincible>false</IsInvincible>
		<IsBulletProof>false</IsBulletProof>
		<IsCollisionProof>false</IsCollisionProof>
		<IsExplosionProof>false</IsExplosionProof>
		<IsFireProof>false</IsFireProof>
		<IsMeleeProof>false</IsMeleeProof>
		<IsOnlyDamagedByPlayer>false</IsOnlyDamagedByPlayer>
		<PositionRotation>
			<X>505.269073</X>
			<Y>-2153.03247</Y>
			<Z>6.63047123</Z>
			<Pitch>-0.0270334091</Pitch>
			<Roll>0.0030039628</Roll>
			<Yaw>-132.281189</Yaw>
		</PositionRotation>
		<Attachment isAttached="true">
			<AttachedTo>566787</AttachedTo>
			<BoneIndex>0</BoneIndex>
			<X>0.459999889</X>
			<Y>0.869999528</Y>
			<Z>1.00499916</Z>
			<Pitch>0</Pitch>
			<Roll>0</Roll>
			<Yaw>28.0000019</Yaw>
		</Attachment>
	</Placement>
	<Placement>
		<ModelHash>0x8fd0e6b3</ModelHash>
		<Type>3</Type>
		<Dynamic>false</Dynamic>
		<FrozenPos>true</FrozenPos>
		<HashName>prop_barebulb_01</HashName>
		<InitialHandle>349471</InitialHandle>
		<ObjectProperties>
			<TextureVariation>0</TextureVariation>
		</ObjectProperties>
		<OpacityLevel>255</OpacityLevel>
		<LodDistance>16960</LodDistance>
		<IsVisible>true</IsVisible>
		<MaxHealth>1000</MaxHealth>
		<Health>1000</Health>
		<HasGravity>true</HasGravity>
		<IsOnFire>false</IsOnFire>
		<IsInvincible>false</IsInvincible>
		<IsBulletProof>false</IsBulletProof>
		<IsCollisionProof>false</IsCollisionProof>
		<IsExplosionProof>false</IsExplosionProof>
		<IsFireProof>false</IsFireProof>
		<IsMeleeProof>false</IsMeleeProof>
		<IsOnlyDamagedByPlayer>false</IsOnlyDamagedByPlayer>
		<PositionRotation>
			<X>505.276611</X>
			<Y>-2152.10522</Y>
			<Z>6.19679976</Z>
			<Pitch>-0.0252793562</Pitch>
			<Roll>-0.0100390753</Roll>
			<Yaw>-160.281189</Yaw>
		</PositionRotation>
		<Attachment isAttached="true">
			<AttachedTo>566787</AttachedTo>
			<BoneIndex>0</BoneIndex>
			<X>0.140000045</X>
			<Y>0</Y>
			<Z>0.570999801</Z>
			<Pitch>0</Pitch>
			<Roll>0</Roll>
			<Yaw>0</Yaw>
		</Attachment>
	</Placement>
</SpoonerPlacements>
