<?xml version="1.0" encoding="ISO-8859-1"?>
<Vehicle menyoo_ver="0.999876782b">
	<ModelHash>0x097e5533</ModelHash>
	<InitialHandle>461315</InitialHandle>
	<VehicleProperties>
		<Colours>
			<Primary>119</Primary>
			<Secondary>22</Secondary>
			<Pearl>5</Pearl>
			<Rim>27</Rim>
			<Mod1_a>6</Mod1_a>
			<Mod1_b>-1</Mod1_b>
			<Mod1_c>-1</Mod1_c>
			<Mod2_a>6</Mod2_a>
			<Mod2_b>-1</Mod2_b>
			<IsPrimaryColourCustom>false</IsPrimaryColourCustom>
			<IsSecondaryColourCustom>false</IsSecondaryColourCustom>
			<tyreSmoke_R>255</tyreSmoke_R>
			<tyreSmoke_G>255</tyreSmoke_G>
			<tyreSmoke_B>255</tyreSmoke_B>
			<LrInterior>22</LrInterior>
			<LrDashboard>1</LrDashboard>
		</Colours>
		<Livery>-1</Livery>
		<NumberPlateText>OUTATIME</NumberPlateText>
		<NumberPlateIndex>3</NumberPlateIndex>
		<WheelType>8</WheelType>
		<WheelsInvisible>false</WheelsInvisible>
		<EngineSoundName></EngineSoundName>
		<WindowTint>-1</WindowTint>
		<BulletProofTyres>false</BulletProofTyres>
		<DirtLevel>2.21764395e-07</DirtLevel>
		<PaintFade>0.298039228</PaintFade>
		<RoofState>0</RoofState>
		<SirenActive>false</SirenActive>
		<EngineOn>true</EngineOn>
		<EngineHealth>1250</EngineHealth>
		<LightsOn>false</LightsOn>
		<IsRadioLoud>0</IsRadioLoud>
		<LockStatus>1</LockStatus>
		<Neons>
			<Left>false</Left>
			<Right>false</Right>
			<Front>false</Front>
			<Back>false</Back>
			<R>255</R>
			<G>0</G>
			<B>255</B>
		</Neons>
		<ModExtras />
		<Mods>
			<_0>-1,0</_0>
			<_1>4,0</_1>
			<_2>0,0</_2>
			<_3>-1,0</_3>
			<_4>-1,0</_4>
			<_5>-1,0</_5>
			<_6>-1,0</_6>
			<_7>0,0</_7>
			<_8>1,0</_8>
			<_9>-1,0</_9>
			<_10>0,0</_10>
			<_11>3,0</_11>
			<_12>2,0</_12>
			<_13>3,0</_13>
			<_14>-1,0</_14>
			<_15>-1,0</_15>
			<_16>4,0</_16>
			<_17>false</_17>
			<_18>false</_18>
			<_19>false</_19>
			<_20>false</_20>
			<_21>false</_21>
			<_22>false</_22>
			<_23>102,0</_23>
			<_24>-1,0</_24>
			<_25>-1,0</_25>
			<_26>-1,0</_26>
			<_27>-1,0</_27>
			<_28>-1,0</_28>
			<_29>-1,0</_29>
			<_30>-1,0</_30>
			<_31>-1,0</_31>
			<_32>-1,0</_32>
			<_33>-1,0</_33>
			<_34>-1,0</_34>
			<_35>-1,0</_35>
			<_36>-1,0</_36>
			<_37>-1,0</_37>
			<_38>-1,0</_38>
			<_39>-1,0</_39>
			<_40>-1,0</_40>
			<_41>-1,0</_41>
			<_42>-1,0</_42>
			<_43>-1,0</_43>
			<_44>-1,0</_44>
			<_45>-1,0</_45>
			<_46>-1,0</_46>
			<_47>-1,0</_47>
			<_48>-1,0</_48>
		</Mods>
		<DoorsOpen>
			<BackLeftDoor>false</BackLeftDoor>
			<BackRightDoor>false</BackRightDoor>
			<FrontLeftDoor>false</FrontLeftDoor>
			<FrontRightDoor>false</FrontRightDoor>
			<Hood>false</Hood>
			<Trunk>false</Trunk>
			<Trunk2>false</Trunk2>
		</DoorsOpen>
		<DoorsBroken>
			<BackLeftDoor>false</BackLeftDoor>
			<BackRightDoor>false</BackRightDoor>
			<FrontLeftDoor>false</FrontLeftDoor>
			<FrontRightDoor>false</FrontRightDoor>
			<Hood>false</Hood>
			<Trunk>false</Trunk>
			<Trunk2>false</Trunk2>
		</DoorsBroken>
		<TyresBursted>
			<FrontLeft>false</FrontLeft>
			<FrontRight>false</FrontRight>
			<_2>false</_2>
			<_3>false</_3>
			<BackLeft>false</BackLeft>
			<BackRight>false</BackRight>
			<_6>false</_6>
			<_7>false</_7>
			<_8>false</_8>
		</TyresBursted>
		<RpmMultiplier>1</RpmMultiplier>
		<TorqueMultiplier>1</TorqueMultiplier>
		<HeadlightIntensity>1</HeadlightIntensity>
	</VehicleProperties>
	<OpacityLevel>255</OpacityLevel>
	<LodDistance>16960</LodDistance>
	<IsVisible>true</IsVisible>
	<IsDriverVisible>true</IsDriverVisible>
	<MaxHealth>1000</MaxHealth>
	<Health>1000</Health>
	<HasGravity>true</HasGravity>
	<IsOnFire>false</IsOnFire>
	<IsInvincible>false</IsInvincible>
	<IsBulletProof>false</IsBulletProof>
	<IsExplosionProof>false</IsExplosionProof>
	<IsFireProof>false</IsFireProof>
	<IsMeleeProof>false</IsMeleeProof>
	<IsOnlyDamagedByPlayer>false</IsOnlyDamagedByPlayer>
	<SpoonerAttachments SetAttachmentsPersistentAndAddToSpoonerDatabase="false" StartTaskSequencesOnLoad="true">
		<Attachment>
			<ModelHash>0x431fe24e</ModelHash>
			<Type>3</Type>
			<Dynamic>false</Dynamic>
			<FrozenPos>true</FrozenPos>
			<HashName>prop_speaker_06</HashName>
			<InitialHandle>766995</InitialHandle>
			<ObjectProperties>
				<TextureVariation>0</TextureVariation>
			</ObjectProperties>
			<PtfxLopAsset>scr_agencyheistb</PtfxLopAsset>
			<PtfxLopEffect>scr_agency3b_elec_box</PtfxLopEffect>
			<OpacityLevel>255</OpacityLevel>
			<LodDistance>16960</LodDistance>
			<IsVisible>true</IsVisible>
			<MaxHealth>1000</MaxHealth>
			<Health>1000</Health>
			<HasGravity>true</HasGravity>
			<IsOnFire>false</IsOnFire>
			<IsInvincible>false</IsInvincible>
			<IsBulletProof>false</IsBulletProof>
			<IsCollisionProof>true</IsCollisionProof>
			<IsExplosionProof>false</IsExplosionProof>
			<IsFireProof>false</IsFireProof>
			<IsMeleeProof>false</IsMeleeProof>
			<IsOnlyDamagedByPlayer>false</IsOnlyDamagedByPlayer>
			<PositionRotation>
				<X>-323.100555</X>
				<Y>-1489.4292</Y>
				<Z>30.3733158</Z>
				<Pitch>69.3971405</Pitch>
				<Roll>-1.46574926</Roll>
				<Yaw>-60.5387383</Yaw>
			</PositionRotation>
			<Attachment isAttached="true">
				<AttachedTo>461315</AttachedTo>
				<BoneIndex>0</BoneIndex>
				<X>-0.359999925</X>
				<Y>-1.5299989</Y>
				<Z>0.429999888</Z>
				<Pitch>69.9999924</Pitch>
				<Roll>0</Roll>
				<Yaw>0</Yaw>
			</Attachment>
		</Attachment>
		<Attachment>
			<ModelHash>0x431fe24e</ModelHash>
			<Type>3</Type>
			<Dynamic>false</Dynamic>
			<FrozenPos>true</FrozenPos>
			<HashName>prop_speaker_06</HashName>
			<InitialHandle>745494</InitialHandle>
			<ObjectProperties>
				<TextureVariation>0</TextureVariation>
			</ObjectProperties>
			<OpacityLevel>255</OpacityLevel>
			<LodDistance>16960</LodDistance>
			<IsVisible>true</IsVisible>
			<MaxHealth>1000</MaxHealth>
			<Health>1000</Health>
			<HasGravity>true</HasGravity>
			<IsOnFire>false</IsOnFire>
			<IsInvincible>false</IsInvincible>
			<IsBulletProof>false</IsBulletProof>
			<IsCollisionProof>true</IsCollisionProof>
			<IsExplosionProof>false</IsExplosionProof>
			<IsFireProof>false</IsFireProof>
			<IsMeleeProof>false</IsMeleeProof>
			<IsOnlyDamagedByPlayer>false</IsOnlyDamagedByPlayer>
			<PositionRotation>
				<X>-323.136444</X>
				<Y>-1489.44958</Y>
				<Z>30.2537422</Z>
				<Pitch>69.3971405</Pitch>
				<Roll>-1.46574926</Roll>
				<Yaw>-60.5387383</Yaw>
			</PositionRotation>
			<Attachment isAttached="true">
				<AttachedTo>461315</AttachedTo>
				<BoneIndex>0</BoneIndex>
				<X>-0.359999925</X>
				<Y>-1.56999886</Y>
				<Z>0.310000002</Z>
				<Pitch>69.9999924</Pitch>
				<Roll>0</Roll>
				<Yaw>0</Yaw>
			</Attachment>
		</Attachment>
		<Attachment>
			<ModelHash>0x431fe24e</ModelHash>
			<Type>3</Type>
			<Dynamic>false</Dynamic>
			<FrozenPos>true</FrozenPos>
			<HashName>prop_speaker_06</HashName>
			<InitialHandle>357912</InitialHandle>
			<ObjectProperties>
				<TextureVariation>0</TextureVariation>
			</ObjectProperties>
			<PtfxLopAsset>scr_agencyheistb</PtfxLopAsset>
			<PtfxLopEffect>scr_agency3b_elec_box</PtfxLopEffect>
			<OpacityLevel>255</OpacityLevel>
			<LodDistance>16960</LodDistance>
			<IsVisible>true</IsVisible>
			<MaxHealth>1000</MaxHealth>
			<Health>1000</Health>
			<HasGravity>true</HasGravity>
			<IsOnFire>false</IsOnFire>
			<IsInvincible>false</IsInvincible>
			<IsBulletProof>false</IsBulletProof>
			<IsCollisionProof>true</IsCollisionProof>
			<IsExplosionProof>false</IsExplosionProof>
			<IsFireProof>false</IsFireProof>
			<IsMeleeProof>false</IsMeleeProof>
			<IsOnlyDamagedByPlayer>false</IsOnlyDamagedByPlayer>
			<PositionRotation>
				<X>-322.761566</X>
				<Y>-1490.06445</Y>
				<Z>30.3797951</Z>
				<Pitch>69.3971405</Pitch>
				<Roll>-1.46574926</Roll>
				<Yaw>-60.5387383</Yaw>
			</PositionRotation>
			<Attachment isAttached="true">
				<AttachedTo>461315</AttachedTo>
				<BoneIndex>0</BoneIndex>
				<X>0.359999955</X>
				<Y>-1.5299989</Y>
				<Z>0.429999888</Z>
				<Pitch>69.9999924</Pitch>
				<Roll>0</Roll>
				<Yaw>0</Yaw>
			</Attachment>
		</Attachment>
		<Attachment>
			<ModelHash>0x431fe24e</ModelHash>
			<Type>3</Type>
			<Dynamic>false</Dynamic>
			<FrozenPos>true</FrozenPos>
			<HashName>prop_speaker_06</HashName>
			<InitialHandle>358936</InitialHandle>
			<ObjectProperties>
				<TextureVariation>0</TextureVariation>
			</ObjectProperties>
			<OpacityLevel>255</OpacityLevel>
			<LodDistance>16960</LodDistance>
			<IsVisible>true</IsVisible>
			<MaxHealth>1000</MaxHealth>
			<Health>1000</Health>
			<HasGravity>true</HasGravity>
			<IsOnFire>false</IsOnFire>
			<IsInvincible>false</IsInvincible>
			<IsBulletProof>false</IsBulletProof>
			<IsCollisionProof>true</IsCollisionProof>
			<IsExplosionProof>false</IsExplosionProof>
			<IsFireProof>false</IsFireProof>
			<IsMeleeProof>false</IsMeleeProof>
			<IsOnlyDamagedByPlayer>false</IsOnlyDamagedByPlayer>
			<PositionRotation>
				<X>-322.797455</X>
				<Y>-1490.08472</Y>
				<Z>30.2602234</Z>
				<Pitch>69.3971405</Pitch>
				<Roll>-1.46574926</Roll>
				<Yaw>-60.5387383</Yaw>
			</PositionRotation>
			<Attachment isAttached="true">
				<AttachedTo>461315</AttachedTo>
				<BoneIndex>0</BoneIndex>
				<X>0.359999955</X>
				<Y>-1.56999886</Y>
				<Z>0.310000002</Z>
				<Pitch>69.9999924</Pitch>
				<Roll>0</Roll>
				<Yaw>0</Yaw>
			</Attachment>
		</Attachment>
		<Attachment>
			<ModelHash>0xf0d84045</ModelHash>
			<Type>3</Type>
			<Dynamic>false</Dynamic>
			<FrozenPos>true</FrozenPos>
			<HashName>imp_prop_impexp_wheel_04a</HashName>
			<InitialHandle>484635</InitialHandle>
			<ObjectProperties>
				<TextureVariation>0</TextureVariation>
			</ObjectProperties>
			<OpacityLevel>255</OpacityLevel>
			<LodDistance>16960</LodDistance>
			<IsVisible>true</IsVisible>
			<MaxHealth>1000</MaxHealth>
			<Health>1000</Health>
			<HasGravity>true</HasGravity>
			<IsOnFire>false</IsOnFire>
			<IsInvincible>false</IsInvincible>
			<IsBulletProof>false</IsBulletProof>
			<IsCollisionProof>true</IsCollisionProof>
			<IsExplosionProof>false</IsExplosionProof>
			<IsFireProof>false</IsFireProof>
			<IsMeleeProof>false</IsMeleeProof>
			<IsOnlyDamagedByPlayer>false</IsOnlyDamagedByPlayer>
			<PositionRotation>
				<X>-322.507446</X>
				<Y>-1489.52051</Y>
				<Z>30.4015541</Z>
				<Pitch>-89.2114182</Pitch>
				<Roll>-139.159653</Roll>
				<Yaw>158.926865</Yaw>
			</PositionRotation>
			<Attachment isAttached="true">
				<AttachedTo>461315</AttachedTo>
				<BoneIndex>0</BoneIndex>
				<X>0</X>
				<Y>-1.04999936</Y>
				<Z>0.459999859</Z>
				<Pitch>-90</Pitch>
				<Roll>0</Roll>
				<Yaw>0</Yaw>
			</Attachment>
		</Attachment>
		<Attachment>
			<ModelHash>0xf5d66055</ModelHash>
			<Type>3</Type>
			<Dynamic>false</Dynamic>
			<FrozenPos>true</FrozenPos>
			<HashName>prop_coffee_mac_02</HashName>
			<InitialHandle>667934</InitialHandle>
			<ObjectProperties>
				<TextureVariation>0</TextureVariation>
			</ObjectProperties>
			<OpacityLevel>255</OpacityLevel>
			<LodDistance>16960</LodDistance>
			<IsVisible>true</IsVisible>
			<MaxHealth>1000</MaxHealth>
			<Health>1000</Health>
			<HasGravity>true</HasGravity>
			<IsOnFire>false</IsOnFire>
			<IsInvincible>false</IsInvincible>
			<IsBulletProof>false</IsBulletProof>
			<IsCollisionProof>true</IsCollisionProof>
			<IsExplosionProof>false</IsExplosionProof>
			<IsFireProof>false</IsFireProof>
			<IsMeleeProof>false</IsMeleeProof>
			<IsOnlyDamagedByPlayer>false</IsOnlyDamagedByPlayer>
			<PositionRotation>
				<X>-322.523621</X>
				<Y>-1489.526</Y>
				<Z>30.7017345</Z>
				<Pitch>-0.596639812</Pitch>
				<Roll>-0.515759051</Roll>
				<Yaw>-61.9161453</Yaw>
			</PositionRotation>
			<Attachment isAttached="true">
				<AttachedTo>461315</AttachedTo>
				<BoneIndex>0</BoneIndex>
				<X>0</X>
				<Y>-1.06999934</Y>
				<Z>0.759999573</Z>
				<Pitch>0</Pitch>
				<Roll>0</Roll>
				<Yaw>0</Yaw>
			</Attachment>
		</Attachment>
		<Attachment>
			<ModelHash>0xf5aaeef9</ModelHash>
			<Type>3</Type>
			<Dynamic>false</Dynamic>
			<FrozenPos>true</FrozenPos>
			<HashName>prop_air_lights_05a</HashName>
			<InitialHandle>289569</InitialHandle>
			<ObjectProperties>
				<TextureVariation>0</TextureVariation>
			</ObjectProperties>
			<OpacityLevel>255</OpacityLevel>
			<LodDistance>16960</LodDistance>
			<IsVisible>true</IsVisible>
			<MaxHealth>1000</MaxHealth>
			<Health>1000</Health>
			<HasGravity>true</HasGravity>
			<IsOnFire>false</IsOnFire>
			<IsInvincible>false</IsInvincible>
			<IsBulletProof>false</IsBulletProof>
			<IsCollisionProof>true</IsCollisionProof>
			<IsExplosionProof>false</IsExplosionProof>
			<IsFireProof>false</IsFireProof>
			<IsMeleeProof>false</IsMeleeProof>
			<IsOnlyDamagedByPlayer>false</IsOnlyDamagedByPlayer>
			<PositionRotation>
				<X>-322.295807</X>
				<Y>-1489.40771</Y>
				<Z>30.3790569</Z>
				<Pitch>0.596639633</Pitch>
				<Roll>0.515757442</Roll>
				<Yaw>118.083817</Yaw>
			</PositionRotation>
			<Attachment isAttached="true">
				<AttachedTo>461315</AttachedTo>
				<BoneIndex>0</BoneIndex>
				<X>0</X>
				<Y>-0.809999526</Y>
				<Z>0.439999878</Z>
				<Pitch>0</Pitch>
				<Roll>-1.78813934e-06</Roll>
				<Yaw>179.999985</Yaw>
			</Attachment>
		</Attachment>
		<Attachment>
			<ModelHash>0x4aefef1d</ModelHash>
			<Type>3</Type>
			<Dynamic>false</Dynamic>
			<FrozenPos>true</FrozenPos>
			<HashName>v_res_fa_radioalrm</HashName>
			<InitialHandle>651049</InitialHandle>
			<ObjectProperties>
				<TextureVariation>0</TextureVariation>
			</ObjectProperties>
			<OpacityLevel>255</OpacityLevel>
			<LodDistance>16960</LodDistance>
			<IsVisible>true</IsVisible>
			<MaxHealth>1000</MaxHealth>
			<Health>1000</Health>
			<HasGravity>true</HasGravity>
			<IsOnFire>false</IsOnFire>
			<IsInvincible>false</IsInvincible>
			<IsBulletProof>false</IsBulletProof>
			<IsCollisionProof>false</IsCollisionProof>
			<IsExplosionProof>false</IsExplosionProof>
			<IsFireProof>false</IsFireProof>
			<IsMeleeProof>false</IsMeleeProof>
			<IsOnlyDamagedByPlayer>false</IsOnlyDamagedByPlayer>
			<PositionRotation>
				<X>-320.743408</X>
				<Y>-1488.58008</Y>
				<Z>30.3007355</Z>
				<Pitch>-0.596639812</Pitch>
				<Roll>-0.515759051</Roll>
				<Yaw>-61.9161453</Yaw>
			</PositionRotation>
			<Attachment isAttached="true">
				<AttachedTo>461315</AttachedTo>
				<BoneIndex>0</BoneIndex>
				<X>0</X>
				<Y>0.949999392</Y>
				<Z>0.379999906</Z>
				<Pitch>0</Pitch>
				<Roll>0</Roll>
				<Yaw>0</Yaw>
			</Attachment>
		</Attachment>
		<Attachment>
			<ModelHash>0x9d110636</ModelHash>
			<Type>3</Type>
			<Dynamic>false</Dynamic>
			<FrozenPos>true</FrozenPos>
			<HashName>hei_prop_hei_keypad_03</HashName>
			<InitialHandle>690986</InitialHandle>
			<ObjectProperties>
				<TextureVariation>0</TextureVariation>
			</ObjectProperties>
			<OpacityLevel>255</OpacityLevel>
			<LodDistance>16960</LodDistance>
			<IsVisible>true</IsVisible>
			<MaxHealth>1000</MaxHealth>
			<Health>1000</Health>
			<HasGravity>true</HasGravity>
			<IsOnFire>false</IsOnFire>
			<IsInvincible>false</IsInvincible>
			<IsBulletProof>false</IsBulletProof>
			<IsCollisionProof>false</IsCollisionProof>
			<IsExplosionProof>false</IsExplosionProof>
			<IsFireProof>false</IsFireProof>
			<IsMeleeProof>false</IsMeleeProof>
			<IsOnlyDamagedByPlayer>false</IsOnlyDamagedByPlayer>
			<PositionRotation>
				<X>-320.991425</X>
				<Y>-1488.71436</Y>
				<Z>30.1036701</Z>
				<Pitch>-43.5944366</Pitch>
				<Roll>-0.712110162</Roll>
				<Yaw>-62.4018288</Yaw>
			</PositionRotation>
			<Attachment isAttached="true">
				<AttachedTo>461315</AttachedTo>
				<BoneIndex>0</BoneIndex>
				<X>0</X>
				<Y>0.669999659</Y>
				<Z>0.180000007</Z>
				<Pitch>-42.9999962</Pitch>
				<Roll>0</Roll>
				<Yaw>0</Yaw>
			</Attachment>
		</Attachment>
		<Attachment>
			<ModelHash>0xf56bdcde</ModelHash>
			<Type>3</Type>
			<Dynamic>false</Dynamic>
			<FrozenPos>true</FrozenPos>
			<HashName>v_serv_switch_2</HashName>
			<InitialHandle>400688</InitialHandle>
			<ObjectProperties>
				<TextureVariation>0</TextureVariation>
			</ObjectProperties>
			<OpacityLevel>255</OpacityLevel>
			<LodDistance>16960</LodDistance>
			<IsVisible>true</IsVisible>
			<MaxHealth>1000</MaxHealth>
			<Health>1000</Health>
			<HasGravity>true</HasGravity>
			<IsOnFire>false</IsOnFire>
			<IsInvincible>false</IsInvincible>
			<IsBulletProof>false</IsBulletProof>
			<IsCollisionProof>false</IsCollisionProof>
			<IsExplosionProof>false</IsExplosionProof>
			<IsFireProof>false</IsFireProof>
			<IsMeleeProof>false</IsMeleeProof>
			<IsOnlyDamagedByPlayer>false</IsOnlyDamagedByPlayer>
			<PositionRotation>
				<X>-321.319336</X>
				<Y>-1488.46497</Y>
				<Z>30.2168198</Z>
				<Pitch>0.515737891</Pitch>
				<Roll>-12.1696606</Roll>
				<Yaw>-151.910782</Yaw>
			</PositionRotation>
			<Attachment isAttached="true">
				<AttachedTo>461315</AttachedTo>
				<BoneIndex>53</BoneIndex>
				<X>0</X>
				<Y>0.0199999996</Y>
				<Z>-0.0199999996</Z>
				<Pitch>0</Pitch>
				<Roll>6.99999952</Roll>
				<Yaw>-90.0000153</Yaw>
			</Attachment>
		</Attachment>
		<Attachment>
			<ModelHash>0x8b241aa3</ModelHash>
			<Type>3</Type>
			<Dynamic>false</Dynamic>
			<FrozenPos>true</FrozenPos>
			<HashName>prop_tool_cable01</HashName>
			<InitialHandle>361780</InitialHandle>
			<ObjectProperties>
				<TextureVariation>0</TextureVariation>
			</ObjectProperties>
			<OpacityLevel>255</OpacityLevel>
			<LodDistance>16960</LodDistance>
			<IsVisible>true</IsVisible>
			<MaxHealth>1000</MaxHealth>
			<Health>1000</Health>
			<HasGravity>true</HasGravity>
			<IsOnFire>false</IsOnFire>
			<IsInvincible>false</IsInvincible>
			<IsBulletProof>false</IsBulletProof>
			<IsCollisionProof>true</IsCollisionProof>
			<IsExplosionProof>false</IsExplosionProof>
			<IsFireProof>false</IsFireProof>
			<IsMeleeProof>false</IsMeleeProof>
			<IsOnlyDamagedByPlayer>false</IsOnlyDamagedByPlayer>
			<PositionRotation>
				<X>-321.793457</X>
				<Y>-1489.14075</Y>
				<Z>30.2731304</Z>
				<Pitch>89.2114182</Pitch>
				<Roll>-40.8393669</Roll>
				<Yaw>-21.0740891</Yaw>
			</PositionRotation>
			<Attachment isAttached="true">
				<AttachedTo>461315</AttachedTo>
				<BoneIndex>0</BoneIndex>
				<X>0</X>
				<Y>-0.240000039</Y>
				<Z>0.339999944</Z>
				<Pitch>89.9999924</Pitch>
				<Roll>0</Roll>
				<Yaw>0</Yaw>
			</Attachment>
		</Attachment>
		<Attachment>
			<ModelHash>0xff856b09</ModelHash>
			<Type>3</Type>
			<Dynamic>false</Dynamic>
			<FrozenPos>true</FrozenPos>
			<HashName>v_serv_ct_monitor07</HashName>
			<InitialHandle>550456</InitialHandle>
			<ObjectProperties>
				<TextureVariation>0</TextureVariation>
			</ObjectProperties>
			<OpacityLevel>255</OpacityLevel>
			<LodDistance>16960</LodDistance>
			<IsVisible>true</IsVisible>
			<MaxHealth>1000</MaxHealth>
			<Health>1000</Health>
			<HasGravity>true</HasGravity>
			<IsOnFire>false</IsOnFire>
			<IsInvincible>false</IsInvincible>
			<IsBulletProof>false</IsBulletProof>
			<IsCollisionProof>true</IsCollisionProof>
			<IsExplosionProof>false</IsExplosionProof>
			<IsFireProof>false</IsFireProof>
			<IsMeleeProof>false</IsMeleeProof>
			<IsOnlyDamagedByPlayer>false</IsOnlyDamagedByPlayer>
			<PositionRotation>
				<X>-322.001373</X>
				<Y>-1488.87683</Y>
				<Z>30.3507786</Z>
				<Pitch>0.596639633</Pitch>
				<Roll>0.51575923</Roll>
				<Yaw>118.083817</Yaw>
			</PositionRotation>
			<Attachment isAttached="true">
				<AttachedTo>461315</AttachedTo>
				<BoneIndex>0</BoneIndex>
				<X>-0.329999983</X>
				<Y>-0.300000012</Y>
				<Z>0.419999897</Z>
				<Pitch>0</Pitch>
				<Roll>0</Roll>
				<Yaw>179.999985</Yaw>
			</Attachment>
		</Attachment>
		<Attachment>
			<ModelHash>0x8538a366</ModelHash>
			<Type>3</Type>
			<Dynamic>false</Dynamic>
			<FrozenPos>true</FrozenPos>
			<HashName>prop_power_cell</HashName>
			<InitialHandle>167485</InitialHandle>
			<ObjectProperties>
				<TextureVariation>0</TextureVariation>
			</ObjectProperties>
			<OpacityLevel>255</OpacityLevel>
			<LodDistance>16960</LodDistance>
			<IsVisible>true</IsVisible>
			<MaxHealth>1000</MaxHealth>
			<Health>1000</Health>
			<HasGravity>true</HasGravity>
			<IsOnFire>false</IsOnFire>
			<IsInvincible>false</IsInvincible>
			<IsBulletProof>false</IsBulletProof>
			<IsCollisionProof>true</IsCollisionProof>
			<IsExplosionProof>false</IsExplosionProof>
			<IsFireProof>false</IsFireProof>
			<IsMeleeProof>false</IsMeleeProof>
			<IsOnlyDamagedByPlayer>false</IsOnlyDamagedByPlayer>
			<PositionRotation>
				<X>-320.299774</X>
				<Y>-1487.49292</Y>
				<Z>29.7765923</Z>
				<Pitch>-0.528947353</Pitch>
				<Roll>-100.58461</Roll>
				<Yaw>-68.9162598</Yaw>
			</PositionRotation>
			<Attachment isAttached="true">
				<AttachedTo>461315</AttachedTo>
				<BoneIndex>7</BoneIndex>
				<X>-1.56999886</X>
				<Y>0.190000057</Y>
				<Z>-0.140000045</Z>
				<Pitch>0</Pitch>
				<Roll>-100.000008</Roll>
				<Yaw>-7.00004673</Yaw>
			</Attachment>
		</Attachment>
		<Attachment>
			<ModelHash>0x8538a366</ModelHash>
			<Type>3</Type>
			<Dynamic>false</Dynamic>
			<FrozenPos>true</FrozenPos>
			<HashName>prop_power_cell</HashName>
			<InitialHandle>505927</InitialHandle>
			<ObjectProperties>
				<TextureVariation>0</TextureVariation>
			</ObjectProperties>
			<OpacityLevel>255</OpacityLevel>
			<LodDistance>16960</LodDistance>
			<IsVisible>true</IsVisible>
			<MaxHealth>1000</MaxHealth>
			<Health>1000</Health>
			<HasGravity>true</HasGravity>
			<IsOnFire>false</IsOnFire>
			<IsInvincible>false</IsInvincible>
			<IsBulletProof>false</IsBulletProof>
			<IsCollisionProof>true</IsCollisionProof>
			<IsExplosionProof>false</IsExplosionProof>
			<IsFireProof>false</IsFireProof>
			<IsMeleeProof>false</IsMeleeProof>
			<IsOnlyDamagedByPlayer>false</IsOnlyDamagedByPlayer>
			<PositionRotation>
				<X>-319.598236</X>
				<Y>-1488.80737</Y>
				<Z>29.7900047</Z>
				<Pitch>-0.654663503</Pitch>
				<Roll>-80.4392776</Roll>
				<Yaw>-54.9159813</Yaw>
			</PositionRotation>
			<Attachment isAttached="true">
				<AttachedTo>461315</AttachedTo>
				<BoneIndex>7</BoneIndex>
				<X>-0.0799999982</X>
				<Y>0.190000057</Y>
				<Z>-0.140000045</Z>
				<Pitch>0</Pitch>
				<Roll>-80.0000076</Roll>
				<Yaw>7.00004578</Yaw>
			</Attachment>
		</Attachment>
		<Attachment>
			<ModelHash>0xbbad749e</ModelHash>
			<Type>3</Type>
			<Dynamic>false</Dynamic>
			<FrozenPos>true</FrozenPos>
			<HashName>w_lr_homing_rocket</HashName>
			<InitialHandle>718947</InitialHandle>
			<ObjectProperties>
				<TextureVariation>0</TextureVariation>
			</ObjectProperties>
			<OpacityLevel>255</OpacityLevel>
			<LodDistance>16960</LodDistance>
			<IsVisible>true</IsVisible>
			<MaxHealth>1000</MaxHealth>
			<Health>1000</Health>
			<HasGravity>true</HasGravity>
			<IsOnFire>false</IsOnFire>
			<IsInvincible>false</IsInvincible>
			<IsBulletProof>false</IsBulletProof>
			<IsCollisionProof>true</IsCollisionProof>
			<IsExplosionProof>false</IsExplosionProof>
			<IsFireProof>false</IsFireProof>
			<IsMeleeProof>false</IsMeleeProof>
			<IsOnlyDamagedByPlayer>false</IsOnlyDamagedByPlayer>
			<PositionRotation>
				<X>-320.986847</X>
				<Y>-1489.62183</Y>
				<Z>29.8052731</Z>
				<Pitch>-0.596639812</Pitch>
				<Roll>-0.515759051</Roll>
				<Yaw>-61.9161453</Yaw>
			</PositionRotation>
			<Attachment isAttached="true">
				<AttachedTo>461315</AttachedTo>
				<BoneIndex>0</BoneIndex>
				<X>0.799999595</X>
				<Y>0.250000089</Y>
				<Z>-0.13000004</Z>
				<Pitch>0</Pitch>
				<Roll>0</Roll>
				<Yaw>0</Yaw>
			</Attachment>
		</Attachment>
		<Attachment>
			<ModelHash>0xbbad749e</ModelHash>
			<Type>3</Type>
			<Dynamic>false</Dynamic>
			<FrozenPos>true</FrozenPos>
			<HashName>w_lr_homing_rocket</HashName>
			<InitialHandle>303973</InitialHandle>
			<ObjectProperties>
				<TextureVariation>0</TextureVariation>
			</ObjectProperties>
			<OpacityLevel>255</OpacityLevel>
			<LodDistance>16960</LodDistance>
			<IsVisible>true</IsVisible>
			<MaxHealth>1000</MaxHealth>
			<Health>1000</Health>
			<HasGravity>true</HasGravity>
			<IsOnFire>false</IsOnFire>
			<IsInvincible>false</IsInvincible>
			<IsBulletProof>false</IsBulletProof>
			<IsCollisionProof>true</IsCollisionProof>
			<IsExplosionProof>false</IsExplosionProof>
			<IsFireProof>false</IsFireProof>
			<IsMeleeProof>false</IsMeleeProof>
			<IsOnlyDamagedByPlayer>false</IsOnlyDamagedByPlayer>
			<PositionRotation>
				<X>-321.740143</X>
				<Y>-1488.21033</Y>
				<Z>29.7908726</Z>
				<Pitch>-0.596639812</Pitch>
				<Roll>-0.515759051</Roll>
				<Yaw>-61.9161453</Yaw>
			</PositionRotation>
			<Attachment isAttached="true">
				<AttachedTo>461315</AttachedTo>
				<BoneIndex>0</BoneIndex>
				<X>-0.799999595</X>
				<Y>0.250000089</Y>
				<Z>-0.13000004</Z>
				<Pitch>0</Pitch>
				<Roll>0</Roll>
				<Yaw>0</Yaw>
			</Attachment>
		</Attachment>
		<Attachment>
			<ModelHash>0x69c09379</ModelHash>
			<Type>3</Type>
			<Dynamic>false</Dynamic>
			<FrozenPos>true</FrozenPos>
			<HashName>prop_power_cord_01</HashName>
			<InitialHandle>202343</InitialHandle>
			<ObjectProperties>
				<TextureVariation>0</TextureVariation>
			</ObjectProperties>
			<OpacityLevel>255</OpacityLevel>
			<LodDistance>16960</LodDistance>
			<IsVisible>true</IsVisible>
			<MaxHealth>1000</MaxHealth>
			<Health>1000</Health>
			<HasGravity>true</HasGravity>
			<IsOnFire>false</IsOnFire>
			<IsInvincible>false</IsInvincible>
			<IsBulletProof>false</IsBulletProof>
			<IsCollisionProof>true</IsCollisionProof>
			<IsExplosionProof>false</IsExplosionProof>
			<IsFireProof>false</IsFireProof>
			<IsMeleeProof>false</IsMeleeProof>
			<IsOnlyDamagedByPlayer>false</IsOnlyDamagedByPlayer>
			<PositionRotation>
				<X>-319.693268</X>
				<Y>-1488.77112</Y>
				<Z>29.9679604</Z>
				<Pitch>-0.228468075</Pitch>
				<Roll>0.75483948</Roll>
				<Yaw>52.0880585</Yaw>
			</PositionRotation>
			<Attachment isAttached="true">
				<AttachedTo>461315</AttachedTo>
				<BoneIndex>1</BoneIndex>
				<X>0.66000092</X>
				<Y>1.78999865</Y>
				<Z>0.0500000119</Z>
				<Pitch>-1.1920929e-06</Pitch>
				<Roll>0</Roll>
				<Yaw>114.000015</Yaw>
			</Attachment>
		</Attachment>
		<Attachment>
			<ModelHash>0xbbad749e</ModelHash>
			<Type>3</Type>
			<Dynamic>false</Dynamic>
			<FrozenPos>true</FrozenPos>
			<HashName>w_lr_homing_rocket</HashName>
			<InitialHandle>355857</InitialHandle>
			<ObjectProperties>
				<TextureVariation>0</TextureVariation>
			</ObjectProperties>
			<OpacityLevel>255</OpacityLevel>
			<LodDistance>16960</LodDistance>
			<IsVisible>true</IsVisible>
			<MaxHealth>1000</MaxHealth>
			<Health>1000</Health>
			<HasGravity>true</HasGravity>
			<IsOnFire>false</IsOnFire>
			<IsInvincible>false</IsInvincible>
			<IsBulletProof>false</IsBulletProof>
			<IsCollisionProof>true</IsCollisionProof>
			<IsExplosionProof>false</IsExplosionProof>
			<IsFireProof>false</IsFireProof>
			<IsMeleeProof>false</IsMeleeProof>
			<IsOnlyDamagedByPlayer>false</IsOnlyDamagedByPlayer>
			<PositionRotation>
				<X>-322.292542</X>
				<Y>-1489.68884</Y>
				<Z>30.4326553</Z>
				<Pitch>-0.737056315</Pitch>
				<Roll>-0.280587256</Roll>
				<Yaw>-41.9152641</Yaw>
			</PositionRotation>
			<Attachment isAttached="true">
				<AttachedTo>461315</AttachedTo>
				<BoneIndex>0</BoneIndex>
				<X>0.250000089</X>
				<Y>-0.939999461</Y>
				<Z>0.48999989</Z>
				<Pitch>0</Pitch>
				<Roll>0</Roll>
				<Yaw>20.0000038</Yaw>
			</Attachment>
		</Attachment>
		<Attachment>
			<ModelHash>0xbbad749e</ModelHash>
			<Type>3</Type>
			<Dynamic>false</Dynamic>
			<FrozenPos>true</FrozenPos>
			<HashName>w_lr_homing_rocket</HashName>
			<InitialHandle>765459</InitialHandle>
			<ObjectProperties>
				<TextureVariation>0</TextureVariation>
			</ObjectProperties>
			<OpacityLevel>255</OpacityLevel>
			<LodDistance>16960</LodDistance>
			<IsVisible>true</IsVisible>
			<MaxHealth>1000</MaxHealth>
			<Health>1000</Health>
			<HasGravity>true</HasGravity>
			<IsOnFire>false</IsOnFire>
			<IsInvincible>false</IsInvincible>
			<IsBulletProof>false</IsBulletProof>
			<IsCollisionProof>true</IsCollisionProof>
			<IsExplosionProof>false</IsExplosionProof>
			<IsFireProof>false</IsFireProof>
			<IsMeleeProof>false</IsMeleeProof>
			<IsOnlyDamagedByPlayer>false</IsOnlyDamagedByPlayer>
			<PositionRotation>
				<X>-322.527954</X>
				<Y>-1489.2478</Y>
				<Z>30.4281559</Z>
				<Pitch>-0.384262681</Pitch>
				<Roll>-0.688713312</Roll>
				<Yaw>-81.9157715</Yaw>
			</PositionRotation>
			<Attachment isAttached="true">
				<AttachedTo>461315</AttachedTo>
				<BoneIndex>0</BoneIndex>
				<X>-0.250000119</X>
				<Y>-0.939999461</Y>
				<Z>0.48999989</Z>
				<Pitch>0</Pitch>
				<Roll>0</Roll>
				<Yaw>-20.0000038</Yaw>
			</Attachment>
		</Attachment>
		<Attachment>
			<ModelHash>0x453b1a11</ModelHash>
			<Type>3</Type>
			<Dynamic>false</Dynamic>
			<FrozenPos>true</FrozenPos>
			<HashName>prop_wall_vent_03</HashName>
			<InitialHandle>257557</InitialHandle>
			<ObjectProperties>
				<TextureVariation>0</TextureVariation>
			</ObjectProperties>
			<OpacityLevel>255</OpacityLevel>
			<LodDistance>16960</LodDistance>
			<IsVisible>true</IsVisible>
			<MaxHealth>1000</MaxHealth>
			<Health>1000</Health>
			<HasGravity>true</HasGravity>
			<IsOnFire>false</IsOnFire>
			<IsInvincible>false</IsInvincible>
			<IsBulletProof>false</IsBulletProof>
			<IsCollisionProof>true</IsCollisionProof>
			<IsExplosionProof>false</IsExplosionProof>
			<IsFireProof>false</IsFireProof>
			<IsMeleeProof>false</IsMeleeProof>
			<IsOnlyDamagedByPlayer>false</IsOnlyDamagedByPlayer>
			<PositionRotation>
				<X>-322.878113</X>
				<Y>-1489.71851</Y>
				<Z>30.3759308</Z>
				<Pitch>-89.2114182</Pitch>
				<Roll>-139.160614</Roll>
				<Yaw>158.925903</Yaw>
			</PositionRotation>
			<Attachment isAttached="true">
				<AttachedTo>461315</AttachedTo>
				<BoneIndex>0</BoneIndex>
				<X>0</X>
				<Y>-1.46999896</Y>
				<Z>0.429999828</Z>
				<Pitch>-90.0000153</Pitch>
				<Roll>0</Roll>
				<Yaw>0</Yaw>
			</Attachment>
		</Attachment>
		<Attachment>
			<ModelHash>0x6ad326c2</ModelHash>
			<Type>3</Type>
			<Dynamic>false</Dynamic>
			<FrozenPos>true</FrozenPos>
			<HashName>prop_space_rifle</HashName>
			<InitialHandle>554020</InitialHandle>
			<ObjectProperties>
				<TextureVariation>0</TextureVariation>
			</ObjectProperties>
			<OpacityLevel>255</OpacityLevel>
			<LodDistance>16960</LodDistance>
			<IsVisible>true</IsVisible>
			<MaxHealth>1000</MaxHealth>
			<Health>1000</Health>
			<HasGravity>true</HasGravity>
			<IsOnFire>false</IsOnFire>
			<IsInvincible>false</IsInvincible>
			<IsBulletProof>false</IsBulletProof>
			<IsCollisionProof>true</IsCollisionProof>
			<IsExplosionProof>false</IsExplosionProof>
			<IsFireProof>false</IsFireProof>
			<IsMeleeProof>false</IsMeleeProof>
			<IsOnlyDamagedByPlayer>false</IsOnlyDamagedByPlayer>
			<PositionRotation>
				<X>-321.592285</X>
				<Y>-1489.03699</Y>
				<Z>29.9207687</Z>
				<Pitch>-0.515731096</Pitch>
				<Roll>0.596663892</Roll>
				<Yaw>28.0892181</Yaw>
			</PositionRotation>
			<Attachment isAttached="true">
				<AttachedTo>461315</AttachedTo>
				<BoneIndex>0</BoneIndex>
				<X>0</X>
				<Y>-0.0100000044</Y>
				<Z>-0.0100000026</Z>
				<Pitch>0</Pitch>
				<Roll>0</Roll>
				<Yaw>90.0000076</Yaw>
			</Attachment>
		</Attachment>
		<Attachment>
			<ModelHash>0x7e8cb959</ModelHash>
			<Type>3</Type>
			<Dynamic>false</Dynamic>
			<FrozenPos>true</FrozenPos>
			<HashName>port_xr_elecbox_1</HashName>
			<InitialHandle>637749</InitialHandle>
			<ObjectProperties>
				<TextureVariation>0</TextureVariation>
			</ObjectProperties>
			<OpacityLevel>255</OpacityLevel>
			<LodDistance>16960</LodDistance>
			<IsVisible>true</IsVisible>
			<MaxHealth>1000</MaxHealth>
			<Health>1000</Health>
			<HasGravity>true</HasGravity>
			<IsOnFire>false</IsOnFire>
			<IsInvincible>false</IsInvincible>
			<IsBulletProof>false</IsBulletProof>
			<IsCollisionProof>false</IsCollisionProof>
			<IsExplosionProof>false</IsExplosionProof>
			<IsFireProof>false</IsFireProof>
			<IsMeleeProof>false</IsMeleeProof>
			<IsOnlyDamagedByPlayer>false</IsOnlyDamagedByPlayer>
			<PositionRotation>
				<X>-320.288757</X>
				<Y>-1488.33728</Y>
				<Z>30.30509</Z>
				<Pitch>-80.3900146</Pitch>
				<Roll>-86.9090424</Roll>
				<Yaw>121.136803</Yaw>
			</PositionRotation>
			<Attachment isAttached="true">
				<AttachedTo>461315</AttachedTo>
				<BoneIndex>9</BoneIndex>
				<X>0</X>
				<Y>0.369999975</Y>
				<Z>-0.0300000086</Z>
				<Pitch>-99.0000076</Pitch>
				<Roll>90.0000076</Roll>
				<Yaw>0</Yaw>
			</Attachment>
		</Attachment>
		<Attachment>
			<ModelHash>0x2b6b07e7</ModelHash>
			<Type>3</Type>
			<Dynamic>false</Dynamic>
			<FrozenPos>true</FrozenPos>
			<HashName>bkr_prop_coke_bottle_02a</HashName>
			<InitialHandle>548666</InitialHandle>
			<ObjectProperties>
				<TextureVariation>0</TextureVariation>
			</ObjectProperties>
			<OpacityLevel>255</OpacityLevel>
			<LodDistance>16960</LodDistance>
			<IsVisible>true</IsVisible>
			<MaxHealth>1000</MaxHealth>
			<Health>1000</Health>
			<HasGravity>true</HasGravity>
			<IsOnFire>false</IsOnFire>
			<IsInvincible>false</IsInvincible>
			<IsBulletProof>false</IsBulletProof>
			<IsCollisionProof>false</IsCollisionProof>
			<IsExplosionProof>false</IsExplosionProof>
			<IsFireProof>false</IsFireProof>
			<IsMeleeProof>false</IsMeleeProof>
			<IsOnlyDamagedByPlayer>false</IsOnlyDamagedByPlayer>
			<PositionRotation>
				<X>-320.500916</X>
				<Y>-1488.08728</Y>
				<Z>30.3529339</Z>
				<Pitch>-89.2121658</Pitch>
				<Roll>-49.1391907</Roll>
				<Yaw>158.947281</Yaw>
			</PositionRotation>
			<Attachment isAttached="true">
				<AttachedTo>461315</AttachedTo>
				<BoneIndex>9</BoneIndex>
				<X>-0.320000023</X>
				<Y>0.300000042</Y>
				<Z>0.0200000051</Z>
				<Pitch>-90.0000076</Pitch>
				<Roll>0</Roll>
				<Yaw>-90</Yaw>
			</Attachment>
		</Attachment>
		<Attachment>
			<ModelHash>0xb4861eb7</ModelHash>
			<Type>3</Type>
			<Dynamic>false</Dynamic>
			<FrozenPos>true</FrozenPos>
			<HashName>prop_c4_final</HashName>
			<InitialHandle>695870</InitialHandle>
			<ObjectProperties>
				<TextureVariation>0</TextureVariation>
			</ObjectProperties>
			<OpacityLevel>255</OpacityLevel>
			<LodDistance>16960</LodDistance>
			<IsVisible>true</IsVisible>
			<MaxHealth>1000</MaxHealth>
			<Health>1000</Health>
			<HasGravity>true</HasGravity>
			<IsOnFire>false</IsOnFire>
			<IsInvincible>false</IsInvincible>
			<IsBulletProof>false</IsBulletProof>
			<IsCollisionProof>false</IsCollisionProof>
			<IsExplosionProof>false</IsExplosionProof>
			<IsFireProof>false</IsFireProof>
			<IsMeleeProof>false</IsMeleeProof>
			<IsOnlyDamagedByPlayer>false</IsOnlyDamagedByPlayer>
			<PositionRotation>
				<X>-320.293915</X>
				<Y>-1488.30579</Y>
				<Z>30.334713</Z>
				<Pitch>-89.2121658</Pitch>
				<Roll>-36.1390381</Roll>
				<Yaw>158.947433</Yaw>
			</PositionRotation>
			<Attachment isAttached="true">
				<AttachedTo>461315</AttachedTo>
				<BoneIndex>9</BoneIndex>
				<X>-0.0300000086</X>
				<Y>0.379999965</Y>
				<Z>-1.21071935e-08</Z>
				<Pitch>-90.0000076</Pitch>
				<Roll>0</Roll>
				<Yaw>-103.000008</Yaw>
			</Attachment>
		</Attachment>
	</SpoonerAttachments>
</Vehicle>
