<?xml version="1.0" encoding="ISO-8859-1"?>
<Vehicle menyoo_ver="0.9998744b">
	<ModelHash>0x0612f4b6</ModelHash>
	<InitialHandle>189703</InitialHandle>
	<VehicleProperties>
		<Colours>
			<Primary>153</Primary>
			<Secondary>154</Secondary>
			<Pearl>0</Pearl>
			<Rim>156</Rim>
			<Mod1_a>0</Mod1_a>
			<Mod1_b>0</Mod1_b>
			<Mod1_c>0</Mod1_c>
			<Mod2_a>0</Mod2_a>
			<Mod2_b>0</Mod2_b>
			<IsPrimaryColourCustom>false</IsPrimaryColourCustom>
			<IsSecondaryColourCustom>false</IsSecondaryColourCustom>
			<tyreSmoke_R>255</tyreSmoke_R>
			<tyreSmoke_G>255</tyreSmoke_G>
			<tyreSmoke_B>255</tyreSmoke_B>
			<LrInterior>42</LrInterior>
			<LrDashboard>111</LrDashboard>
		</Colours>
		<Livery>-1</Livery>
		<NumberPlateText>81GWA220</NumberPlateText>
		<NumberPlateIndex>0</NumberPlateIndex>
		<WheelType>4</WheelType>
		<WheelsInvisible>false</WheelsInvisible>
		<EngineSoundName></EngineSoundName>
		<WindowTint>-1</WindowTint>
		<BulletProofTyres>true</BulletProofTyres>
		<DirtLevel>1.10667741</DirtLevel>
		<PaintFade>0.721568644</PaintFade>
		<RoofState>0</RoofState>
		<SirenActive>false</SirenActive>
		<EngineOn>true</EngineOn>
		<EngineHealth>1000</EngineHealth>
		<LightsOn>false</LightsOn>
		<IsRadioLoud>0</IsRadioLoud>
		<LockStatus>1</LockStatus>
		<Neons>
			<Left>false</Left>
			<Right>false</Right>
			<Front>false</Front>
			<Back>false</Back>
			<R>255</R>
			<G>0</G>
			<B>255</B>
		</Neons>
		<ModExtras>
			<_1>true</_1>
			<_2>true</_2>
			<_3>true</_3>
			<_4>true</_4>
			<_5>true</_5>
		</ModExtras>
		<Mods>
			<_0>-1,0</_0>
			<_1>-1,0</_1>
			<_2>-1,0</_2>
			<_3>-1,0</_3>
			<_4>-1,0</_4>
			<_5>-1,0</_5>
			<_6>-1,0</_6>
			<_7>-1,0</_7>
			<_8>-1,0</_8>
			<_9>-1,0</_9>
			<_10>-1,0</_10>
			<_11>3,0</_11>
			<_12>2,0</_12>
			<_13>2,0</_13>
			<_14>-1,0</_14>
			<_15>-1,0</_15>
			<_16>4,0</_16>
			<_17>false</_17>
			<_18>true</_18>
			<_19>false</_19>
			<_20>false</_20>
			<_21>false</_21>
			<_22>true</_22>
			<_23>-1,0</_23>
			<_24>-1,0</_24>
			<_25>-1,0</_25>
			<_26>-1,0</_26>
			<_27>-1,0</_27>
			<_28>-1,0</_28>
			<_29>-1,0</_29>
			<_30>-1,0</_30>
			<_31>-1,0</_31>
			<_32>-1,0</_32>
			<_33>-1,0</_33>
			<_34>-1,0</_34>
			<_35>-1,0</_35>
			<_36>-1,0</_36>
			<_37>-1,0</_37>
			<_38>-1,0</_38>
			<_39>-1,0</_39>
			<_40>-1,0</_40>
			<_41>-1,0</_41>
			<_42>-1,0</_42>
			<_43>-1,0</_43>
			<_44>-1,0</_44>
			<_45>-1,0</_45>
			<_46>-1,0</_46>
			<_47>-1,0</_47>
			<_48>-1,0</_48>
		</Mods>
		<DoorsOpen>
			<BackLeftDoor>false</BackLeftDoor>
			<BackRightDoor>false</BackRightDoor>
			<FrontLeftDoor>false</FrontLeftDoor>
			<FrontRightDoor>false</FrontRightDoor>
			<Hood>false</Hood>
			<Trunk>false</Trunk>
			<Trunk2>false</Trunk2>
		</DoorsOpen>
		<DoorsBroken>
			<BackLeftDoor>false</BackLeftDoor>
			<BackRightDoor>false</BackRightDoor>
			<FrontLeftDoor>true</FrontLeftDoor>
			<FrontRightDoor>true</FrontRightDoor>
			<Hood>true</Hood>
			<Trunk>false</Trunk>
			<Trunk2>false</Trunk2>
		</DoorsBroken>
		<TyresBursted>
			<FrontLeft>false</FrontLeft>
			<FrontRight>false</FrontRight>
			<_2>false</_2>
			<_3>false</_3>
			<BackLeft>false</BackLeft>
			<BackRight>false</BackRight>
			<_6>false</_6>
			<_7>false</_7>
			<_8>false</_8>
		</TyresBursted>
		<RpmMultiplier>1</RpmMultiplier>
		<TorqueMultiplier>1</TorqueMultiplier>
		<HeadlightIntensity>1</HeadlightIntensity>
	</VehicleProperties>
	<OpacityLevel>255</OpacityLevel>
	<LodDistance>500</LodDistance>
	<IsVisible>true</IsVisible>
	<IsDriverVisible>true</IsDriverVisible>
	<MaxHealth>1000</MaxHealth>
	<Health>1000</Health>
	<HasGravity>true</HasGravity>
	<IsOnFire>false</IsOnFire>
	<IsInvincible>false</IsInvincible>
	<IsBulletProof>false</IsBulletProof>
	<IsExplosionProof>false</IsExplosionProof>
	<IsFireProof>false</IsFireProof>
	<IsMeleeProof>false</IsMeleeProof>
	<IsOnlyDamagedByPlayer>false</IsOnlyDamagedByPlayer>
	<SpoonerAttachments SetAttachmentsPersistentAndAddToSpoonerDatabase="false" StartTaskSequencesOnLoad="true">
		<Attachment>
			<ModelHash>0x233dfd6a</ModelHash>
			<Type>3</Type>
			<Dynamic>false</Dynamic>
			<FrozenPos>true</FrozenPos>
			<HashName>prop_rub_carwreck_2</HashName>
			<InitialHandle>668680</InitialHandle>
			<ObjectProperties>
				<TextureVariation>0</TextureVariation>
			</ObjectProperties>
			<OpacityLevel>255</OpacityLevel>
			<LodDistance>16960</LodDistance>
			<IsVisible>true</IsVisible>
			<MaxHealth>1000</MaxHealth>
			<Health>1000</Health>
			<HasGravity>true</HasGravity>
			<IsOnFire>false</IsOnFire>
			<IsInvincible>false</IsInvincible>
			<IsBulletProof>false</IsBulletProof>
			<IsCollisionProof>false</IsCollisionProof>
			<IsExplosionProof>false</IsExplosionProof>
			<IsFireProof>false</IsFireProof>
			<IsMeleeProof>false</IsMeleeProof>
			<IsOnlyDamagedByPlayer>false</IsOnlyDamagedByPlayer>
			<PositionRotation>
				<X>1784.20374</X>
				<Y>3264.2793</Y>
				<Z>41.7449417</Z>
				<Pitch>2.60460711</Pitch>
				<Roll>-1.26362765</Roll>
				<Yaw>-79.5407104</Yaw>
			</PositionRotation>
			<Attachment isAttached="true">
				<AttachedTo>189703</AttachedTo>
				<BoneIndex>0</BoneIndex>
				<X>0.0823284537</X>
				<Y>0.0560228266</Y>
				<Z>-0.0351229906</Z>
				<Pitch>0.688006639</Pitch>
				<Roll>-0.0319643319</Roll>
				<Yaw>-179.945496</Yaw>
			</Attachment>
		</Attachment>
		<Attachment>
			<ModelHash>0x9ac02584</ModelHash>
			<Type>3</Type>
			<Dynamic>false</Dynamic>
			<FrozenPos>true</FrozenPos>
			<HashName>prop_rub_generator</HashName>
			<InitialHandle>634636</InitialHandle>
			<ObjectProperties>
				<TextureVariation>0</TextureVariation>
			</ObjectProperties>
			<OpacityLevel>255</OpacityLevel>
			<LodDistance>16960</LodDistance>
			<IsVisible>true</IsVisible>
			<MaxHealth>1000</MaxHealth>
			<Health>1000</Health>
			<HasGravity>true</HasGravity>
			<IsOnFire>false</IsOnFire>
			<IsInvincible>false</IsInvincible>
			<IsBulletProof>false</IsBulletProof>
			<IsCollisionProof>false</IsCollisionProof>
			<IsExplosionProof>false</IsExplosionProof>
			<IsFireProof>false</IsFireProof>
			<IsMeleeProof>false</IsMeleeProof>
			<IsOnlyDamagedByPlayer>false</IsOnlyDamagedByPlayer>
			<PositionRotation>
				<X>1783.0426</X>
				<Y>3264.59717</Y>
				<Z>41.845871</Z>
				<Pitch>-0.505449355</Pitch>
				<Roll>-1.97226548</Roll>
				<Yaw>9.3179884</Yaw>
			</PositionRotation>
			<Attachment isAttached="true">
				<AttachedTo>189703</AttachedTo>
				<BoneIndex>0</BoneIndex>
				<X>0.60141021</X>
				<Y>1.13681114</Y>
				<Z>0.113225877</Z>
				<Pitch>0.688006639</Pitch>
				<Roll>-0.0319643319</Roll>
				<Yaw>-91.0544891</Yaw>
			</Attachment>
		</Attachment>
		<Attachment>
			<ModelHash>0xf0c46723</ModelHash>
			<Type>3</Type>
			<Dynamic>false</Dynamic>
			<FrozenPos>true</FrozenPos>
			<HashName>p_bison_winch_s</HashName>
			<InitialHandle>112658</InitialHandle>
			<ObjectProperties>
				<TextureVariation>0</TextureVariation>
			</ObjectProperties>
			<OpacityLevel>255</OpacityLevel>
			<LodDistance>16960</LodDistance>
			<IsVisible>true</IsVisible>
			<MaxHealth>1000</MaxHealth>
			<Health>1000</Health>
			<HasGravity>true</HasGravity>
			<IsOnFire>false</IsOnFire>
			<IsInvincible>false</IsInvincible>
			<IsBulletProof>false</IsBulletProof>
			<IsCollisionProof>false</IsCollisionProof>
			<IsExplosionProof>false</IsExplosionProof>
			<IsFireProof>false</IsFireProof>
			<IsMeleeProof>false</IsMeleeProof>
			<IsOnlyDamagedByPlayer>false</IsOnlyDamagedByPlayer>
			<PositionRotation>
				<X>1786.50842</X>
				<Y>3264.66968</Y>
				<Z>42.3126831</Z>
				<Pitch>-1.15858793</Pitch>
				<Roll>-178.697922</Roll>
				<Yaw>103.571182</Yaw>
			</PositionRotation>
			<Attachment isAttached="true">
				<AttachedTo>189703</AttachedTo>
				<BoneIndex>0</BoneIndex>
				<X>0.040123038</X>
				<Y>-2.29891443</Y>
				<Z>0.453285456</Z>
				<Pitch>0.688010454</Pitch>
				<Roll>-180.031815</Roll>
				<Yaw>3.19631958</Yaw>
			</Attachment>
		</Attachment>
		<Attachment>
			<ModelHash>0xe9ddefbf</ModelHash>
			<Type>3</Type>
			<Dynamic>false</Dynamic>
			<FrozenPos>true</FrozenPos>
			<HashName>prop_byard_chains01</HashName>
			<InitialHandle>563219</InitialHandle>
			<ObjectProperties>
				<TextureVariation>0</TextureVariation>
			</ObjectProperties>
			<OpacityLevel>255</OpacityLevel>
			<LodDistance>16960</LodDistance>
			<IsVisible>true</IsVisible>
			<MaxHealth>1000</MaxHealth>
			<Health>1000</Health>
			<HasGravity>true</HasGravity>
			<IsOnFire>false</IsOnFire>
			<IsInvincible>false</IsInvincible>
			<IsBulletProof>false</IsBulletProof>
			<IsCollisionProof>false</IsCollisionProof>
			<IsExplosionProof>false</IsExplosionProof>
			<IsFireProof>false</IsFireProof>
			<IsMeleeProof>false</IsMeleeProof>
			<IsOnlyDamagedByPlayer>false</IsOnlyDamagedByPlayer>
			<PositionRotation>
				<X>1785.79395</X>
				<Y>3264.49341</Y>
				<Z>42.4643898</Z>
				<Pitch>-0.566878438</Pitch>
				<Roll>-1.93311465</Roll>
				<Yaw>11.1496725</Yaw>
			</PositionRotation>
			<Attachment isAttached="true">
				<AttachedTo>189703</AttachedTo>
				<BoneIndex>0</BoneIndex>
				<X>-0.00811947137</X>
				<Y>-1.56988609</Y>
				<Z>0.62849474</Z>
				<Pitch>0.688006639</Pitch>
				<Roll>-0.0319643319</Roll>
				<Yaw>-89.2217255</Yaw>
			</Attachment>
		</Attachment>
		<Attachment>
			<ModelHash>0x3ad2a96e</ModelHash>
			<Type>3</Type>
			<Dynamic>false</Dynamic>
			<FrozenPos>true</FrozenPos>
			<HashName>prop_rub_carpart_03</HashName>
			<InitialHandle>6933</InitialHandle>
			<ObjectProperties>
				<TextureVariation>0</TextureVariation>
			</ObjectProperties>
			<OpacityLevel>255</OpacityLevel>
			<LodDistance>16960</LodDistance>
			<IsVisible>true</IsVisible>
			<MaxHealth>1000</MaxHealth>
			<Health>1000</Health>
			<HasGravity>true</HasGravity>
			<IsOnFire>false</IsOnFire>
			<IsInvincible>false</IsInvincible>
			<IsBulletProof>false</IsBulletProof>
			<IsCollisionProof>false</IsCollisionProof>
			<IsExplosionProof>false</IsExplosionProof>
			<IsFireProof>false</IsFireProof>
			<IsMeleeProof>false</IsMeleeProof>
			<IsOnlyDamagedByPlayer>false</IsOnlyDamagedByPlayer>
			<PositionRotation>
				<X>1784.39758</X>
				<Y>3263.35352</Y>
				<Z>41.8186073</Z>
				<Pitch>6.9628377</Pitch>
				<Roll>0.867432237</Roll>
				<Yaw>-168.352707</Yaw>
			</PositionRotation>
			<Attachment isAttached="true">
				<AttachedTo>189703</AttachedTo>
				<BoneIndex>0</BoneIndex>
				<X>-0.864537895</X>
				<Y>0.0298979282</Y>
				<Z>0.0174103379</Z>
				<Pitch>5.68800545</Pitch>
				<Roll>-1.03196335</Roll>
				<Yaw>-268.512787</Yaw>
			</Attachment>
		</Attachment>
		<Attachment>
			<ModelHash>0xe2ba016f</ModelHash>
			<Type>3</Type>
			<Dynamic>false</Dynamic>
			<FrozenPos>true</FrozenPos>
			<HashName>prop_cs_katana_01</HashName>
			<InitialHandle>552983</InitialHandle>
			<ObjectProperties>
				<TextureVariation>0</TextureVariation>
			</ObjectProperties>
			<OpacityLevel>255</OpacityLevel>
			<LodDistance>16960</LodDistance>
			<IsVisible>true</IsVisible>
			<MaxHealth>1000</MaxHealth>
			<Health>1000</Health>
			<HasGravity>true</HasGravity>
			<IsOnFire>false</IsOnFire>
			<IsInvincible>false</IsInvincible>
			<IsBulletProof>false</IsBulletProof>
			<IsCollisionProof>false</IsCollisionProof>
			<IsExplosionProof>false</IsExplosionProof>
			<IsFireProof>false</IsFireProof>
			<IsMeleeProof>false</IsMeleeProof>
			<IsOnlyDamagedByPlayer>false</IsOnlyDamagedByPlayer>
			<PositionRotation>
				<X>1782.07239</X>
				<Y>3264.62891</Y>
				<Z>41.9714851</Z>
				<Pitch>1.84224904</Pitch>
				<Roll>91.9323502</Roll>
				<Yaw>-171.856033</Yaw>
			</PositionRotation>
			<Attachment isAttached="true">
				<AttachedTo>189703</AttachedTo>
				<BoneIndex>0</BoneIndex>
				<X>0.803975821</X>
				<Y>2.08066106</Y>
				<Z>0.274899185</Z>
				<Pitch>0.688009202</Pitch>
				<Roll>89.9679947</Roll>
				<Yaw>-272.182068</Yaw>
			</Attachment>
		</Attachment>
		<Attachment>
			<ModelHash>0xe2ba016f</ModelHash>
			<Type>3</Type>
			<Dynamic>false</Dynamic>
			<FrozenPos>true</FrozenPos>
			<HashName>prop_cs_katana_01</HashName>
			<InitialHandle>453655</InitialHandle>
			<ObjectProperties>
				<TextureVariation>0</TextureVariation>
			</ObjectProperties>
			<OpacityLevel>255</OpacityLevel>
			<LodDistance>16960</LodDistance>
			<IsVisible>true</IsVisible>
			<MaxHealth>1000</MaxHealth>
			<Health>1000</Health>
			<HasGravity>true</HasGravity>
			<IsOnFire>false</IsOnFire>
			<IsInvincible>false</IsInvincible>
			<IsBulletProof>false</IsBulletProof>
			<IsCollisionProof>false</IsCollisionProof>
			<IsExplosionProof>false</IsExplosionProof>
			<IsFireProof>false</IsFireProof>
			<IsMeleeProof>false</IsMeleeProof>
			<IsOnlyDamagedByPlayer>false</IsOnlyDamagedByPlayer>
			<PositionRotation>
				<X>1781.96021</X>
				<Y>3264.21289</Y>
				<Z>41.9640083</Z>
				<Pitch>1.84225261</Pitch>
				<Roll>91.9323578</Roll>
				<Yaw>-171.855927</Yaw>
			</PositionRotation>
			<Attachment isAttached="true">
				<AttachedTo>189703</AttachedTo>
				<BoneIndex>0</BoneIndex>
				<X>0.415197611</X>
				<Y>2.26616573</Y>
				<Z>0.265289515</Z>
				<Pitch>0.688006639</Pitch>
				<Roll>89.9679947</Roll>
				<Yaw>-272.181946</Yaw>
			</Attachment>
		</Attachment>
		<Attachment>
			<ModelHash>0xe2ba016f</ModelHash>
			<Type>3</Type>
			<Dynamic>false</Dynamic>
			<FrozenPos>true</FrozenPos>
			<HashName>prop_cs_katana_01</HashName>
			<InitialHandle>656151</InitialHandle>
			<ObjectProperties>
				<TextureVariation>0</TextureVariation>
			</ObjectProperties>
			<OpacityLevel>255</OpacityLevel>
			<LodDistance>16960</LodDistance>
			<IsVisible>true</IsVisible>
			<MaxHealth>1000</MaxHealth>
			<Health>1000</Health>
			<HasGravity>true</HasGravity>
			<IsOnFire>false</IsOnFire>
			<IsInvincible>false</IsInvincible>
			<IsBulletProof>false</IsBulletProof>
			<IsCollisionProof>false</IsCollisionProof>
			<IsExplosionProof>false</IsExplosionProof>
			<IsFireProof>false</IsFireProof>
			<IsMeleeProof>false</IsMeleeProof>
			<IsOnlyDamagedByPlayer>false</IsOnlyDamagedByPlayer>
			<PositionRotation>
				<X>1781.9978</X>
				<Y>3263.88623</Y>
				<Z>41.9702415</Z>
				<Pitch>1.95311153</Pitch>
				<Roll>91.8628616</Roll>
				<Yaw>-168.56459</Yaw>
			</PositionRotation>
			<Attachment isAttached="true">
				<AttachedTo>189703</AttachedTo>
				<BoneIndex>0</BoneIndex>
				<X>0.0870564356</X>
				<Y>2.28788066</Y>
				<Z>0.265210807</Z>
				<Pitch>0.688006222</Pitch>
				<Roll>89.9679947</Roll>
				<Yaw>-268.89032</Yaw>
			</Attachment>
		</Attachment>
		<Attachment>
			<ModelHash>0xe2ba016f</ModelHash>
			<Type>3</Type>
			<Dynamic>false</Dynamic>
			<FrozenPos>true</FrozenPos>
			<HashName>prop_cs_katana_01</HashName>
			<InitialHandle>18711</InitialHandle>
			<ObjectProperties>
				<TextureVariation>0</TextureVariation>
			</ObjectProperties>
			<OpacityLevel>255</OpacityLevel>
			<LodDistance>16960</LodDistance>
			<IsVisible>true</IsVisible>
			<MaxHealth>1000</MaxHealth>
			<Health>1000</Health>
			<HasGravity>true</HasGravity>
			<IsOnFire>false</IsOnFire>
			<IsInvincible>false</IsInvincible>
			<IsBulletProof>false</IsBulletProof>
			<IsCollisionProof>false</IsCollisionProof>
			<IsExplosionProof>false</IsExplosionProof>
			<IsFireProof>false</IsFireProof>
			<IsMeleeProof>false</IsMeleeProof>
			<IsOnlyDamagedByPlayer>false</IsOnlyDamagedByPlayer>
			<PositionRotation>
				<X>1782.09668</X>
				<Y>3263.55005</Y>
				<Z>41.9795837</Z>
				<Pitch>2.03769159</Pitch>
				<Roll>91.8035507</Roll>
				<Yaw>-165.96611</Yaw>
			</PositionRotation>
			<Attachment isAttached="true">
				<AttachedTo>189703</AttachedTo>
				<BoneIndex>0</BoneIndex>
				<X>-0.261591285</X>
				<Y>2.25096321</Y>
				<Z>0.265843362</Z>
				<Pitch>0.688007474</Pitch>
				<Roll>89.9679794</Roll>
				<Yaw>-266.29184</Yaw>
			</Attachment>
		</Attachment>
		<Attachment>
			<ModelHash>0xe2ba016f</ModelHash>
			<Type>3</Type>
			<Dynamic>false</Dynamic>
			<FrozenPos>true</FrozenPos>
			<HashName>prop_cs_katana_01</HashName>
			<InitialHandle>526359</InitialHandle>
			<ObjectProperties>
				<TextureVariation>0</TextureVariation>
			</ObjectProperties>
			<OpacityLevel>255</OpacityLevel>
			<LodDistance>16960</LodDistance>
			<IsVisible>true</IsVisible>
			<MaxHealth>1000</MaxHealth>
			<Health>1000</Health>
			<HasGravity>true</HasGravity>
			<IsOnFire>false</IsOnFire>
			<IsInvincible>false</IsInvincible>
			<IsBulletProof>false</IsBulletProof>
			<IsCollisionProof>false</IsCollisionProof>
			<IsExplosionProof>false</IsExplosionProof>
			<IsFireProof>false</IsFireProof>
			<IsMeleeProof>false</IsMeleeProof>
			<IsOnlyDamagedByPlayer>false</IsOnlyDamagedByPlayer>
			<PositionRotation>
				<X>1782.23584</X>
				<Y>3263.11475</Y>
				<Z>42.0418015</Z>
				<Pitch>2.08712339</Pitch>
				<Roll>91.7661514</Roll>
				<Yaw>-164.406769</Yaw>
			</PositionRotation>
			<Attachment isAttached="true">
				<AttachedTo>189703</AttachedTo>
				<BoneIndex>0</BoneIndex>
				<X>-0.716051042</X>
				<Y>2.19057989</Y>
				<Z>0.316336334</Z>
				<Pitch>0.688006222</Pitch>
				<Roll>89.9679794</Roll>
				<Yaw>-264.732605</Yaw>
			</Attachment>
		</Attachment>
		<Attachment>
			<ModelHash>0xb11eb1ed</ModelHash>
			<Type>3</Type>
			<Dynamic>false</Dynamic>
			<FrozenPos>true</FrozenPos>
			<HashName>prop_byard_pipe_01</HashName>
			<InitialHandle>727322</InitialHandle>
			<ObjectProperties>
				<TextureVariation>0</TextureVariation>
			</ObjectProperties>
			<OpacityLevel>255</OpacityLevel>
			<LodDistance>16960</LodDistance>
			<IsVisible>true</IsVisible>
			<MaxHealth>1000</MaxHealth>
			<Health>1000</Health>
			<HasGravity>true</HasGravity>
			<IsOnFire>false</IsOnFire>
			<IsInvincible>false</IsInvincible>
			<IsBulletProof>false</IsBulletProof>
			<IsCollisionProof>false</IsCollisionProof>
			<IsExplosionProof>false</IsExplosionProof>
			<IsFireProof>false</IsFireProof>
			<IsMeleeProof>false</IsMeleeProof>
			<IsOnlyDamagedByPlayer>false</IsOnlyDamagedByPlayer>
			<PositionRotation>
				<X>1782.96802</X>
				<Y>3264.44531</Y>
				<Z>42.5274353</Z>
				<Pitch>1.80880797</Pitch>
				<Roll>-2.05826068</Roll>
				<Yaw>-78.4140167</Yaw>
			</PositionRotation>
			<Attachment isAttached="true">
				<AttachedTo>189703</AttachedTo>
				<BoneIndex>0</BoneIndex>
				<X>0.450709432</X>
				<Y>1.21470368</Y>
				<Z>0.794704378</Z>
				<Pitch>-0.083035782</Pitch>
				<Roll>-0.789246559</Roll>
				<Yaw>-178.802521</Yaw>
			</Attachment>
		</Attachment>
	</SpoonerAttachments>
</Vehicle>
