<?xml version="1.0" encoding="ISO-8859-1"?>
<Vehicle menyoo_ver="0.9998766b">
	<ModelHash>0x7a61b330</ModelHash>
	<InitialHandle>134404</InitialHandle>
	<VehicleProperties>
		<Colours>
			<Primary>122</Primary>
			<Secondary>2</Secondary>
			<Pearl>0</Pearl>
			<Rim>156</Rim>
			<Mod1_a>0</Mod1_a>
			<Mod1_b>0</Mod1_b>
			<Mod1_c>0</Mod1_c>
			<Mod2_a>0</Mod2_a>
			<Mod2_b>0</Mod2_b>
			<IsPrimaryColourCustom>false</IsPrimaryColourCustom>
			<IsSecondaryColourCustom>false</IsSecondaryColourCustom>
			<tyreSmoke_R>255</tyreSmoke_R>
			<tyreSmoke_G>255</tyreSmoke_G>
			<tyreSmoke_B>255</tyreSmoke_B>
			<LrInterior>0</LrInterior>
			<LrDashboard>0</LrDashboard>
		</Colours>
		<Livery>-1</Livery>
		<NumberPlateText>67VOA411</NumberPlateText>
		<NumberPlateIndex>0</NumberPlateIndex>
		<WheelType>0</WheelType>
		<WheelsInvisible>false</WheelsInvisible>
		<EngineSoundName></EngineSoundName>
		<WindowTint>-1</WindowTint>
		<BulletProofTyres>false</BulletProofTyres>
		<DirtLevel>3</DirtLevel>
		<PaintFade>0.203921586</PaintFade>
		<RoofState>0</RoofState>
		<SirenActive>false</SirenActive>
		<EngineOn>true</EngineOn>
		<EngineHealth>1000</EngineHealth>
		<LightsOn>true</LightsOn>
		<IsRadioLoud>0</IsRadioLoud>
		<LockStatus>1</LockStatus>
		<Neons>
			<Left>false</Left>
			<Right>false</Right>
			<Front>false</Front>
			<Back>false</Back>
			<R>255</R>
			<G>0</G>
			<B>255</B>
		</Neons>
		<ModExtras>
			<_1>false</_1>
			<_2>false</_2>
			<_3>true</_3>
			<_4>false</_4>
			<_5>false</_5>
			<_6>false</_6>
			<_7>false</_7>
			<_10>true</_10>
			<_11>false</_11>
			<_12>false</_12>
		</ModExtras>
		<Mods>
			<_0>-1,0</_0>
			<_1>-1,0</_1>
			<_2>-1,0</_2>
			<_3>-1,0</_3>
			<_4>-1,0</_4>
			<_5>-1,0</_5>
			<_6>-1,0</_6>
			<_7>-1,0</_7>
			<_8>-1,0</_8>
			<_9>-1,0</_9>
			<_10>-1,0</_10>
			<_11>-1,0</_11>
			<_12>-1,0</_12>
			<_13>-1,0</_13>
			<_14>-1,0</_14>
			<_15>-1,0</_15>
			<_16>-1,0</_16>
			<_17>false</_17>
			<_18>false</_18>
			<_19>false</_19>
			<_20>false</_20>
			<_21>false</_21>
			<_22>false</_22>
			<_23>-1,0</_23>
			<_24>-1,0</_24>
			<_25>-1,0</_25>
			<_26>-1,0</_26>
			<_27>-1,0</_27>
			<_28>-1,0</_28>
			<_29>-1,0</_29>
			<_30>-1,0</_30>
			<_31>-1,0</_31>
			<_32>-1,0</_32>
			<_33>-1,0</_33>
			<_34>-1,0</_34>
			<_35>-1,0</_35>
			<_36>-1,0</_36>
			<_37>-1,0</_37>
			<_38>-1,0</_38>
			<_39>-1,0</_39>
			<_40>-1,0</_40>
			<_41>-1,0</_41>
			<_42>-1,0</_42>
			<_43>-1,0</_43>
			<_44>-1,0</_44>
			<_45>-1,0</_45>
			<_46>-1,0</_46>
			<_47>-1,0</_47>
			<_48>-1,0</_48>
		</Mods>
		<DoorsOpen>
			<BackLeftDoor>false</BackLeftDoor>
			<BackRightDoor>false</BackRightDoor>
			<FrontLeftDoor>false</FrontLeftDoor>
			<FrontRightDoor>false</FrontRightDoor>
			<Hood>false</Hood>
			<Trunk>false</Trunk>
			<Trunk2>false</Trunk2>
		</DoorsOpen>
		<DoorsBroken>
			<BackLeftDoor>false</BackLeftDoor>
			<BackRightDoor>false</BackRightDoor>
			<FrontLeftDoor>false</FrontLeftDoor>
			<FrontRightDoor>false</FrontRightDoor>
			<Hood>false</Hood>
			<Trunk>false</Trunk>
			<Trunk2>false</Trunk2>
		</DoorsBroken>
		<TyresBursted>
			<FrontLeft>false</FrontLeft>
			<FrontRight>false</FrontRight>
			<_2>false</_2>
			<_3>false</_3>
			<BackLeft>false</BackLeft>
			<BackRight>false</BackRight>
			<_6>false</_6>
			<_7>false</_7>
			<_8>false</_8>
		</TyresBursted>
		<RpmMultiplier>1</RpmMultiplier>
		<TorqueMultiplier>1</TorqueMultiplier>
		<MaxSpeed>36.9471779</MaxSpeed>
		<HeadlightIntensity>1</HeadlightIntensity>
	</VehicleProperties>
	<OpacityLevel>255</OpacityLevel>
	<LodDistance>750</LodDistance>
	<IsVisible>true</IsVisible>
	<IsDriverVisible>true</IsDriverVisible>
	<MaxHealth>1000</MaxHealth>
	<Health>1000</Health>
	<HasGravity>true</HasGravity>
	<IsOnFire>false</IsOnFire>
	<IsInvincible>false</IsInvincible>
	<IsBulletProof>false</IsBulletProof>
	<IsExplosionProof>false</IsExplosionProof>
	<IsFireProof>false</IsFireProof>
	<IsMeleeProof>false</IsMeleeProof>
	<IsOnlyDamagedByPlayer>false</IsOnlyDamagedByPlayer>
	<SpoonerAttachments SetAttachmentsPersistentAndAddToSpoonerDatabase="false" StartTaskSequencesOnLoad="true">
		<Attachment>
			<ModelHash>0xc9a375d8</ModelHash>
			<Type>3</Type>
			<Dynamic>false</Dynamic>
			<FrozenPos>true</FrozenPos>
			<HashName>prop_food_cb_soda_01</HashName>
			<InitialHandle>477192</InitialHandle>
			<ObjectProperties>
				<TextureVariation>0</TextureVariation>
			</ObjectProperties>
			<OpacityLevel>255</OpacityLevel>
			<LodDistance>16960</LodDistance>
			<IsVisible>true</IsVisible>
			<MaxHealth>1000</MaxHealth>
			<Health>1000</Health>
			<HasGravity>true</HasGravity>
			<IsOnFire>false</IsOnFire>
			<IsInvincible>false</IsInvincible>
			<IsBulletProof>false</IsBulletProof>
			<IsCollisionProof>false</IsCollisionProof>
			<IsExplosionProof>false</IsExplosionProof>
			<IsFireProof>false</IsFireProof>
			<IsMeleeProof>false</IsMeleeProof>
			<IsOnlyDamagedByPlayer>false</IsOnlyDamagedByPlayer>
			<PositionRotation>
				<X>1042.85657</X>
				<Y>-2403.87427</Y>
				<Z>30.6744785</Z>
				<Pitch>-0.0078649288</Pitch>
				<Roll>-2.13237715</Roll>
				<Yaw>88.9508514</Yaw>
			</PositionRotation>
			<Attachment isAttached="true">
				<AttachedTo>134404</AttachedTo>
				<BoneIndex>0</BoneIndex>
				<X>-0.90999949</X>
				<Y>-3.30999827</Y>
				<Z>1</Z>
				<Pitch>0</Pitch>
				<Roll>0</Roll>
				<Yaw>92.9999924</Yaw>
			</Attachment>
		</Attachment>
		<Attachment>
			<ModelHash>0x426a547c</ModelHash>
			<Type>3</Type>
			<Dynamic>false</Dynamic>
			<FrozenPos>true</FrozenPos>
			<HashName>prop_vend_soda_02</HashName>
			<InitialHandle>142601</InitialHandle>
			<ObjectProperties>
				<TextureVariation>0</TextureVariation>
			</ObjectProperties>
			<OpacityLevel>255</OpacityLevel>
			<LodDistance>16960</LodDistance>
			<IsVisible>true</IsVisible>
			<MaxHealth>1000</MaxHealth>
			<Health>1000</Health>
			<HasGravity>true</HasGravity>
			<IsOnFire>false</IsOnFire>
			<IsInvincible>false</IsInvincible>
			<IsBulletProof>false</IsBulletProof>
			<IsCollisionProof>false</IsCollisionProof>
			<IsExplosionProof>false</IsExplosionProof>
			<IsFireProof>false</IsFireProof>
			<IsMeleeProof>false</IsMeleeProof>
			<IsOnlyDamagedByPlayer>false</IsOnlyDamagedByPlayer>
			<PositionRotation>
				<X>1043.35046</X>
				<Y>-2400.86377</Y>
				<Z>30.7869511</Z>
				<Pitch>0.103720441</Pitch>
				<Roll>-2.12986851</Roll>
				<Yaw>85.952919</Yaw>
			</PositionRotation>
			<Attachment isAttached="true">
				<AttachedTo>134404</AttachedTo>
				<BoneIndex>0</BoneIndex>
				<X>-0.629999638</X>
				<Y>-0.270000011</Y>
				<Z>0.999999404</Z>
				<Pitch>0</Pitch>
				<Roll>0</Roll>
				<Yaw>89.9999924</Yaw>
			</Attachment>
		</Attachment>
		<Attachment>
			<ModelHash>0x3b21c5e7</ModelHash>
			<Type>3</Type>
			<Dynamic>false</Dynamic>
			<FrozenPos>true</FrozenPos>
			<HashName>prop_vend_soda_01</HashName>
			<InitialHandle>782856</InitialHandle>
			<ObjectProperties>
				<TextureVariation>0</TextureVariation>
			</ObjectProperties>
			<OpacityLevel>255</OpacityLevel>
			<LodDistance>16960</LodDistance>
			<IsVisible>true</IsVisible>
			<MaxHealth>1000</MaxHealth>
			<Health>1000</Health>
			<HasGravity>true</HasGravity>
			<IsOnFire>false</IsOnFire>
			<IsInvincible>false</IsInvincible>
			<IsBulletProof>false</IsBulletProof>
			<IsCollisionProof>false</IsCollisionProof>
			<IsExplosionProof>false</IsExplosionProof>
			<IsFireProof>false</IsFireProof>
			<IsMeleeProof>false</IsMeleeProof>
			<IsOnlyDamagedByPlayer>false</IsOnlyDamagedByPlayer>
			<PositionRotation>
				<X>1044.69617</X>
				<Y>-2400.68848</Y>
				<Z>30.7945786</Z>
				<Pitch>0.836163223</Pitch>
				<Roll>2.1163106</Roll>
				<Yaw>-98.3847427</Yaw>
			</PositionRotation>
			<Attachment isAttached="true">
				<AttachedTo>134404</AttachedTo>
				<BoneIndex>0</BoneIndex>
				<X>0.699999928</X>
				<Y>0</Y>
				<Z>1</Z>
				<Pitch>1.0999999</Pitch>
				<Roll>0</Roll>
				<Yaw>-94.2999954</Yaw>
			</Attachment>
		</Attachment>
		<Attachment>
			<ModelHash>0xae0f2f34</ModelHash>
			<Type>3</Type>
			<Dynamic>false</Dynamic>
			<FrozenPos>true</FrozenPos>
			<HashName>hei_prop_carrier_crate_01a_s</HashName>
			<InitialHandle>507155</InitialHandle>
			<ObjectProperties>
				<TextureVariation>0</TextureVariation>
			</ObjectProperties>
			<OpacityLevel>255</OpacityLevel>
			<LodDistance>16960</LodDistance>
			<IsVisible>true</IsVisible>
			<MaxHealth>1000</MaxHealth>
			<Health>1000</Health>
			<HasGravity>true</HasGravity>
			<IsOnFire>false</IsOnFire>
			<IsInvincible>false</IsInvincible>
			<IsBulletProof>false</IsBulletProof>
			<IsCollisionProof>false</IsCollisionProof>
			<IsExplosionProof>false</IsExplosionProof>
			<IsFireProof>false</IsFireProof>
			<IsMeleeProof>false</IsMeleeProof>
			<IsOnlyDamagedByPlayer>false</IsOnlyDamagedByPlayer>
			<PositionRotation>
				<X>1044.47742</X>
				<Y>-2404.74341</Y>
				<Z>29.6527615</Z>
				<Pitch>0.0293428842</Pitch>
				<Roll>-2.13218951</Roll>
				<Yaw>87.9515457</Yaw>
			</PositionRotation>
			<Attachment isAttached="true">
				<AttachedTo>134404</AttachedTo>
				<BoneIndex>-1</BoneIndex>
				<X>0.769999623</X>
				<Y>-4.09999609</Y>
				<Z>0.0100000016</Z>
				<Pitch>0</Pitch>
				<Roll>0</Roll>
				<Yaw>92</Yaw>
			</Attachment>
		</Attachment>
	</SpoonerAttachments>
</Vehicle>
