<?xml version="1.0"?>
<Vehicle menyoo_ver="0.9998751b">
	<ModelHash>0xf7004c86</ModelHash>
	<InitialHandle>40214</InitialHandle>
	<VehicleProperties>
		<Colours>
			<Primary>134</Primary>
			<Secondary>134</Secondary>
			<Pearl>134</Pearl>
			<Rim>156</Rim>
			<Mod1_a>994221984</Mod1_a>
			<Mod1_b>32764</Mod1_b>
			<Mod1_c>0</Mod1_c>
			<Mod2_a>0</Mod2_a>
			<Mod2_b>1227227136</Mod2_b>
			<IsPrimaryColourCustom>false</IsPrimaryColourCustom>
			<IsSecondaryColourCustom>false</IsSecondaryColourCustom>
			<tyreSmoke_R>255</tyreSmoke_R>
			<tyreSmoke_G>255</tyreSmoke_G>
			<tyreSmoke_B>255</tyreSmoke_B>
			<LrInterior>0</LrInterior>
			<LrDashboard>0</LrDashboard>
		</Colours>
		<Livery>-1</Livery>
		<NumberPlateText>03DTG734</NumberPlateText>
		<NumberPlateIndex>4</NumberPlateIndex>
		<WheelType>0</WheelType>
		<WheelsInvisible>false</WheelsInvisible>
		<EngineSoundName />
		<WindowTint>-1</WindowTint>
		<BulletProofTyres>true</BulletProofTyres>
		<DirtLevel>9.92727146e-05</DirtLevel>
		<PaintFade>0.298039228</PaintFade>
		<RoofState>0</RoofState>
		<SirenActive>false</SirenActive>
		<EngineOn>true</EngineOn>
		<EngineHealth>1000</EngineHealth>
		<LightsOn>true</LightsOn>
		<IsRadioLoud>0</IsRadioLoud>
		<LockStatus>1</LockStatus>
		<Neons>
			<Left>false</Left>
			<Right>false</Right>
			<Front>false</Front>
			<Back>false</Back>
			<R>255</R>
			<G>0</G>
			<B>255</B>
		</Neons>
		<ModExtras>
			<_1>true</_1>
			<_2>true</_2>
			<_3>true</_3>
			<_4>true</_4>
			<_5>true</_5>
			<_6>true</_6>
			<_7>true</_7>
			<_8>true</_8>
			<_9>true</_9>
			<_10>true</_10>
			<_12>true</_12>
			<_13>true</_13>
		</ModExtras>
		<Mods>
			<_0>-1,0</_0>
			<_1>-1,0</_1>
			<_2>-1,0</_2>
			<_3>-1,0</_3>
			<_4>-1,0</_4>
			<_5>-1,0</_5>
			<_6>-1,0</_6>
			<_7>-1,0</_7>
			<_8>-1,0</_8>
			<_9>-1,0</_9>
			<_10>-1,0</_10>
			<_11>-1,0</_11>
			<_12>-1,0</_12>
			<_13>-1,0</_13>
			<_14>-1,0</_14>
			<_15>-1,0</_15>
			<_16>-1,0</_16>
			<_17>false</_17>
			<_18>false</_18>
			<_19>false</_19>
			<_20>false</_20>
			<_21>false</_21>
			<_22>false</_22>
			<_23>-1,0</_23>
			<_24>-1,0</_24>
			<_25>-1,0</_25>
			<_26>-1,0</_26>
			<_27>-1,0</_27>
			<_28>-1,0</_28>
			<_29>-1,0</_29>
			<_30>-1,0</_30>
			<_31>-1,0</_31>
			<_32>-1,0</_32>
			<_33>-1,0</_33>
			<_34>-1,0</_34>
			<_35>-1,0</_35>
			<_36>-1,0</_36>
			<_37>-1,0</_37>
			<_38>-1,0</_38>
			<_39>-1,0</_39>
			<_40>-1,0</_40>
			<_41>-1,0</_41>
			<_42>-1,0</_42>
			<_43>-1,0</_43>
			<_44>-1,0</_44>
			<_45>-1,0</_45>
			<_46>-1,0</_46>
			<_47>-1,0</_47>
			<_48>-1,0</_48>
		</Mods>
		<DoorsOpen>
			<BackLeftDoor>false</BackLeftDoor>
			<BackRightDoor>false</BackRightDoor>
			<FrontLeftDoor>false</FrontLeftDoor>
			<FrontRightDoor>false</FrontRightDoor>
			<Hood>false</Hood>
			<Trunk>false</Trunk>
			<Trunk2>false</Trunk2>
		</DoorsOpen>
		<DoorsBroken>
			<BackLeftDoor>false</BackLeftDoor>
			<BackRightDoor>false</BackRightDoor>
			<FrontLeftDoor>false</FrontLeftDoor>
			<FrontRightDoor>false</FrontRightDoor>
			<Hood>false</Hood>
			<Trunk>false</Trunk>
			<Trunk2>false</Trunk2>
		</DoorsBroken>
		<TyresBursted>
			<FrontLeft>false</FrontLeft>
			<FrontRight>false</FrontRight>
			<_2>false</_2>
			<_3>false</_3>
			<BackLeft>false</BackLeft>
			<BackRight>false</BackRight>
			<_6>false</_6>
			<_7>false</_7>
			<_8>false</_8>
		</TyresBursted>
	</VehicleProperties>
	<OpacityLevel>255</OpacityLevel>
	<LodDistance>16960</LodDistance>
	<IsVisible>false</IsVisible>
	<IsDriverVisible>true</IsDriverVisible>
	<MaxHealth>1000</MaxHealth>
	<Health>1000</Health>
	<HasGravity>true</HasGravity>
	<IsOnFire>false</IsOnFire>
	<IsInvincible>true</IsInvincible>
	<IsBulletProof>true</IsBulletProof>
	<IsExplosionProof>true</IsExplosionProof>
	<IsFireProof>false</IsFireProof>
	<IsMeleeProof>true</IsMeleeProof>
	<IsOnlyDamagedByPlayer>false</IsOnlyDamagedByPlayer>
	<SpoonerAttachments SetAttachmentsPersistentAndAddToSpoonerDatabase="true" StartTaskSequencesOnLoad="true">
		<Attachment>
			<ModelHash>0x5f911f1d</ModelHash>
			<Type>3</Type>
			<Dynamic>false</Dynamic>
			<FrozenPos>true</FrozenPos>
			<HashName>stt_prop_stunt_tube_fork</HashName>
			<InitialHandle>56140</InitialHandle>
			<ObjectProperties>
				<TextureVariation>0</TextureVariation>
			</ObjectProperties>
			<OpacityLevel>255</OpacityLevel>
			<LodDistance>16960</LodDistance>
			<IsVisible>true</IsVisible>
			<MaxHealth>1000</MaxHealth>
			<Health>1000</Health>
			<HasGravity>true</HasGravity>
			<IsOnFire>false</IsOnFire>
			<IsInvincible>true</IsInvincible>
			<IsBulletProof>false</IsBulletProof>
			<IsCollisionProof>false</IsCollisionProof>
			<IsExplosionProof>true</IsExplosionProof>
			<IsFireProof>false</IsFireProof>
			<IsMeleeProof>true</IsMeleeProof>
			<IsOnlyDamagedByPlayer>false</IsOnlyDamagedByPlayer>
			<PositionRotation>
				<X>-959.142151</X>
				<Y>-3472.23755</Y>
				<Z>24.3849258</Z>
				<Pitch>-0.00830362365</Pitch>
				<Roll>0.0560983159</Roll>
				<Yaw>-66.4832993</Yaw>
			</PositionRotation>
			<Attachment isAttached="true">
				<AttachedTo>40214</AttachedTo>
				<BoneIndex>0</BoneIndex>
				<X>0</X>
				<Y>-41.9999962</Y>
				<Z>7.99999905</Z>
				<Pitch>0</Pitch>
				<Roll>0</Roll>
				<Yaw>-89.9999924</Yaw>
			</Attachment>
		</Attachment>
		<Attachment>
			<ModelHash>0xfd3a1616</ModelHash>
			<Type>3</Type>
			<Dynamic>false</Dynamic>
			<FrozenPos>true</FrozenPos>
			<HashName>bkr_prop_biker_tube_xs</HashName>
			<InitialHandle>7760</InitialHandle>
			<ObjectProperties>
				<TextureVariation>0</TextureVariation>
			</ObjectProperties>
			<OpacityLevel>255</OpacityLevel>
			<LodDistance>16960</LodDistance>
			<IsVisible>true</IsVisible>
			<MaxHealth>1000</MaxHealth>
			<Health>1000</Health>
			<HasGravity>true</HasGravity>
			<IsOnFire>false</IsOnFire>
			<IsInvincible>true</IsInvincible>
			<IsBulletProof>false</IsBulletProof>
			<IsCollisionProof>false</IsCollisionProof>
			<IsExplosionProof>true</IsExplosionProof>
			<IsFireProof>false</IsFireProof>
			<IsMeleeProof>true</IsMeleeProof>
			<IsOnlyDamagedByPlayer>false</IsOnlyDamagedByPlayer>
			<PositionRotation>
				<X>-978.294922</X>
				<Y>-3428.22437</Y>
				<Z>24.4319229</Z>
				<Pitch>0.00830365159</Pitch>
				<Roll>-0.0560983084</Roll>
				<Yaw>113.516663</Yaw>
			</PositionRotation>
			<Attachment isAttached="true">
				<AttachedTo>40214</AttachedTo>
				<BoneIndex>0</BoneIndex>
				<X>0</X>
				<Y>5.99999952</Y>
				<Z>7.99999952</Z>
				<Pitch>0</Pitch>
				<Roll>0</Roll>
				<Yaw>89.9999924</Yaw>
			</Attachment>
		</Attachment>
		<Attachment>
			<ModelHash>0x2e72d572</ModelHash>
			<Type>3</Type>
			<Dynamic>false</Dynamic>
			<FrozenPos>true</FrozenPos>
			<HashName>stt_prop_stunt_tube_end</HashName>
			<InitialHandle>157516</InitialHandle>
			<ObjectProperties>
				<TextureVariation>0</TextureVariation>
			</ObjectProperties>
			<OpacityLevel>255</OpacityLevel>
			<LodDistance>16960</LodDistance>
			<IsVisible>true</IsVisible>
			<MaxHealth>1000</MaxHealth>
			<Health>1000</Health>
			<HasGravity>true</HasGravity>
			<IsOnFire>false</IsOnFire>
			<IsInvincible>true</IsInvincible>
			<IsBulletProof>false</IsBulletProof>
			<IsCollisionProof>false</IsCollisionProof>
			<IsExplosionProof>true</IsExplosionProof>
			<IsFireProof>false</IsFireProof>
			<IsMeleeProof>true</IsMeleeProof>
			<IsOnlyDamagedByPlayer>false</IsOnlyDamagedByPlayer>
			<PositionRotation>
				<X>-965.756348</X>
				<Y>-3487.11206</Y>
				<Z>24.3758945</Z>
				<Pitch>-0.0179188401</Pitch>
				<Roll>0.0538041443</Roll>
				<Yaw>-76.483284</Yaw>
			</PositionRotation>
			<Attachment isAttached="true">
				<AttachedTo>40214</AttachedTo>
				<BoneIndex>0</BoneIndex>
				<X>-11.9999981</X>
				<Y>-52.9999962</Y>
				<Z>7.99999952</Z>
				<Pitch>0</Pitch>
				<Roll>0</Roll>
				<Yaw>-99.9999924</Yaw>
			</Attachment>
		</Attachment>
		<Attachment>
			<ModelHash>0x2e72d572</ModelHash>
			<Type>3</Type>
			<Dynamic>false</Dynamic>
			<FrozenPos>true</FrozenPos>
			<HashName>stt_prop_stunt_tube_end</HashName>
			<InitialHandle>15998</InitialHandle>
			<ObjectProperties>
				<TextureVariation>0</TextureVariation>
			</ObjectProperties>
			<OpacityLevel>255</OpacityLevel>
			<LodDistance>16960</LodDistance>
			<IsVisible>true</IsVisible>
			<MaxHealth>1000</MaxHealth>
			<Health>1000</Health>
			<HasGravity>true</HasGravity>
			<IsOnFire>false</IsOnFire>
			<IsInvincible>true</IsInvincible>
			<IsBulletProof>false</IsBulletProof>
			<IsCollisionProof>false</IsCollisionProof>
			<IsExplosionProof>true</IsExplosionProof>
			<IsFireProof>false</IsFireProof>
			<IsMeleeProof>true</IsMeleeProof>
			<IsOnlyDamagedByPlayer>false</IsOnlyDamagedByPlayer>
			<PositionRotation>
				<X>-965.756348</X>
				<Y>-3487.11206</Y>
				<Z>24.3758945</Z>
				<Pitch>0.0133158034</Pitch>
				<Roll>0.0551240444</Roll>
				<Yaw>-44.4833145</Yaw>
			</PositionRotation>
			<Attachment isAttached="true">
				<AttachedTo>40214</AttachedTo>
				<BoneIndex>0</BoneIndex>
				<X>-11.9999981</X>
				<Y>-52.9999962</Y>
				<Z>7.99999952</Z>
				<Pitch>0</Pitch>
				<Roll>0</Roll>
				<Yaw>-67.9999924</Yaw>
			</Attachment>
		</Attachment>
		<Attachment>
			<ModelHash>0x2e72d572</ModelHash>
			<Type>3</Type>
			<Dynamic>false</Dynamic>
			<FrozenPos>true</FrozenPos>
			<HashName>stt_prop_stunt_tube_end</HashName>
			<InitialHandle>164714</InitialHandle>
			<ObjectProperties>
				<TextureVariation>0</TextureVariation>
			</ObjectProperties>
			<OpacityLevel>255</OpacityLevel>
			<LodDistance>16960</LodDistance>
			<IsVisible>true</IsVisible>
			<MaxHealth>1000</MaxHealth>
			<Health>1000</Health>
			<HasGravity>true</HasGravity>
			<IsOnFire>false</IsOnFire>
			<IsInvincible>true</IsInvincible>
			<IsBulletProof>false</IsBulletProof>
			<IsCollisionProof>false</IsCollisionProof>
			<IsExplosionProof>true</IsExplosionProof>
			<IsFireProof>false</IsFireProof>
			<IsMeleeProof>true</IsMeleeProof>
			<IsOnlyDamagedByPlayer>false</IsOnlyDamagedByPlayer>
			<PositionRotation>
				<X>-965.756348</X>
				<Y>-3487.11206</Y>
				<Z>24.3758945</Z>
				<Pitch>0.0398048647</Pitch>
				<Roll>0.0403923839</Roll>
				<Yaw>-13.4833126</Yaw>
			</PositionRotation>
			<Attachment isAttached="true">
				<AttachedTo>40214</AttachedTo>
				<BoneIndex>0</BoneIndex>
				<X>-11.9999981</X>
				<Y>-52.9999962</Y>
				<Z>7.99999952</Z>
				<Pitch>0</Pitch>
				<Roll>0</Roll>
				<Yaw>-36.9999924</Yaw>
			</Attachment>
		</Attachment>
		<Attachment>
			<ModelHash>0x2e72d572</ModelHash>
			<Type>3</Type>
			<Dynamic>false</Dynamic>
			<FrozenPos>true</FrozenPos>
			<HashName>stt_prop_stunt_tube_end</HashName>
			<InitialHandle>85023</InitialHandle>
			<ObjectProperties>
				<TextureVariation>0</TextureVariation>
			</ObjectProperties>
			<OpacityLevel>255</OpacityLevel>
			<LodDistance>16960</LodDistance>
			<IsVisible>true</IsVisible>
			<MaxHealth>1000</MaxHealth>
			<Health>1000</Health>
			<HasGravity>true</HasGravity>
			<IsOnFire>false</IsOnFire>
			<IsInvincible>true</IsInvincible>
			<IsBulletProof>false</IsBulletProof>
			<IsCollisionProof>false</IsCollisionProof>
			<IsExplosionProof>true</IsExplosionProof>
			<IsFireProof>false</IsFireProof>
			<IsMeleeProof>true</IsMeleeProof>
			<IsOnlyDamagedByPlayer>false</IsOnlyDamagedByPlayer>
			<PositionRotation>
				<X>-965.756348</X>
				<Y>-3487.11206</Y>
				<Z>24.3758945</Z>
				<Pitch>0.0546682104</Pitch>
				<Roll>0.0150784058</Roll>
				<Yaw>16.5166893</Yaw>
			</PositionRotation>
			<Attachment isAttached="true">
				<AttachedTo>40214</AttachedTo>
				<BoneIndex>0</BoneIndex>
				<X>-11.9999981</X>
				<Y>-52.9999962</Y>
				<Z>7.99999952</Z>
				<Pitch>0</Pitch>
				<Roll>0</Roll>
				<Yaw>-6.99999237</Yaw>
			</Attachment>
		</Attachment>
		<Attachment>
			<ModelHash>0x2e72d572</ModelHash>
			<Type>3</Type>
			<Dynamic>false</Dynamic>
			<FrozenPos>true</FrozenPos>
			<HashName>stt_prop_stunt_tube_end</HashName>
			<InitialHandle>131093</InitialHandle>
			<ObjectProperties>
				<TextureVariation>0</TextureVariation>
			</ObjectProperties>
			<OpacityLevel>255</OpacityLevel>
			<LodDistance>16960</LodDistance>
			<IsVisible>true</IsVisible>
			<MaxHealth>1000</MaxHealth>
			<Health>1000</Health>
			<HasGravity>true</HasGravity>
			<IsOnFire>false</IsOnFire>
			<IsInvincible>true</IsInvincible>
			<IsBulletProof>false</IsBulletProof>
			<IsCollisionProof>false</IsCollisionProof>
			<IsExplosionProof>true</IsExplosionProof>
			<IsFireProof>false</IsFireProof>
			<IsMeleeProof>true</IsMeleeProof>
			<IsOnlyDamagedByPlayer>false</IsOnlyDamagedByPlayer>
			<PositionRotation>
				<X>-965.756348</X>
				<Y>-3487.11206</Y>
				<Z>24.3758945</Z>
				<Pitch>0.056687966</Pitch>
				<Roll>-0.00156389188</Roll>
				<Yaw>33.5166931</Yaw>
			</PositionRotation>
			<Attachment isAttached="true">
				<AttachedTo>40214</AttachedTo>
				<BoneIndex>0</BoneIndex>
				<X>-11.9999981</X>
				<Y>-52.9999962</Y>
				<Z>7.99999952</Z>
				<Pitch>0</Pitch>
				<Roll>0</Roll>
				<Yaw>10.0000067</Yaw>
			</Attachment>
		</Attachment>
		<Attachment>
			<ModelHash>0x2e72d572</ModelHash>
			<Type>3</Type>
			<Dynamic>false</Dynamic>
			<FrozenPos>true</FrozenPos>
			<HashName>stt_prop_stunt_tube_end</HashName>
			<InitialHandle>28970</InitialHandle>
			<ObjectProperties>
				<TextureVariation>0</TextureVariation>
			</ObjectProperties>
			<OpacityLevel>255</OpacityLevel>
			<LodDistance>16960</LodDistance>
			<IsVisible>true</IsVisible>
			<MaxHealth>1000</MaxHealth>
			<Health>1000</Health>
			<HasGravity>true</HasGravity>
			<IsOnFire>false</IsOnFire>
			<IsInvincible>true</IsInvincible>
			<IsBulletProof>false</IsBulletProof>
			<IsCollisionProof>false</IsCollisionProof>
			<IsExplosionProof>true</IsExplosionProof>
			<IsFireProof>false</IsFireProof>
			<IsMeleeProof>true</IsMeleeProof>
			<IsOnlyDamagedByPlayer>false</IsOnlyDamagedByPlayer>
			<PositionRotation>
				<X>-943.749634</X>
				<Y>-3477.53589</Y>
				<Z>24.3724174</Z>
				<Pitch>-0.000415435905</Pitch>
				<Roll>0.0567080155</Roll>
				<Yaw>-58.4832916</Yaw>
			</PositionRotation>
			<Attachment isAttached="true">
				<AttachedTo>40214</AttachedTo>
				<BoneIndex>0</BoneIndex>
				<X>12</X>
				<Y>-53.0000114</Y>
				<Z>7.99999905</Z>
				<Pitch>0</Pitch>
				<Roll>0</Roll>
				<Yaw>-81.9999924</Yaw>
			</Attachment>
		</Attachment>
		<Attachment>
			<ModelHash>0x2e72d572</ModelHash>
			<Type>3</Type>
			<Dynamic>false</Dynamic>
			<FrozenPos>true</FrozenPos>
			<HashName>stt_prop_stunt_tube_end</HashName>
			<InitialHandle>29236</InitialHandle>
			<ObjectProperties>
				<TextureVariation>0</TextureVariation>
			</ObjectProperties>
			<OpacityLevel>255</OpacityLevel>
			<LodDistance>16960</LodDistance>
			<IsVisible>true</IsVisible>
			<MaxHealth>1000</MaxHealth>
			<Health>1000</Health>
			<HasGravity>true</HasGravity>
			<IsOnFire>false</IsOnFire>
			<IsInvincible>true</IsInvincible>
			<IsBulletProof>false</IsBulletProof>
			<IsCollisionProof>false</IsCollisionProof>
			<IsExplosionProof>true</IsExplosionProof>
			<IsFireProof>false</IsFireProof>
			<IsMeleeProof>true</IsMeleeProof>
			<IsOnlyDamagedByPlayer>false</IsOnlyDamagedByPlayer>
			<PositionRotation>
				<X>-943.749634</X>
				<Y>-3477.53589</Y>
				<Z>24.3724174</Z>
				<Pitch>-0.0304029714</Pitch>
				<Roll>0.0478709787</Roll>
				<Yaw>-90.4832764</Yaw>
			</PositionRotation>
			<Attachment isAttached="true">
				<AttachedTo>40214</AttachedTo>
				<BoneIndex>0</BoneIndex>
				<X>12</X>
				<Y>-53.0000114</Y>
				<Z>7.99999905</Z>
				<Pitch>0</Pitch>
				<Roll>0</Roll>
				<Yaw>-113.999992</Yaw>
			</Attachment>
		</Attachment>
		<Attachment>
			<ModelHash>0x2e72d572</ModelHash>
			<Type>3</Type>
			<Dynamic>false</Dynamic>
			<FrozenPos>true</FrozenPos>
			<HashName>stt_prop_stunt_tube_end</HashName>
			<InitialHandle>83281</InitialHandle>
			<ObjectProperties>
				<TextureVariation>0</TextureVariation>
			</ObjectProperties>
			<OpacityLevel>255</OpacityLevel>
			<LodDistance>16960</LodDistance>
			<IsVisible>true</IsVisible>
			<MaxHealth>1000</MaxHealth>
			<Health>1000</Health>
			<HasGravity>true</HasGravity>
			<IsOnFire>false</IsOnFire>
			<IsInvincible>true</IsInvincible>
			<IsBulletProof>false</IsBulletProof>
			<IsCollisionProof>false</IsCollisionProof>
			<IsExplosionProof>true</IsExplosionProof>
			<IsFireProof>false</IsFireProof>
			<IsMeleeProof>true</IsMeleeProof>
			<IsOnlyDamagedByPlayer>false</IsOnlyDamagedByPlayer>
			<PositionRotation>
				<X>-943.749634</X>
				<Y>-3477.53589</Y>
				<Z>24.3724174</Z>
				<Pitch>-0.0511509441</Pitch>
				<Roll>0.0244857706</Roll>
				<Yaw>-122.483276</Yaw>
			</PositionRotation>
			<Attachment isAttached="true">
				<AttachedTo>40214</AttachedTo>
				<BoneIndex>0</BoneIndex>
				<X>12</X>
				<Y>-53.0000114</Y>
				<Z>7.99999905</Z>
				<Pitch>0</Pitch>
				<Roll>0</Roll>
				<Yaw>-145.999985</Yaw>
			</Attachment>
		</Attachment>
		<Attachment>
			<ModelHash>0x2e72d572</ModelHash>
			<Type>3</Type>
			<Dynamic>false</Dynamic>
			<FrozenPos>true</FrozenPos>
			<HashName>stt_prop_stunt_tube_end</HashName>
			<InitialHandle>44332</InitialHandle>
			<ObjectProperties>
				<TextureVariation>0</TextureVariation>
			</ObjectProperties>
			<OpacityLevel>255</OpacityLevel>
			<LodDistance>16960</LodDistance>
			<IsVisible>true</IsVisible>
			<MaxHealth>1000</MaxHealth>
			<Health>1000</Health>
			<HasGravity>true</HasGravity>
			<IsOnFire>false</IsOnFire>
			<IsInvincible>true</IsInvincible>
			<IsBulletProof>false</IsBulletProof>
			<IsCollisionProof>false</IsCollisionProof>
			<IsExplosionProof>true</IsExplosionProof>
			<IsFireProof>false</IsFireProof>
			<IsMeleeProof>true</IsMeleeProof>
			<IsOnlyDamagedByPlayer>false</IsOnlyDamagedByPlayer>
			<PositionRotation>
				<X>-943.749634</X>
				<Y>-3477.53589</Y>
				<Z>24.3724174</Z>
				<Pitch>-0.0566589721</Pitch>
				<Roll>-0.0023942613</Roll>
				<Yaw>-150.483292</Yaw>
			</PositionRotation>
			<Attachment isAttached="true">
				<AttachedTo>40214</AttachedTo>
				<BoneIndex>0</BoneIndex>
				<X>12</X>
				<Y>-53.0000114</Y>
				<Z>7.99999905</Z>
				<Pitch>0</Pitch>
				<Roll>0</Roll>
				<Yaw>-173.999985</Yaw>
			</Attachment>
		</Attachment>
		<Attachment>
			<ModelHash>0x2e72d572</ModelHash>
			<Type>3</Type>
			<Dynamic>false</Dynamic>
			<FrozenPos>true</FrozenPos>
			<HashName>stt_prop_stunt_tube_end</HashName>
			<InitialHandle>64372</InitialHandle>
			<ObjectProperties>
				<TextureVariation>0</TextureVariation>
			</ObjectProperties>
			<OpacityLevel>255</OpacityLevel>
			<LodDistance>16960</LodDistance>
			<IsVisible>true</IsVisible>
			<MaxHealth>1000</MaxHealth>
			<Health>1000</Health>
			<HasGravity>true</HasGravity>
			<IsOnFire>false</IsOnFire>
			<IsInvincible>true</IsInvincible>
			<IsBulletProof>false</IsBulletProof>
			<IsCollisionProof>false</IsCollisionProof>
			<IsExplosionProof>true</IsExplosionProof>
			<IsFireProof>false</IsFireProof>
			<IsMeleeProof>true</IsMeleeProof>
			<IsOnlyDamagedByPlayer>false</IsOnlyDamagedByPlayer>
			<PositionRotation>
				<X>-943.749634</X>
				<Y>-3477.53589</Y>
				<Z>24.3724174</Z>
				<Pitch>-0.0531460159</Pitch>
				<Roll>-0.0197856631</Roll>
				<Yaw>-168.483292</Yaw>
			</PositionRotation>
			<Attachment isAttached="true">
				<AttachedTo>40214</AttachedTo>
				<BoneIndex>0</BoneIndex>
				<X>12</X>
				<Y>-53.0000114</Y>
				<Z>7.99999905</Z>
				<Pitch>0</Pitch>
				<Roll>0</Roll>
				<Yaw>168.000015</Yaw>
			</Attachment>
		</Attachment>
		<Attachment>
			<ModelHash>0x2e72d572</ModelHash>
			<Type>3</Type>
			<Dynamic>false</Dynamic>
			<FrozenPos>true</FrozenPos>
			<HashName>stt_prop_stunt_tube_end</HashName>
			<InitialHandle>67450</InitialHandle>
			<ObjectProperties>
				<TextureVariation>0</TextureVariation>
			</ObjectProperties>
			<OpacityLevel>255</OpacityLevel>
			<LodDistance>16960</LodDistance>
			<IsVisible>true</IsVisible>
			<MaxHealth>1000</MaxHealth>
			<Health>1000</Health>
			<HasGravity>true</HasGravity>
			<IsOnFire>false</IsOnFire>
			<IsInvincible>true</IsInvincible>
			<IsBulletProof>false</IsBulletProof>
			<IsCollisionProof>false</IsCollisionProof>
			<IsExplosionProof>true</IsExplosionProof>
			<IsFireProof>false</IsFireProof>
			<IsMeleeProof>true</IsMeleeProof>
			<IsOnlyDamagedByPlayer>false</IsOnlyDamagedByPlayer>
			<PositionRotation>
				<X>-987.596375</X>
				<Y>-3406.09766</Y>
				<Z>24.1553783</Z>
				<Pitch>-0.034459509</Pitch>
				<Roll>0.0450390242</Roll>
				<Yaw>-95.4832764</Yaw>
			</PositionRotation>
			<Attachment isAttached="true">
				<AttachedTo>40214</AttachedTo>
				<BoneIndex>0</BoneIndex>
				<X>0.300001502</X>
				<Y>30</Y>
				<Z>7.69999981</Z>
				<Pitch>0</Pitch>
				<Roll>0</Roll>
				<Yaw>-118.999985</Yaw>
			</Attachment>
		</Attachment>
		<Attachment>
			<ModelHash>0x2e72d572</ModelHash>
			<Type>3</Type>
			<Dynamic>false</Dynamic>
			<FrozenPos>true</FrozenPos>
			<HashName>stt_prop_stunt_tube_end</HashName>
			<InitialHandle>150300</InitialHandle>
			<ObjectProperties>
				<TextureVariation>0</TextureVariation>
			</ObjectProperties>
			<OpacityLevel>255</OpacityLevel>
			<LodDistance>16960</LodDistance>
			<IsVisible>true</IsVisible>
			<MaxHealth>1000</MaxHealth>
			<Health>1000</Health>
			<HasGravity>true</HasGravity>
			<IsOnFire>false</IsOnFire>
			<IsInvincible>true</IsInvincible>
			<IsBulletProof>false</IsBulletProof>
			<IsCollisionProof>false</IsCollisionProof>
			<IsExplosionProof>true</IsExplosionProof>
			<IsFireProof>false</IsFireProof>
			<IsMeleeProof>true</IsMeleeProof>
			<IsOnlyDamagedByPlayer>false</IsOnlyDamagedByPlayer>
			<PositionRotation>
				<X>-987.596375</X>
				<Y>-3406.09766</Y>
				<Z>24.1553783</Z>
				<Pitch>-0.0530903712</Pitch>
				<Roll>0.0199345071</Roll>
				<Yaw>-127.483276</Yaw>
			</PositionRotation>
			<Attachment isAttached="true">
				<AttachedTo>40214</AttachedTo>
				<BoneIndex>0</BoneIndex>
				<X>0.300001502</X>
				<Y>30</Y>
				<Z>7.69999981</Z>
				<Pitch>0</Pitch>
				<Roll>0</Roll>
				<Yaw>-150.999985</Yaw>
			</Attachment>
		</Attachment>
		<Attachment>
			<ModelHash>0x2e72d572</ModelHash>
			<Type>3</Type>
			<Dynamic>false</Dynamic>
			<FrozenPos>true</FrozenPos>
			<HashName>stt_prop_stunt_tube_end</HashName>
			<InitialHandle>83509</InitialHandle>
			<ObjectProperties>
				<TextureVariation>0</TextureVariation>
			</ObjectProperties>
			<OpacityLevel>255</OpacityLevel>
			<LodDistance>16960</LodDistance>
			<IsVisible>true</IsVisible>
			<MaxHealth>1000</MaxHealth>
			<Health>1000</Health>
			<HasGravity>true</HasGravity>
			<IsOnFire>false</IsOnFire>
			<IsInvincible>true</IsInvincible>
			<IsBulletProof>false</IsBulletProof>
			<IsCollisionProof>false</IsCollisionProof>
			<IsExplosionProof>true</IsExplosionProof>
			<IsFireProof>false</IsFireProof>
			<IsMeleeProof>true</IsMeleeProof>
			<IsOnlyDamagedByPlayer>false</IsOnlyDamagedByPlayer>
			<PositionRotation>
				<X>-987.596375</X>
				<Y>-3406.09766</Y>
				<Z>24.1553783</Z>
				<Pitch>-0.0555868596</Pitch>
				<Roll>-0.0112282094</Roll>
				<Yaw>-159.483292</Yaw>
			</PositionRotation>
			<Attachment isAttached="true">
				<AttachedTo>40214</AttachedTo>
				<BoneIndex>0</BoneIndex>
				<X>0.300001502</X>
				<Y>30</Y>
				<Z>7.69999981</Z>
				<Pitch>0</Pitch>
				<Roll>0</Roll>
				<Yaw>177.000015</Yaw>
			</Attachment>
		</Attachment>
		<Attachment>
			<ModelHash>0x2e72d572</ModelHash>
			<Type>3</Type>
			<Dynamic>false</Dynamic>
			<FrozenPos>true</FrozenPos>
			<HashName>stt_prop_stunt_tube_end</HashName>
			<InitialHandle>129308</InitialHandle>
			<ObjectProperties>
				<TextureVariation>0</TextureVariation>
			</ObjectProperties>
			<OpacityLevel>255</OpacityLevel>
			<LodDistance>16960</LodDistance>
			<IsVisible>true</IsVisible>
			<MaxHealth>1000</MaxHealth>
			<Health>1000</Health>
			<HasGravity>true</HasGravity>
			<IsOnFire>false</IsOnFire>
			<IsInvincible>true</IsInvincible>
			<IsBulletProof>false</IsBulletProof>
			<IsCollisionProof>false</IsCollisionProof>
			<IsExplosionProof>true</IsExplosionProof>
			<IsFireProof>false</IsFireProof>
			<IsMeleeProof>true</IsMeleeProof>
			<IsOnlyDamagedByPlayer>false</IsOnlyDamagedByPlayer>
			<PositionRotation>
				<X>-987.596375</X>
				<Y>-3406.09766</Y>
				<Z>24.1553783</Z>
				<Pitch>-0.041190289</Pitch>
				<Roll>-0.0389786065</Roll>
				<Yaw>168.516678</Yaw>
			</PositionRotation>
			<Attachment isAttached="true">
				<AttachedTo>40214</AttachedTo>
				<BoneIndex>0</BoneIndex>
				<X>0.300001502</X>
				<Y>30</Y>
				<Z>7.69999981</Z>
				<Pitch>0</Pitch>
				<Roll>0</Roll>
				<Yaw>145.000015</Yaw>
			</Attachment>
		</Attachment>
		<Attachment>
			<ModelHash>0x2e72d572</ModelHash>
			<Type>3</Type>
			<Dynamic>false</Dynamic>
			<FrozenPos>true</FrozenPos>
			<HashName>stt_prop_stunt_tube_end</HashName>
			<InitialHandle>91934</InitialHandle>
			<ObjectProperties>
				<TextureVariation>0</TextureVariation>
			</ObjectProperties>
			<OpacityLevel>255</OpacityLevel>
			<LodDistance>16960</LodDistance>
			<IsVisible>true</IsVisible>
			<MaxHealth>1000</MaxHealth>
			<Health>1000</Health>
			<HasGravity>true</HasGravity>
			<IsOnFire>false</IsOnFire>
			<IsInvincible>true</IsInvincible>
			<IsBulletProof>false</IsBulletProof>
			<IsCollisionProof>false</IsCollisionProof>
			<IsExplosionProof>true</IsExplosionProof>
			<IsFireProof>false</IsFireProof>
			<IsMeleeProof>true</IsMeleeProof>
			<IsOnlyDamagedByPlayer>false</IsOnlyDamagedByPlayer>
			<PositionRotation>
				<X>-987.596375</X>
				<Y>-3406.09766</Y>
				<Z>24.1553783</Z>
				<Pitch>-0.0161825344</Pitch>
				<Roll>-0.0543516017</Roll>
				<Yaw>138.516693</Yaw>
			</PositionRotation>
			<Attachment isAttached="true">
				<AttachedTo>40214</AttachedTo>
				<BoneIndex>0</BoneIndex>
				<X>0.300001502</X>
				<Y>30</Y>
				<Z>7.69999981</Z>
				<Pitch>0</Pitch>
				<Roll>0</Roll>
				<Yaw>115.000015</Yaw>
			</Attachment>
		</Attachment>
		<Attachment>
			<ModelHash>0x0a72dfc5</ModelHash>
			<Type>3</Type>
			<Dynamic>false</Dynamic>
			<FrozenPos>true</FrozenPos>
			<HashName>ng_proc_cigarette01a</HashName>
			<InitialHandle>64069</InitialHandle>
			<TaskSequence>
				<Task>
					<Type>39</Type>
					<Duration>1000</Duration>
					<KeepTaskRunningAfterTime>-2</KeepTaskRunningAfterTime>
					<IsLoopedTask>true</IsLoopedTask>
					<Delay>500</Delay>
					<AssetName>scr_indep_fireworks</AssetName>
					<EffectName>scr_indep_firework_fountain</EffectName>
					<Scale>0.800000012</Scale>
					<Colour R="255" G="255" B="255" A="255" />
					<RelativePosition X="0.999999881" Y="42.9999962" Z="7.99999952" />
					<RelativeRotation X="-89.9999924" Y="0" Z="0" />
				</Task>
			</TaskSequence>
			<ObjectProperties>
				<TextureVariation>0</TextureVariation>
			</ObjectProperties>
			<OpacityLevel>255</OpacityLevel>
			<LodDistance>16960</LodDistance>
			<IsVisible>true</IsVisible>
			<MaxHealth>1000</MaxHealth>
			<Health>1000</Health>
			<HasGravity>true</HasGravity>
			<IsOnFire>false</IsOnFire>
			<IsInvincible>true</IsInvincible>
			<IsBulletProof>false</IsBulletProof>
			<IsCollisionProof>false</IsCollisionProof>
			<IsExplosionProof>true</IsExplosionProof>
			<IsFireProof>false</IsFireProof>
			<IsMeleeProof>true</IsMeleeProof>
			<IsOnlyDamagedByPlayer>false</IsOnlyDamagedByPlayer>
			<PositionRotation>
				<X>-975.905029</X>
				<Y>-3433.71924</Y>
				<Z>16.4260521</Z>
				<Pitch>0.0560983159</Pitch>
				<Roll>0.00830363762</Roll>
				<Yaw>23.5166798</Yaw>
			</PositionRotation>
			<Attachment isAttached="true">
				<AttachedTo>40214</AttachedTo>
				<BoneIndex>0</BoneIndex>
				<X>0</X>
				<Y>1.50203705e-05</Y>
				<Z>0</Z>
				<Pitch>0</Pitch>
				<Roll>0</Roll>
				<Yaw>0</Yaw>
			</Attachment>
		</Attachment>
	</SpoonerAttachments>
</Vehicle>
