<?xml version="1.0" encoding="ISO-8859-1"?>
<Vehicle menyoo_ver="0.9998744b">
	<ModelHash>0xd876dbe2</ModelHash>
	<InitialHandle>580705</InitialHandle>
	<VehicleProperties>
		<Colours>
			<Primary>153</Primary>
			<Secondary>152</Secondary>
			<Pearl>0</Pearl>
			<Rim>142</Rim>
			<Mod1_a>0</Mod1_a>
			<Mod1_b>0</Mod1_b>
			<Mod1_c>0</Mod1_c>
			<Mod2_a>0</Mod2_a>
			<Mod2_b>0</Mod2_b>
			<IsPrimaryColourCustom>false</IsPrimaryColourCustom>
			<IsSecondaryColourCustom>false</IsSecondaryColourCustom>
			<tyreSmoke_R>255</tyreSmoke_R>
			<tyreSmoke_G>255</tyreSmoke_G>
			<tyreSmoke_B>255</tyreSmoke_B>
			<LrInterior>42</LrInterior>
			<LrDashboard>111</LrDashboard>
		</Colours>
		<Livery>-1</Livery>
		<NumberPlateText>23EPW365</NumberPlateText>
		<NumberPlateIndex>0</NumberPlateIndex>
		<WheelType>4</WheelType>
		<WheelsInvisible>false</WheelsInvisible>
		<EngineSoundName></EngineSoundName>
		<WindowTint>-1</WindowTint>
		<BulletProofTyres>false</BulletProofTyres>
		<DirtLevel>0.615111887</DirtLevel>
		<PaintFade>0.298039228</PaintFade>
		<RoofState>0</RoofState>
		<SirenActive>false</SirenActive>
		<EngineOn>true</EngineOn>
		<EngineHealth>996.86499</EngineHealth>
		<LightsOn>false</LightsOn>
		<IsRadioLoud>0</IsRadioLoud>
		<LockStatus>1</LockStatus>
		<Neons>
			<Left>false</Left>
			<Right>false</Right>
			<Front>false</Front>
			<Back>false</Back>
			<R>255</R>
			<G>0</G>
			<B>255</B>
		</Neons>
		<ModExtras>
			<_4>true</_4>
			<_5>true</_5>
		</ModExtras>
		<Mods>
			<_0>-1,0</_0>
			<_1>-1,0</_1>
			<_2>-1,0</_2>
			<_3>-1,0</_3>
			<_4>-1,0</_4>
			<_5>-1,0</_5>
			<_6>-1,0</_6>
			<_7>-1,0</_7>
			<_8>-1,0</_8>
			<_9>-1,0</_9>
			<_10>-1,0</_10>
			<_11>-1,0</_11>
			<_12>-1,0</_12>
			<_13>-1,0</_13>
			<_14>-1,0</_14>
			<_15>-1,0</_15>
			<_16>-1,0</_16>
			<_17>false</_17>
			<_18>false</_18>
			<_19>false</_19>
			<_20>false</_20>
			<_21>false</_21>
			<_22>false</_22>
			<_23>-1,0</_23>
			<_24>-1,0</_24>
			<_25>-1,0</_25>
			<_26>-1,0</_26>
			<_27>-1,0</_27>
			<_28>-1,0</_28>
			<_29>-1,0</_29>
			<_30>-1,0</_30>
			<_31>-1,0</_31>
			<_32>-1,0</_32>
			<_33>-1,0</_33>
			<_34>-1,0</_34>
			<_35>-1,0</_35>
			<_36>-1,0</_36>
			<_37>-1,0</_37>
			<_38>-1,0</_38>
			<_39>-1,0</_39>
			<_40>-1,0</_40>
			<_41>-1,0</_41>
			<_42>-1,0</_42>
			<_43>-1,0</_43>
			<_44>-1,0</_44>
			<_45>-1,0</_45>
			<_46>-1,0</_46>
			<_47>-1,0</_47>
			<_48>-1,0</_48>
		</Mods>
		<DoorsOpen>
			<BackLeftDoor>false</BackLeftDoor>
			<BackRightDoor>false</BackRightDoor>
			<FrontLeftDoor>false</FrontLeftDoor>
			<FrontRightDoor>false</FrontRightDoor>
			<Hood>false</Hood>
			<Trunk>false</Trunk>
			<Trunk2>false</Trunk2>
		</DoorsOpen>
		<DoorsBroken>
			<BackLeftDoor>false</BackLeftDoor>
			<BackRightDoor>false</BackRightDoor>
			<FrontLeftDoor>true</FrontLeftDoor>
			<FrontRightDoor>true</FrontRightDoor>
			<Hood>true</Hood>
			<Trunk>true</Trunk>
			<Trunk2>false</Trunk2>
		</DoorsBroken>
		<TyresBursted>
			<FrontLeft>false</FrontLeft>
			<FrontRight>false</FrontRight>
			<_2>false</_2>
			<_3>false</_3>
			<BackLeft>false</BackLeft>
			<BackRight>false</BackRight>
			<_6>false</_6>
			<_7>false</_7>
			<_8>false</_8>
		</TyresBursted>
		<RpmMultiplier>1</RpmMultiplier>
		<TorqueMultiplier>1</TorqueMultiplier>
		<HeadlightIntensity>1</HeadlightIntensity>
	</VehicleProperties>
	<OpacityLevel>255</OpacityLevel>
	<LodDistance>16960</LodDistance>
	<IsVisible>true</IsVisible>
	<IsDriverVisible>true</IsDriverVisible>
	<MaxHealth>1000</MaxHealth>
	<Health>1000</Health>
	<HasGravity>true</HasGravity>
	<IsOnFire>false</IsOnFire>
	<IsInvincible>false</IsInvincible>
	<IsBulletProof>false</IsBulletProof>
	<IsExplosionProof>false</IsExplosionProof>
	<IsFireProof>false</IsFireProof>
	<IsMeleeProof>false</IsMeleeProof>
	<IsOnlyDamagedByPlayer>false</IsOnlyDamagedByPlayer>
	<SpoonerAttachments SetAttachmentsPersistentAndAddToSpoonerDatabase="false" StartTaskSequencesOnLoad="true">
		<Attachment>
			<ModelHash>0x42ce3c8a</ModelHash>
			<Type>3</Type>
			<Dynamic>false</Dynamic>
			<FrozenPos>true</FrozenPos>
			<HashName>prop_rub_carwreck_9</HashName>
			<InitialHandle>72291</InitialHandle>
			<ObjectProperties>
				<TextureVariation>0</TextureVariation>
			</ObjectProperties>
			<OpacityLevel>255</OpacityLevel>
			<LodDistance>16960</LodDistance>
			<IsVisible>true</IsVisible>
			<MaxHealth>1000</MaxHealth>
			<Health>1000</Health>
			<HasGravity>true</HasGravity>
			<IsOnFire>false</IsOnFire>
			<IsInvincible>false</IsInvincible>
			<IsBulletProof>false</IsBulletProof>
			<IsCollisionProof>false</IsCollisionProof>
			<IsExplosionProof>false</IsExplosionProof>
			<IsFireProof>false</IsFireProof>
			<IsMeleeProof>false</IsMeleeProof>
			<IsOnlyDamagedByPlayer>false</IsOnlyDamagedByPlayer>
			<PositionRotation>
				<X>1760.37183</X>
				<Y>3254.5752</Y>
				<Z>41.3700676</Z>
				<Pitch>-0.981847525</Pitch>
				<Roll>-2.88171387</Roll>
				<Yaw>-26.9837761</Yaw>
			</PositionRotation>
			<Attachment isAttached="true">
				<AttachedTo>580705</AttachedTo>
				<BoneIndex>0</BoneIndex>
				<X>0.0618619844</X>
				<Y>-0.273069173</Y>
				<Z>0.0381194949</Z>
				<Pitch>0.441560537</Pitch>
				<Roll>-0.355622321</Roll>
				<Yaw>1.21382904</Yaw>
			</Attachment>
		</Attachment>
		<Attachment>
			<ModelHash>0x6ab3b57b</ModelHash>
			<Type>3</Type>
			<Dynamic>false</Dynamic>
			<FrozenPos>true</FrozenPos>
			<HashName>ex_prop_crate_ammo_bc</HashName>
			<InitialHandle>199526</InitialHandle>
			<ObjectProperties>
				<TextureVariation>0</TextureVariation>
			</ObjectProperties>
			<OpacityLevel>255</OpacityLevel>
			<LodDistance>16960</LodDistance>
			<IsVisible>true</IsVisible>
			<MaxHealth>1000</MaxHealth>
			<Health>1000</Health>
			<HasGravity>true</HasGravity>
			<IsOnFire>false</IsOnFire>
			<IsInvincible>false</IsInvincible>
			<IsBulletProof>false</IsBulletProof>
			<IsCollisionProof>false</IsCollisionProof>
			<IsExplosionProof>false</IsExplosionProof>
			<IsFireProof>false</IsFireProof>
			<IsMeleeProof>false</IsMeleeProof>
			<IsOnlyDamagedByPlayer>false</IsOnlyDamagedByPlayer>
			<PositionRotation>
				<X>1759.62927</X>
				<Y>3253.12134</Y>
				<Z>41.8166695</Z>
				<Pitch>-0.913691342</Pitch>
				<Roll>-2.91891503</Roll>
				<Yaw>-28.517477</Yaw>
			</PositionRotation>
			<Attachment isAttached="true">
				<AttachedTo>580705</AttachedTo>
				<BoneIndex>0</BoneIndex>
				<X>0.112980798</X>
				<Y>-1.91536129</Y>
				<Z>0.443717599</Z>
				<Pitch>0.441560537</Pitch>
				<Roll>-0.355622321</Roll>
				<Yaw>-0.321220398</Yaw>
			</Attachment>
		</Attachment>
		<Attachment>
			<ModelHash>0x10869547</ModelHash>
			<Type>3</Type>
			<Dynamic>false</Dynamic>
			<FrozenPos>true</FrozenPos>
			<HashName>prop_car_door_01</HashName>
			<InitialHandle>676200</InitialHandle>
			<ObjectProperties>
				<TextureVariation>0</TextureVariation>
			</ObjectProperties>
			<OpacityLevel>255</OpacityLevel>
			<LodDistance>16960</LodDistance>
			<IsVisible>true</IsVisible>
			<MaxHealth>1000</MaxHealth>
			<Health>1000</Health>
			<HasGravity>true</HasGravity>
			<IsOnFire>false</IsOnFire>
			<IsInvincible>false</IsInvincible>
			<IsBulletProof>false</IsBulletProof>
			<IsCollisionProof>false</IsCollisionProof>
			<IsExplosionProof>false</IsExplosionProof>
			<IsFireProof>false</IsFireProof>
			<IsMeleeProof>false</IsMeleeProof>
			<IsOnlyDamagedByPlayer>false</IsOnlyDamagedByPlayer>
			<PositionRotation>
				<X>1759.9093</X>
				<Y>3255.81372</Y>
				<Z>41.6353302</Z>
				<Pitch>2.9820354</Pitch>
				<Roll>-1.75376821</Roll>
				<Yaw>-117.534599</Yaw>
			</PositionRotation>
			<Attachment isAttached="true">
				<AttachedTo>580705</AttachedTo>
				<BoneIndex>0</BoneIndex>
				<X>-0.917522728</X>
				<Y>0.59300375</Y>
				<Z>0.36815992</Z>
				<Pitch>0.441560537</Pitch>
				<Roll>-0.355622321</Roll>
				<Yaw>-89.3907013</Yaw>
			</Attachment>
		</Attachment>
		<Attachment>
			<ModelHash>0xfc612f85</ModelHash>
			<Type>3</Type>
			<Dynamic>false</Dynamic>
			<FrozenPos>true</FrozenPos>
			<HashName>prop_car_exhaust_01</HashName>
			<InitialHandle>238187</InitialHandle>
			<ObjectProperties>
				<TextureVariation>0</TextureVariation>
			</ObjectProperties>
			<OpacityLevel>255</OpacityLevel>
			<LodDistance>16960</LodDistance>
			<IsVisible>true</IsVisible>
			<MaxHealth>1000</MaxHealth>
			<Health>1000</Health>
			<HasGravity>true</HasGravity>
			<IsOnFire>false</IsOnFire>
			<IsInvincible>false</IsInvincible>
			<IsBulletProof>false</IsBulletProof>
			<IsCollisionProof>false</IsCollisionProof>
			<IsExplosionProof>false</IsExplosionProof>
			<IsFireProof>false</IsFireProof>
			<IsMeleeProof>false</IsMeleeProof>
			<IsOnlyDamagedByPlayer>false</IsOnlyDamagedByPlayer>
			<PositionRotation>
				<X>1761.698</X>
				<Y>3256.10815</Y>
				<Z>41.8852997</Z>
				<Pitch>-2.03965092</Pitch>
				<Roll>1.13475752</Roll>
				<Yaw>64.798645</Yaw>
			</PositionRotation>
			<Attachment isAttached="true">
				<AttachedTo>580705</AttachedTo>
				<BoneIndex>0</BoneIndex>
				<X>0.530305505</X>
				<Y>1.69186699</Y>
				<Z>0.580109537</Z>
				<Pitch>0.441560537</Pitch>
				<Roll>-0.365622312</Roll>
				<Yaw>92.9634094</Yaw>
			</Attachment>
		</Attachment>
		<Attachment>
			<ModelHash>0xfc612f85</ModelHash>
			<Type>3</Type>
			<Dynamic>false</Dynamic>
			<FrozenPos>true</FrozenPos>
			<HashName>prop_car_exhaust_01</HashName>
			<InitialHandle>621154</InitialHandle>
			<ObjectProperties>
				<TextureVariation>0</TextureVariation>
			</ObjectProperties>
			<OpacityLevel>255</OpacityLevel>
			<LodDistance>16960</LodDistance>
			<IsVisible>true</IsVisible>
			<MaxHealth>1000</MaxHealth>
			<Health>1000</Health>
			<HasGravity>true</HasGravity>
			<IsOnFire>false</IsOnFire>
			<IsInvincible>false</IsInvincible>
			<IsBulletProof>false</IsBulletProof>
			<IsCollisionProof>false</IsCollisionProof>
			<IsExplosionProof>false</IsExplosionProof>
			<IsFireProof>false</IsFireProof>
			<IsMeleeProof>false</IsMeleeProof>
			<IsOnlyDamagedByPlayer>false</IsOnlyDamagedByPlayer>
			<PositionRotation>
				<X>1760.82397</X>
				<Y>3256.61499</Y>
				<Z>41.8637543</Z>
				<Pitch>2.93638325</Pitch>
				<Roll>-1.83374965</Roll>
				<Yaw>-115.713928</Yaw>
			</PositionRotation>
			<Attachment isAttached="true">
				<AttachedTo>580705</AttachedTo>
				<BoneIndex>0</BoneIndex>
				<X>-0.479465842</X>
				<Y>1.72571158</Y>
				<Z>0.604423583</Z>
				<Pitch>0.441560537</Pitch>
				<Roll>-0.355622321</Roll>
				<Yaw>-87.5718384</Yaw>
			</Attachment>
		</Attachment>
		<Attachment>
			<ModelHash>0x7cbe795d</ModelHash>
			<Type>3</Type>
			<Dynamic>false</Dynamic>
			<FrozenPos>true</FrozenPos>
			<HashName>ex_prop_crate_closed_ms</HashName>
			<InitialHandle>777326</InitialHandle>
			<ObjectProperties>
				<TextureVariation>0</TextureVariation>
			</ObjectProperties>
			<OpacityLevel>255</OpacityLevel>
			<LodDistance>16960</LodDistance>
			<IsVisible>true</IsVisible>
			<MaxHealth>1000</MaxHealth>
			<Health>1000</Health>
			<HasGravity>true</HasGravity>
			<IsOnFire>false</IsOnFire>
			<IsInvincible>false</IsInvincible>
			<IsBulletProof>false</IsBulletProof>
			<IsCollisionProof>false</IsCollisionProof>
			<IsExplosionProof>false</IsExplosionProof>
			<IsFireProof>false</IsFireProof>
			<IsMeleeProof>false</IsMeleeProof>
			<IsOnlyDamagedByPlayer>false</IsOnlyDamagedByPlayer>
			<PositionRotation>
				<X>1759.56287</X>
				<Y>3253.16699</Y>
				<Z>43.0998802</Z>
				<Pitch>-2.10224938</Pitch>
				<Roll>1.0359658</Roll>
				<Yaw>62.317543</Yaw>
			</PositionRotation>
			<Attachment isAttached="true">
				<AttachedTo>580705</AttachedTo>
				<BoneIndex>0</BoneIndex>
				<X>0.0901500136</X>
				<Y>-1.93724561</Y>
				<Z>1.72906983</Z>
				<Pitch>0.441560537</Pitch>
				<Roll>-0.355622321</Roll>
				<Yaw>90.4830627</Yaw>
			</Attachment>
		</Attachment>
		<Attachment>
			<ModelHash>0x3ed82434</ModelHash>
			<Type>3</Type>
			<Dynamic>false</Dynamic>
			<FrozenPos>true</FrozenPos>
			<HashName>ex_prop_crate_med_sc</HashName>
			<InitialHandle>23155</InitialHandle>
			<ObjectProperties>
				<TextureVariation>0</TextureVariation>
			</ObjectProperties>
			<OpacityLevel>255</OpacityLevel>
			<LodDistance>16960</LodDistance>
			<IsVisible>true</IsVisible>
			<MaxHealth>1000</MaxHealth>
			<Health>1000</Health>
			<HasGravity>true</HasGravity>
			<IsOnFire>false</IsOnFire>
			<IsInvincible>false</IsInvincible>
			<IsBulletProof>false</IsBulletProof>
			<IsCollisionProof>false</IsCollisionProof>
			<IsExplosionProof>false</IsExplosionProof>
			<IsFireProof>false</IsFireProof>
			<IsMeleeProof>false</IsMeleeProof>
			<IsOnlyDamagedByPlayer>false</IsOnlyDamagedByPlayer>
			<PositionRotation>
				<X>1760.36353</X>
				<Y>3254.65649</Y>
				<Z>43.0938568</Z>
				<Pitch>1.95652723</Pitch>
				<Roll>2.11716413</Roll>
				<Yaw>155.094971</Yaw>
			</PositionRotation>
			<Attachment isAttached="true">
				<AttachedTo>580705</AttachedTo>
				<BoneIndex>0</BoneIndex>
				<X>0.093081899</X>
				<Y>-0.246618435</Y>
				<Z>1.76335549</Z>
				<Pitch>0.441560537</Pitch>
				<Roll>-0.355622321</Roll>
				<Yaw>183.332428</Yaw>
			</Attachment>
		</Attachment>
		<Attachment>
			<ModelHash>0x90aa8a87</ModelHash>
			<Type>3</Type>
			<Dynamic>false</Dynamic>
			<FrozenPos>true</FrozenPos>
			<HashName>hei_heist_stn_benchshort</HashName>
			<InitialHandle>289142</InitialHandle>
			<ObjectProperties>
				<TextureVariation>0</TextureVariation>
			</ObjectProperties>
			<OpacityLevel>255</OpacityLevel>
			<LodDistance>16960</LodDistance>
			<IsVisible>true</IsVisible>
			<MaxHealth>1000</MaxHealth>
			<Health>1000</Health>
			<HasGravity>true</HasGravity>
			<IsOnFire>false</IsOnFire>
			<IsInvincible>false</IsInvincible>
			<IsBulletProof>false</IsBulletProof>
			<IsCollisionProof>false</IsCollisionProof>
			<IsExplosionProof>false</IsExplosionProof>
			<IsFireProof>false</IsFireProof>
			<IsMeleeProof>false</IsMeleeProof>
			<IsOnlyDamagedByPlayer>false</IsOnlyDamagedByPlayer>
			<PositionRotation>
				<X>1760.84656</X>
				<Y>3255.47266</Y>
				<Z>42.326786</Z>
				<Pitch>41.8527489</Pitch>
				<Roll>3.00844145</Roll>
				<Yaw>151.632431</Yaw>
			</PositionRotation>
			<Attachment isAttached="true">
				<AttachedTo>580705</AttachedTo>
				<BoneIndex>0</BoneIndex>
				<X>0.0996112674</X>
				<Y>0.71907872</Y>
				<Z>1.0181154</Z>
				<Pitch>40.4415627</Pitch>
				<Roll>-0.355622321</Roll>
				<Yaw>182.032211</Yaw>
			</Attachment>
		</Attachment>
		<Attachment>
			<ModelHash>0xed25f13b</ModelHash>
			<Type>3</Type>
			<Dynamic>false</Dynamic>
			<FrozenPos>true</FrozenPos>
			<HashName>prop_rub_scrap_02</HashName>
			<InitialHandle>448374</InitialHandle>
			<ObjectProperties>
				<TextureVariation>0</TextureVariation>
			</ObjectProperties>
			<OpacityLevel>255</OpacityLevel>
			<LodDistance>16960</LodDistance>
			<IsVisible>true</IsVisible>
			<MaxHealth>1000</MaxHealth>
			<Health>1000</Health>
			<HasGravity>true</HasGravity>
			<IsOnFire>false</IsOnFire>
			<IsInvincible>false</IsInvincible>
			<IsBulletProof>false</IsBulletProof>
			<IsCollisionProof>false</IsCollisionProof>
			<IsExplosionProof>false</IsExplosionProof>
			<IsFireProof>false</IsFireProof>
			<IsMeleeProof>false</IsMeleeProof>
			<IsOnlyDamagedByPlayer>false</IsOnlyDamagedByPlayer>
			<PositionRotation>
				<X>1761.60962</X>
				<Y>3254.67822</Y>
				<Z>42.0348053</Z>
				<Pitch>-2.04341483</Pitch>
				<Roll>-88.8614349</Roll>
				<Yaw>64.6544418</Yaw>
			</PositionRotation>
			<Attachment isAttached="true">
				<AttachedTo>580705</AttachedTo>
				<BoneIndex>0</BoneIndex>
				<X>1.13309181</X>
				<Y>0.386860937</Y>
				<Z>0.671675563</Z>
				<Pitch>0.441559672</Pitch>
				<Roll>-90.3555832</Roll>
				<Yaw>92.819252</Yaw>
			</Attachment>
		</Attachment>
	</SpoonerAttachments>
</Vehicle>
