<?xml version="1.0"?>
<Vehicle menyoo_ver="0.999856b">
	<ModelHash>0x866bce26</ModelHash>
	<InitialHandle>119087</InitialHandle>
	<VehicleProperties>
		<Colours>
			<Primary>142</Primary>
			<Secondary>25</Secondary>
			<Pearl>81</Pearl>
			<Rim>88</Rim>
			<Mod1_a>6</Mod1_a>
			<Mod1_b>-1</Mod1_b>
			<Mod1_c>-1</Mod1_c>
			<Mod2_a>6</Mod2_a>
			<Mod2_b>-1</Mod2_b>
			<IsPrimaryColourCustom>false</IsPrimaryColourCustom>
			<IsSecondaryColourCustom>false</IsSecondaryColourCustom>
			<tyreSmoke_R>255</tyreSmoke_R>
			<tyreSmoke_G>255</tyreSmoke_G>
			<tyreSmoke_B>255</tyreSmoke_B>
			<LrInterior>0</LrInterior>
			<LrDashboard>0</LrDashboard>
		</Colours>
		<Livery>-1</Livery>
		<NumberPlateText>28NIC599</NumberPlateText>
		<NumberPlateIndex>0</NumberPlateIndex>
		<WheelType>1</WheelType>
		<WheelsInvisible>false</WheelsInvisible>
		<EngineSoundName />
		<WindowTint>1</WindowTint>
		<BulletProofTyres>true</BulletProofTyres>
		<DirtLevel>0.195488259</DirtLevel>
		<PaintFade>0.298039228</PaintFade>
		<RoofState>0</RoofState>
		<SirenActive>false</SirenActive>
		<EngineOn>true</EngineOn>
		<EngineHealth>1000</EngineHealth>
		<LightsOn>true</LightsOn>
		<IsRadioLoud>0</IsRadioLoud>
		<Neons>
			<Left>false</Left>
			<Right>false</Right>
			<Front>false</Front>
			<Back>false</Back>
			<R>255</R>
			<G>0</G>
			<B>255</B>
		</Neons>
		<ModExtras>
			<_2>false</_2>
			<_3>true</_3>
		</ModExtras>
		<Mods>
			<_0>-1,0</_0>
			<_1>-1,0</_1>
			<_2>-1,0</_2>
			<_3>-1,0</_3>
			<_4>1,0</_4>
			<_5>-1,0</_5>
			<_6>-1,0</_6>
			<_7>0,0</_7>
			<_8>-1,0</_8>
			<_9>-1,0</_9>
			<_10>-1,0</_10>
			<_11>3,0</_11>
			<_12>2,0</_12>
			<_13>2,0</_13>
			<_14>44,0</_14>
			<_15>-1,0</_15>
			<_16>4,0</_16>
			<_17>false</_17>
			<_18>true</_18>
			<_19>false</_19>
			<_20>true</_20>
			<_21>false</_21>
			<_22>true</_22>
			<_23>35,0</_23>
			<_24>3,0</_24>
			<_25>12,0</_25>
			<_26>15,0</_26>
			<_27>4,0</_27>
			<_28>44,0</_28>
			<_29>-1,0</_29>
			<_30>13,0</_30>
			<_31>-1,0</_31>
			<_32>-1,0</_32>
			<_33>15,0</_33>
			<_34>14,0</_34>
			<_35>21,0</_35>
			<_36>1,0</_36>
			<_37>6,0</_37>
			<_38>-1,0</_38>
			<_39>3,0</_39>
			<_40>4,0</_40>
			<_41>-1,0</_41>
			<_42>-1,0</_42>
			<_43>-1,0</_43>
			<_44>-1,0</_44>
			<_45>-1,0</_45>
			<_46>-1,0</_46>
			<_47>-1,0</_47>
			<_48>8,0</_48>
		</Mods>
		<DoorsOpen>
			<BackLeftDoor>false</BackLeftDoor>
			<BackRightDoor>false</BackRightDoor>
			<FrontLeftDoor>false</FrontLeftDoor>
			<FrontRightDoor>false</FrontRightDoor>
			<Hood>false</Hood>
			<Trunk>false</Trunk>
			<Trunk2>false</Trunk2>
		</DoorsOpen>
		<DoorsBroken>
			<BackLeftDoor>false</BackLeftDoor>
			<BackRightDoor>false</BackRightDoor>
			<FrontLeftDoor>false</FrontLeftDoor>
			<FrontRightDoor>false</FrontRightDoor>
			<Hood>false</Hood>
			<Trunk>false</Trunk>
			<Trunk2>false</Trunk2>
		</DoorsBroken>
		<TyresBursted>
			<FrontLeft>false</FrontLeft>
			<FrontRight>false</FrontRight>
			<_2>false</_2>
			<_3>false</_3>
			<BackLeft>false</BackLeft>
			<BackRight>false</BackRight>
			<_6>false</_6>
			<_7>false</_7>
			<_8>false</_8>
		</TyresBursted>
		<RpmMultiplier>1</RpmMultiplier>
		<TorqueMultiplier>1</TorqueMultiplier>
		<HeadlightIntensity>1</HeadlightIntensity>
	</VehicleProperties>
	<OpacityLevel>255</OpacityLevel>
	<LodDistance>16960</LodDistance>
	<IsVisible>false</IsVisible>
	<IsDriverVisible>true</IsDriverVisible>
	<MaxHealth>1000</MaxHealth>
	<Health>1000</Health>
	<IsOnFire>false</IsOnFire>
	<IsInvincible>true</IsInvincible>
	<IsBulletProof>true</IsBulletProof>
	<IsExplosionProof>true</IsExplosionProof>
	<IsFireProof>false</IsFireProof>
	<IsMeleeProof>true</IsMeleeProof>
	<IsOnlyDamagedByPlayer>false</IsOnlyDamagedByPlayer>
	<SpoonerAttachments SetAttachmentsPersistentAndAddToSpoonerDatabase="true">
		<Attachment>
			<ModelHash>0x2d1f3215</ModelHash>
			<Type>3</Type>
			<Dynamic>false</Dynamic>
			<HashName>prop_pallet_01a</HashName>
			<InitialHandle>79151</InitialHandle>
			<ObjectProperties>
				<TextureVariation>0</TextureVariation>
			</ObjectProperties>
			<OpacityLevel>255</OpacityLevel>
			<LodDistance>16960</LodDistance>
			<IsVisible>true</IsVisible>
			<MaxHealth>1000</MaxHealth>
			<Health>1000</Health>
			<IsOnFire>false</IsOnFire>
			<IsInvincible>true</IsInvincible>
			<IsBulletProof>false</IsBulletProof>
			<IsCollisionProof>false</IsCollisionProof>
			<IsExplosionProof>true</IsExplosionProof>
			<IsFireProof>true</IsFireProof>
			<IsMeleeProof>true</IsMeleeProof>
			<IsOnlyDamagedByPlayer>false</IsOnlyDamagedByPlayer>
			<PositionRotation>
				<X>-1414.29407</X>
				<Y>-2833.05469</Y>
				<Z>13.4817057</Z>
				<Pitch>-0.00988695677</Pitch>
				<Roll>0.0040327548</Roll>
				<Yaw>141.372025</Yaw>
			</PositionRotation>
			<Attachment isAttached="true">
				<AttachedTo>119087</AttachedTo>
				<BoneIndex>0</BoneIndex>
				<X>-0.400000066</X>
				<Y>0.50000006</Y>
				<Z>0</Z>
				<Pitch>0</Pitch>
				<Roll>0</Roll>
				<Yaw>90.0000076</Yaw>
			</Attachment>
		</Attachment>
		<Attachment>
			<ModelHash>0x01b5839b</ModelHash>
			<Type>3</Type>
			<Dynamic>false</Dynamic>
			<HashName>hei_prop_yah_seat_01</HashName>
			<InitialHandle>565550</InitialHandle>
			<ObjectProperties>
				<TextureVariation>0</TextureVariation>
			</ObjectProperties>
			<OpacityLevel>255</OpacityLevel>
			<LodDistance>16960</LodDistance>
			<IsVisible>true</IsVisible>
			<MaxHealth>1000</MaxHealth>
			<Health>1000</Health>
			<IsOnFire>false</IsOnFire>
			<IsInvincible>true</IsInvincible>
			<IsBulletProof>false</IsBulletProof>
			<IsCollisionProof>false</IsCollisionProof>
			<IsExplosionProof>true</IsExplosionProof>
			<IsFireProof>true</IsFireProof>
			<IsMeleeProof>true</IsMeleeProof>
			<IsOnlyDamagedByPlayer>false</IsOnlyDamagedByPlayer>
			<PositionRotation>
				<X>-1413.20044</X>
				<Y>-2833.92871</Y>
				<Z>13.9818039</Z>
				<Pitch>-89.8953171</Pitch>
				<Roll>-174.571472</Roll>
				<Yaw>-123.199409</Yaw>
			</PositionRotation>
			<Attachment isAttached="true">
				<AttachedTo>119087</AttachedTo>
				<BoneIndex>0</BoneIndex>
				<X>-0.400000066</X>
				<Y>-0.900000095</Y>
				<Z>0.500000119</Z>
				<Pitch>-90.1000061</Pitch>
				<Roll>0</Roll>
				<Yaw>360.000031</Yaw>
			</Attachment>
		</Attachment>
		<Attachment>
			<ModelHash>0xcaec9bd1</ModelHash>
			<Type>3</Type>
			<Dynamic>false</Dynamic>
			<HashName>prop_stockade_wheel</HashName>
			<InitialHandle>82735</InitialHandle>
			<ObjectProperties>
				<TextureVariation>0</TextureVariation>
			</ObjectProperties>
			<OpacityLevel>255</OpacityLevel>
			<LodDistance>16960</LodDistance>
			<IsVisible>true</IsVisible>
			<MaxHealth>1000</MaxHealth>
			<Health>1000</Health>
			<IsOnFire>false</IsOnFire>
			<IsInvincible>true</IsInvincible>
			<IsBulletProof>false</IsBulletProof>
			<IsCollisionProof>false</IsCollisionProof>
			<IsExplosionProof>true</IsExplosionProof>
			<IsFireProof>true</IsFireProof>
			<IsMeleeProof>true</IsMeleeProof>
			<IsOnlyDamagedByPlayer>false</IsOnlyDamagedByPlayer>
			<PositionRotation>
				<X>-1413.1073</X>
				<Y>-2832.85107</Y>
				<Z>13.4819174</Z>
				<Pitch>-0.0040327548</Pitch>
				<Roll>-0.00988695677</Roll>
				<Yaw>51.3720284</Yaw>
			</PositionRotation>
			<Attachment isAttached="true">
				<AttachedTo>119087</AttachedTo>
				<BoneIndex>0</BoneIndex>
				<X>0.50000006</X>
				<Y>-0.300000042</Y>
				<Z>0</Z>
				<Pitch>0</Pitch>
				<Roll>0</Roll>
				<Yaw>0</Yaw>
			</Attachment>
		</Attachment>
		<Attachment>
			<ModelHash>0xcaec9bd1</ModelHash>
			<Type>3</Type>
			<Dynamic>false</Dynamic>
			<HashName>prop_stockade_wheel</HashName>
			<InitialHandle>640302</InitialHandle>
			<ObjectProperties>
				<TextureVariation>0</TextureVariation>
			</ObjectProperties>
			<OpacityLevel>255</OpacityLevel>
			<LodDistance>16960</LodDistance>
			<IsVisible>true</IsVisible>
			<MaxHealth>1000</MaxHealth>
			<Health>1000</Health>
			<IsOnFire>false</IsOnFire>
			<IsInvincible>true</IsInvincible>
			<IsBulletProof>false</IsBulletProof>
			<IsCollisionProof>false</IsCollisionProof>
			<IsExplosionProof>true</IsExplosionProof>
			<IsFireProof>true</IsFireProof>
			<IsMeleeProof>true</IsMeleeProof>
			<IsOnlyDamagedByPlayer>false</IsOnlyDamagedByPlayer>
			<PositionRotation>
				<X>-1414.23096</X>
				<Y>-2834.25732</Y>
				<Z>13.4816065</Z>
				<Pitch>0.00403275806</Pitch>
				<Roll>0.00988695584</Roll>
				<Yaw>-128.627945</Yaw>
			</PositionRotation>
			<Attachment isAttached="true">
				<AttachedTo>119087</AttachedTo>
				<BoneIndex>0</BoneIndex>
				<X>-1.30000031</X>
				<Y>-0.300000042</Y>
				<Z>0</Z>
				<Pitch>0</Pitch>
				<Roll>0</Roll>
				<Yaw>180.000015</Yaw>
			</Attachment>
		</Attachment>
		<Attachment>
			<ModelHash>0x3086f33b</ModelHash>
			<Type>3</Type>
			<Dynamic>false</Dynamic>
			<HashName>prop_tornado_wheel</HashName>
			<InitialHandle>88623</InitialHandle>
			<ObjectProperties>
				<TextureVariation>0</TextureVariation>
			</ObjectProperties>
			<OpacityLevel>255</OpacityLevel>
			<LodDistance>16960</LodDistance>
			<IsVisible>true</IsVisible>
			<MaxHealth>1000</MaxHealth>
			<Health>1000</Health>
			<IsOnFire>false</IsOnFire>
			<IsInvincible>true</IsInvincible>
			<IsBulletProof>false</IsBulletProof>
			<IsCollisionProof>false</IsCollisionProof>
			<IsExplosionProof>true</IsExplosionProof>
			<IsFireProof>true</IsFireProof>
			<IsMeleeProof>true</IsMeleeProof>
			<IsOnlyDamagedByPlayer>false</IsOnlyDamagedByPlayer>
			<PositionRotation>
				<X>-1414.56018</X>
				<Y>-2831.94604</Y>
				<Z>13.2317629</Z>
				<Pitch>-0.0040327548</Pitch>
				<Roll>-0.00988695677</Roll>
				<Yaw>51.3720284</Yaw>
			</PositionRotation>
			<Attachment isAttached="true">
				<AttachedTo>119087</AttachedTo>
				<BoneIndex>0</BoneIndex>
				<X>0.300000042</X>
				<Y>1.40000021</Y>
				<Z>-0.250000089</Z>
				<Pitch>0</Pitch>
				<Roll>0</Roll>
				<Yaw>0</Yaw>
			</Attachment>
		</Attachment>
		<Attachment>
			<ModelHash>0x3086f33b</ModelHash>
			<Type>3</Type>
			<Dynamic>false</Dynamic>
			<HashName>prop_tornado_wheel</HashName>
			<InitialHandle>79919</InitialHandle>
			<ObjectProperties>
				<TextureVariation>0</TextureVariation>
			</ObjectProperties>
			<OpacityLevel>255</OpacityLevel>
			<LodDistance>16960</LodDistance>
			<IsVisible>true</IsVisible>
			<MaxHealth>1000</MaxHealth>
			<Health>1000</Health>
			<IsOnFire>false</IsOnFire>
			<IsInvincible>true</IsInvincible>
			<IsBulletProof>false</IsBulletProof>
			<IsCollisionProof>false</IsCollisionProof>
			<IsExplosionProof>true</IsExplosionProof>
			<IsFireProof>true</IsFireProof>
			<IsMeleeProof>true</IsMeleeProof>
			<IsOnlyDamagedByPlayer>false</IsOnlyDamagedByPlayer>
			<PositionRotation>
				<X>-1415.4342</X>
				<Y>-2833.03979</Y>
				<Z>13.2315216</Z>
				<Pitch>0.00403275806</Pitch>
				<Roll>0.00988695584</Roll>
				<Yaw>-128.627945</Yaw>
			</PositionRotation>
			<Attachment isAttached="true">
				<AttachedTo>119087</AttachedTo>
				<BoneIndex>0</BoneIndex>
				<X>-1.10000026</X>
				<Y>1.40000021</Y>
				<Z>-0.250000089</Z>
				<Pitch>0</Pitch>
				<Roll>0</Roll>
				<Yaw>180.000015</Yaw>
			</Attachment>
		</Attachment>
		<Attachment>
			<ModelHash>0x26c318f1</ModelHash>
			<Type>3</Type>
			<Dynamic>false</Dynamic>
			<HashName>prop_wooden_barrel</HashName>
			<InitialHandle>333870</InitialHandle>
			<ObjectProperties>
				<TextureVariation>0</TextureVariation>
			</ObjectProperties>
			<OpacityLevel>255</OpacityLevel>
			<LodDistance>16960</LodDistance>
			<IsVisible>true</IsVisible>
			<MaxHealth>1000</MaxHealth>
			<Health>1000</Health>
			<IsOnFire>false</IsOnFire>
			<IsInvincible>false</IsInvincible>
			<IsBulletProof>false</IsBulletProof>
			<IsCollisionProof>false</IsCollisionProof>
			<IsExplosionProof>false</IsExplosionProof>
			<IsFireProof>false</IsFireProof>
			<IsMeleeProof>false</IsMeleeProof>
			<IsOnlyDamagedByPlayer>false</IsOnlyDamagedByPlayer>
			<PositionRotation>
				<X>-1413.44116</X>
				<Y>-2833.74927</Y>
				<Z>14.2417812</Z>
				<Pitch>-0.00403291732</Pitch>
				<Roll>-90.0098801</Roll>
				<Yaw>51.3720284</Yaw>
			</PositionRotation>
			<Attachment isAttached="true">
				<AttachedTo>119087</AttachedTo>
				<BoneIndex>0</BoneIndex>
				<X>-0.410000026</X>
				<Y>-0.600000083</Y>
				<Z>0.759999871</Z>
				<Pitch>-2.23517418e-007</Pitch>
				<Roll>-90.0000076</Roll>
				<Yaw>0</Yaw>
			</Attachment>
		</Attachment>
	</SpoonerAttachments>
</Vehicle>
