<?xml version="1.0" encoding="ISO-8859-1"?>
<Vehicle menyoo_ver="0.9998744b">
	<ModelHash>0x42bc5e19</ModelHash>
	<InitialHandle>651849</InitialHandle>
	<VehicleProperties>
		<Colours>
			<Primary>12</Primary>
			<Secondary>23</Secondary>
			<Pearl>0</Pearl>
			<Rim>156</Rim>
			<Mod1_a>6</Mod1_a>
			<Mod1_b>-1</Mod1_b>
			<Mod1_c>-1</Mod1_c>
			<Mod2_a>6</Mod2_a>
			<Mod2_b>-1</Mod2_b>
			<IsPrimaryColourCustom>false</IsPrimaryColourCustom>
			<IsSecondaryColourCustom>false</IsSecondaryColourCustom>
			<tyreSmoke_R>255</tyreSmoke_R>
			<tyreSmoke_G>255</tyreSmoke_G>
			<tyreSmoke_B>255</tyreSmoke_B>
			<LrInterior>26</LrInterior>
			<LrDashboard>0</LrDashboard>
		</Colours>
		<Livery>-1</Livery>
		<NumberPlateText>02GNU433</NumberPlateText>
		<NumberPlateIndex>2</NumberPlateIndex>
		<WheelType>1</WheelType>
		<WheelsInvisible>false</WheelsInvisible>
		<EngineSoundName></EngineSoundName>
		<WindowTint>1</WindowTint>
		<BulletProofTyres>true</BulletProofTyres>
		<DirtLevel>0.0189539976</DirtLevel>
		<PaintFade>0.298039228</PaintFade>
		<RoofState>0</RoofState>
		<SirenActive>false</SirenActive>
		<EngineOn>true</EngineOn>
		<EngineHealth>10000</EngineHealth>
		<LightsOn>true</LightsOn>
		<IsRadioLoud>0</IsRadioLoud>
		<LockStatus>1</LockStatus>
		<Neons>
			<Left>true</Left>
			<Right>true</Right>
			<Front>true</Front>
			<Back>true</Back>
			<R>255</R>
			<G>62</G>
			<B>0</B>
		</Neons>
		<ModExtras />
		<Mods>
			<_0>1,0</_0>
			<_1>0,0</_1>
			<_2>-1,0</_2>
			<_3>-1,0</_3>
			<_4>4,0</_4>
			<_5>-1,0</_5>
			<_6>4,0</_6>
			<_7>1,0</_7>
			<_8>-1,0</_8>
			<_9>-1,0</_9>
			<_10>0,0</_10>
			<_11>3,0</_11>
			<_12>2,0</_12>
			<_13>2,0</_13>
			<_14>44,0</_14>
			<_15>-1,0</_15>
			<_16>4,0</_16>
			<_17>false</_17>
			<_18>true</_18>
			<_19>false</_19>
			<_20>true</_20>
			<_21>false</_21>
			<_22>false</_22>
			<_23>-1,0</_23>
			<_24>-1,0</_24>
			<_25>12,0</_25>
			<_26>15,0</_26>
			<_27>2,0</_27>
			<_28>44,0</_28>
			<_29>1,0</_29>
			<_30>13,0</_30>
			<_31>-1,0</_31>
			<_32>10,0</_32>
			<_33>15,0</_33>
			<_34>14,0</_34>
			<_35>21,0</_35>
			<_36>-1,0</_36>
			<_37>-1,0</_37>
			<_38>3,0</_38>
			<_39>3,0</_39>
			<_40>4,0</_40>
			<_41>-1,0</_41>
			<_42>-1,0</_42>
			<_43>-1,0</_43>
			<_44>-1,0</_44>
			<_45>1,0</_45>
			<_46>0,0</_46>
			<_47>-1,0</_47>
			<_48>4,0</_48>
		</Mods>
		<DoorsOpen>
			<BackLeftDoor>false</BackLeftDoor>
			<BackRightDoor>false</BackRightDoor>
			<FrontLeftDoor>false</FrontLeftDoor>
			<FrontRightDoor>false</FrontRightDoor>
			<Hood>false</Hood>
			<Trunk>false</Trunk>
			<Trunk2>false</Trunk2>
		</DoorsOpen>
		<DoorsBroken>
			<BackLeftDoor>false</BackLeftDoor>
			<BackRightDoor>false</BackRightDoor>
			<FrontLeftDoor>false</FrontLeftDoor>
			<FrontRightDoor>false</FrontRightDoor>
			<Hood>false</Hood>
			<Trunk>false</Trunk>
			<Trunk2>false</Trunk2>
		</DoorsBroken>
		<TyresBursted>
			<FrontLeft>false</FrontLeft>
			<FrontRight>false</FrontRight>
			<_2>false</_2>
			<_3>false</_3>
			<BackLeft>false</BackLeft>
			<BackRight>false</BackRight>
			<_6>false</_6>
			<_7>false</_7>
			<_8>false</_8>
		</TyresBursted>
		<RpmMultiplier>1</RpmMultiplier>
		<TorqueMultiplier>1</TorqueMultiplier>
		<HeadlightIntensity>1</HeadlightIntensity>
	</VehicleProperties>
	<OpacityLevel>255</OpacityLevel>
	<LodDistance>16960</LodDistance>
	<IsVisible>true</IsVisible>
	<IsDriverVisible>true</IsDriverVisible>
	<MaxHealth>1000</MaxHealth>
	<Health>10000</Health>
	<HasGravity>true</HasGravity>
	<IsOnFire>false</IsOnFire>
	<IsInvincible>true</IsInvincible>
	<IsBulletProof>true</IsBulletProof>
	<IsExplosionProof>true</IsExplosionProof>
	<IsFireProof>true</IsFireProof>
	<IsMeleeProof>true</IsMeleeProof>
	<IsOnlyDamagedByPlayer>false</IsOnlyDamagedByPlayer>
	<SpoonerAttachments SetAttachmentsPersistentAndAddToSpoonerDatabase="false" StartTaskSequencesOnLoad="true">
		<Attachment>
			<ModelHash>0x8225145b</ModelHash>
			<Type>3</Type>
			<Dynamic>false</Dynamic>
			<FrozenPos>true</FrozenPos>
			<HashName>prop_cs_mini_tv</HashName>
			<InitialHandle>481611</InitialHandle>
			<ObjectProperties>
				<TextureVariation>0</TextureVariation>
			</ObjectProperties>
			<PtfxLopAsset>core</PtfxLopAsset>
			<PtfxLopEffect>ent_sht_flame</PtfxLopEffect>
			<OpacityLevel>255</OpacityLevel>
			<LodDistance>16960</LodDistance>
			<IsVisible>true</IsVisible>
			<MaxHealth>1000</MaxHealth>
			<Health>0</Health>
			<HasGravity>true</HasGravity>
			<IsOnFire>false</IsOnFire>
			<IsInvincible>false</IsInvincible>
			<IsBulletProof>false</IsBulletProof>
			<IsCollisionProof>false</IsCollisionProof>
			<IsExplosionProof>false</IsExplosionProof>
			<IsFireProof>false</IsFireProof>
			<IsMeleeProof>false</IsMeleeProof>
			<IsOnlyDamagedByPlayer>false</IsOnlyDamagedByPlayer>
			<PositionRotation>
				<X>-325.650787</X>
				<Y>1016.18457</Y>
				<Z>233.219177</Z>
				<Pitch>-83.0904694</Pitch>
				<Roll>28.2091866</Roll>
				<Yaw>36.5147209</Yaw>
			</PositionRotation>
			<Attachment isAttached="true">
				<AttachedTo>651849</AttachedTo>
				<BoneIndex>0</BoneIndex>
				<X>0.0237283632</X>
				<Y>2.27564454</Y>
				<Z>-0.170913085</Z>
				<Pitch>-82.6392365</Pitch>
				<Roll>-70.4671478</Roll>
				<Yaw>-69.3254776</Yaw>
			</Attachment>
		</Attachment>
		<Attachment>
			<ModelHash>0x8225145b</ModelHash>
			<Type>3</Type>
			<Dynamic>false</Dynamic>
			<FrozenPos>true</FrozenPos>
			<HashName>prop_cs_mini_tv</HashName>
			<InitialHandle>184622</InitialHandle>
			<ObjectProperties>
				<TextureVariation>0</TextureVariation>
			</ObjectProperties>
			<PtfxLopAsset>core</PtfxLopAsset>
			<PtfxLopEffect>ent_sht_flame</PtfxLopEffect>
			<OpacityLevel>255</OpacityLevel>
			<LodDistance>16960</LodDistance>
			<IsVisible>true</IsVisible>
			<MaxHealth>1000</MaxHealth>
			<Health>0</Health>
			<HasGravity>true</HasGravity>
			<IsOnFire>false</IsOnFire>
			<IsInvincible>false</IsInvincible>
			<IsBulletProof>false</IsBulletProof>
			<IsCollisionProof>false</IsCollisionProof>
			<IsExplosionProof>false</IsExplosionProof>
			<IsFireProof>false</IsFireProof>
			<IsMeleeProof>false</IsMeleeProof>
			<IsOnlyDamagedByPlayer>false</IsOnlyDamagedByPlayer>
			<PositionRotation>
				<X>-324.99707</X>
				<Y>1016.07483</Y>
				<Z>233.111755</Z>
				<Pitch>-75.3186111</Pitch>
				<Roll>45.8633804</Roll>
				<Yaw>49.9473724</Yaw>
			</PositionRotation>
			<Attachment isAttached="true">
				<AttachedTo>651849</AttachedTo>
				<BoneIndex>0</BoneIndex>
				<X>0.665127218</X>
				<Y>2.07766724</Y>
				<Z>-0.152068257</Z>
				<Pitch>-82.6392212</Pitch>
				<Roll>0.597014904</Roll>
				<Yaw>-2.25235748</Yaw>
			</Attachment>
		</Attachment>
		<Attachment>
			<ModelHash>0x8225145b</ModelHash>
			<Type>3</Type>
			<Dynamic>false</Dynamic>
			<FrozenPos>true</FrozenPos>
			<HashName>prop_cs_mini_tv</HashName>
			<InitialHandle>129613</InitialHandle>
			<ObjectProperties>
				<TextureVariation>0</TextureVariation>
			</ObjectProperties>
			<PtfxLopAsset>core</PtfxLopAsset>
			<PtfxLopEffect>ent_sht_flame</PtfxLopEffect>
			<OpacityLevel>255</OpacityLevel>
			<LodDistance>16960</LodDistance>
			<IsVisible>true</IsVisible>
			<MaxHealth>1000</MaxHealth>
			<Health>0</Health>
			<HasGravity>true</HasGravity>
			<IsOnFire>false</IsOnFire>
			<IsInvincible>false</IsInvincible>
			<IsBulletProof>false</IsBulletProof>
			<IsCollisionProof>false</IsCollisionProof>
			<IsExplosionProof>false</IsExplosionProof>
			<IsFireProof>false</IsFireProof>
			<IsMeleeProof>false</IsMeleeProof>
			<IsOnlyDamagedByPlayer>false</IsOnlyDamagedByPlayer>
			<PositionRotation>
				<X>-326.343262</X>
				<Y>1015.95898</Y>
				<Z>233.174942</Z>
				<Pitch>-74.6336517</Pitch>
				<Roll>40.8079224</Roll>
				<Yaw>52.8064156</Yaw>
			</PositionRotation>
			<Attachment isAttached="true">
				<AttachedTo>651849</AttachedTo>
				<BoneIndex>0</BoneIndex>
				<X>-0.673929036</X>
				<Y>2.13737869</Y>
				<Z>-0.333798289</Z>
				<Pitch>-82.6392212</Pitch>
				<Roll>0.597014904</Roll>
				<Yaw>5.62924957</Yaw>
			</Attachment>
		</Attachment>
		<Attachment>
			<ModelHash>0x8225145b</ModelHash>
			<Type>3</Type>
			<Dynamic>false</Dynamic>
			<FrozenPos>true</FrozenPos>
			<HashName>prop_cs_mini_tv</HashName>
			<InitialHandle>17230</InitialHandle>
			<ObjectProperties>
				<TextureVariation>0</TextureVariation>
			</ObjectProperties>
			<PtfxLopAsset>scr_finale1</PtfxLopAsset>
			<PtfxLopEffect>scr_fin_fire_petrol_trev</PtfxLopEffect>
			<OpacityLevel>255</OpacityLevel>
			<LodDistance>16960</LodDistance>
			<IsVisible>true</IsVisible>
			<MaxHealth>1000</MaxHealth>
			<Health>1000</Health>
			<HasGravity>true</HasGravity>
			<IsOnFire>false</IsOnFire>
			<IsInvincible>false</IsInvincible>
			<IsBulletProof>false</IsBulletProof>
			<IsCollisionProof>false</IsCollisionProof>
			<IsExplosionProof>false</IsExplosionProof>
			<IsFireProof>false</IsFireProof>
			<IsMeleeProof>false</IsMeleeProof>
			<IsOnlyDamagedByPlayer>false</IsOnlyDamagedByPlayer>
			<PositionRotation>
				<X>-325.450195</X>
				<Y>1014.13763</Y>
				<Z>232.82489</Z>
				<Pitch>0.477347165</Pitch>
				<Roll>10.9585543</Roll>
				<Yaw>5.75265455</Yaw>
			</PositionRotation>
			<Attachment isAttached="true">
				<AttachedTo>651849</AttachedTo>
				<BoneIndex>0</BoneIndex>
				<X>0.011896044</X>
				<Y>0.199831679</Y>
				<Z>-0.447656035</Z>
				<Pitch>-2.63922882</Pitch>
				<Roll>0.597014904</Roll>
				<Yaw>-2.04742432</Yaw>
			</Attachment>
		</Attachment>
		<Attachment>
			<ModelHash>0x8225145b</ModelHash>
			<Type>3</Type>
			<Dynamic>false</Dynamic>
			<FrozenPos>true</FrozenPos>
			<HashName>prop_cs_mini_tv</HashName>
			<InitialHandle>1104</InitialHandle>
			<ObjectProperties>
				<TextureVariation>0</TextureVariation>
			</ObjectProperties>
			<PtfxLopAsset>scr_agencyheistb</PtfxLopAsset>
			<PtfxLopEffect>scr_agency3b_heli_exp_trail</PtfxLopEffect>
			<OpacityLevel>255</OpacityLevel>
			<LodDistance>16960</LodDistance>
			<IsVisible>true</IsVisible>
			<MaxHealth>1000</MaxHealth>
			<Health>1000</Health>
			<HasGravity>true</HasGravity>
			<IsOnFire>false</IsOnFire>
			<IsInvincible>false</IsInvincible>
			<IsBulletProof>false</IsBulletProof>
			<IsCollisionProof>false</IsCollisionProof>
			<IsExplosionProof>false</IsExplosionProof>
			<IsFireProof>false</IsFireProof>
			<IsMeleeProof>false</IsMeleeProof>
			<IsOnlyDamagedByPlayer>false</IsOnlyDamagedByPlayer>
			<PositionRotation>
				<X>-325.391083</X>
				<Y>1013.97009</Y>
				<Z>232.790573</Z>
				<Pitch>0.376004696</Pitch>
				<Roll>10.9886122</Roll>
				<Yaw>5.19919872</Yaw>
			</PositionRotation>
			<Attachment isAttached="true">
				<AttachedTo>651849</AttachedTo>
				<BoneIndex>0</BoneIndex>
				<X>0.0529104769</X>
				<Y>0.0243971944</Y>
				<Z>-0.464451164</Z>
				<Pitch>-2.63922882</Pitch>
				<Roll>0.597014904</Roll>
				<Yaw>-2.61066437</Yaw>
			</Attachment>
		</Attachment>
	</SpoonerAttachments>
</Vehicle>
