<?xml version="1.0" encoding="ISO-8859-1"?>
<Vehicle menyoo_ver="0.9998744b">
	<ModelHash>0x39f9c898</ModelHash>
	<InitialHandle>449282</InitialHandle>
	<VehicleProperties>
		<Colours>
			<Primary>27</Primary>
			<Secondary>111</Secondary>
			<Pearl>36</Pearl>
			<Rim>122</Rim>
			<Mod1_a>6</Mod1_a>
			<Mod1_b>-1</Mod1_b>
			<Mod1_c>-1</Mod1_c>
			<Mod2_a>6</Mod2_a>
			<Mod2_b>-1</Mod2_b>
			<IsPrimaryColourCustom>false</IsPrimaryColourCustom>
			<IsSecondaryColourCustom>false</IsSecondaryColourCustom>
			<tyreSmoke_R>255</tyreSmoke_R>
			<tyreSmoke_G>255</tyreSmoke_G>
			<tyreSmoke_B>255</tyreSmoke_B>
			<LrInterior>0</LrInterior>
			<LrDashboard>0</LrDashboard>
		</Colours>
		<Livery>-1</Livery>
		<NumberPlateText>63DUX722</NumberPlateText>
		<NumberPlateIndex>0</NumberPlateIndex>
		<WheelType>1</WheelType>
		<WheelsInvisible>false</WheelsInvisible>
		<EngineSoundName></EngineSoundName>
		<WindowTint>1</WindowTint>
		<BulletProofTyres>true</BulletProofTyres>
		<DirtLevel>1.1332072</DirtLevel>
		<PaintFade>0.298039228</PaintFade>
		<RoofState>0</RoofState>
		<SirenActive>false</SirenActive>
		<EngineOn>true</EngineOn>
		<EngineHealth>1000</EngineHealth>
		<LightsOn>false</LightsOn>
		<IsRadioLoud>0</IsRadioLoud>
		<LockStatus>1</LockStatus>
		<Neons>
			<Left>false</Left>
			<Right>false</Right>
			<Front>false</Front>
			<Back>false</Back>
			<R>255</R>
			<G>0</G>
			<B>255</B>
		</Neons>
		<ModExtras />
		<Mods>
			<_0>1,0</_0>
			<_1>3,0</_1>
			<_2>1,0</_2>
			<_3>-1,0</_3>
			<_4>0,0</_4>
			<_5>0,0</_5>
			<_6>1,0</_6>
			<_7>2,0</_7>
			<_8>-1,0</_8>
			<_9>-1,0</_9>
			<_10>0,0</_10>
			<_11>3,0</_11>
			<_12>2,0</_12>
			<_13>2,0</_13>
			<_14>0,0</_14>
			<_15>3,0</_15>
			<_16>4,0</_16>
			<_17>false</_17>
			<_18>true</_18>
			<_19>false</_19>
			<_20>true</_20>
			<_21>false</_21>
			<_22>true</_22>
			<_23>15,1</_23>
			<_24>-1,0</_24>
			<_25>-1,0</_25>
			<_26>-1,0</_26>
			<_27>-1,0</_27>
			<_28>-1,0</_28>
			<_29>-1,0</_29>
			<_30>-1,0</_30>
			<_31>-1,0</_31>
			<_32>-1,0</_32>
			<_33>-1,0</_33>
			<_34>-1,0</_34>
			<_35>-1,0</_35>
			<_36>-1,0</_36>
			<_37>-1,0</_37>
			<_38>-1,0</_38>
			<_39>-1,0</_39>
			<_40>-1,0</_40>
			<_41>-1,0</_41>
			<_42>-1,0</_42>
			<_43>-1,0</_43>
			<_44>-1,0</_44>
			<_45>-1,0</_45>
			<_46>-1,0</_46>
			<_47>-1,0</_47>
			<_48>-1,0</_48>
		</Mods>
		<DoorsOpen>
			<BackLeftDoor>false</BackLeftDoor>
			<BackRightDoor>false</BackRightDoor>
			<FrontLeftDoor>false</FrontLeftDoor>
			<FrontRightDoor>false</FrontRightDoor>
			<Hood>false</Hood>
			<Trunk>false</Trunk>
			<Trunk2>false</Trunk2>
		</DoorsOpen>
		<DoorsBroken>
			<BackLeftDoor>false</BackLeftDoor>
			<BackRightDoor>false</BackRightDoor>
			<FrontLeftDoor>false</FrontLeftDoor>
			<FrontRightDoor>false</FrontRightDoor>
			<Hood>true</Hood>
			<Trunk>false</Trunk>
			<Trunk2>false</Trunk2>
		</DoorsBroken>
		<TyresBursted>
			<FrontLeft>false</FrontLeft>
			<FrontRight>false</FrontRight>
			<_2>false</_2>
			<_3>false</_3>
			<BackLeft>false</BackLeft>
			<BackRight>false</BackRight>
			<_6>false</_6>
			<_7>false</_7>
			<_8>false</_8>
		</TyresBursted>
		<RpmMultiplier>1</RpmMultiplier>
		<TorqueMultiplier>1</TorqueMultiplier>
		<HeadlightIntensity>1</HeadlightIntensity>
	</VehicleProperties>
	<OpacityLevel>255</OpacityLevel>
	<LodDistance>16960</LodDistance>
	<IsVisible>true</IsVisible>
	<IsDriverVisible>true</IsDriverVisible>
	<MaxHealth>10000</MaxHealth>
	<Health>10000</Health>
	<HasGravity>true</HasGravity>
	<IsOnFire>false</IsOnFire>
	<IsInvincible>true</IsInvincible>
	<IsBulletProof>false</IsBulletProof>
	<IsExplosionProof>true</IsExplosionProof>
	<IsFireProof>false</IsFireProof>
	<IsMeleeProof>true</IsMeleeProof>
	<IsOnlyDamagedByPlayer>false</IsOnlyDamagedByPlayer>
	<SpoonerAttachments SetAttachmentsPersistentAndAddToSpoonerDatabase="false" StartTaskSequencesOnLoad="true">
		<Attachment>
			<ModelHash>0xfc612f85</ModelHash>
			<Type>3</Type>
			<Dynamic>false</Dynamic>
			<FrozenPos>true</FrozenPos>
			<HashName>prop_car_exhaust_01</HashName>
			<InitialHandle>87306</InitialHandle>
			<ObjectProperties>
				<TextureVariation>0</TextureVariation>
			</ObjectProperties>
			<OpacityLevel>255</OpacityLevel>
			<LodDistance>16960</LodDistance>
			<IsVisible>true</IsVisible>
			<MaxHealth>1000</MaxHealth>
			<Health>0</Health>
			<HasGravity>true</HasGravity>
			<IsOnFire>false</IsOnFire>
			<IsInvincible>false</IsInvincible>
			<IsBulletProof>false</IsBulletProof>
			<IsCollisionProof>false</IsCollisionProof>
			<IsExplosionProof>false</IsExplosionProof>
			<IsFireProof>false</IsFireProof>
			<IsMeleeProof>false</IsMeleeProof>
			<IsOnlyDamagedByPlayer>false</IsOnlyDamagedByPlayer>
			<PositionRotation>
				<X>1804.31018</X>
				<Y>3289.14551</Y>
				<Z>42.562542</Z>
				<Pitch>-16.132782</Pitch>
				<Roll>-1.07864535</Roll>
				<Yaw>-86.3725433</Yaw>
			</PositionRotation>
			<Attachment isAttached="true">
				<AttachedTo>449282</AttachedTo>
				<BoneIndex>0</BoneIndex>
				<X>-0.529999852</X>
				<Y>-2.24000001</Y>
				<Z>0.379999995</Z>
				<Pitch>-19.9999981</Pitch>
				<Roll>0</Roll>
				<Yaw>0</Yaw>
			</Attachment>
		</Attachment>
		<Attachment>
			<ModelHash>0xfc612f85</ModelHash>
			<Type>3</Type>
			<Dynamic>false</Dynamic>
			<FrozenPos>true</FrozenPos>
			<HashName>prop_car_exhaust_01</HashName>
			<InitialHandle>120586</InitialHandle>
			<ObjectProperties>
				<TextureVariation>0</TextureVariation>
			</ObjectProperties>
			<OpacityLevel>255</OpacityLevel>
			<LodDistance>16960</LodDistance>
			<IsVisible>true</IsVisible>
			<MaxHealth>1000</MaxHealth>
			<Health>0</Health>
			<HasGravity>true</HasGravity>
			<IsOnFire>false</IsOnFire>
			<IsInvincible>false</IsInvincible>
			<IsBulletProof>false</IsBulletProof>
			<IsCollisionProof>false</IsCollisionProof>
			<IsExplosionProof>false</IsExplosionProof>
			<IsFireProof>false</IsFireProof>
			<IsMeleeProof>false</IsMeleeProof>
			<IsOnlyDamagedByPlayer>false</IsOnlyDamagedByPlayer>
			<PositionRotation>
				<X>1804.35754</X>
				<Y>3289.1521</Y>
				<Z>42.7461472</Z>
				<Pitch>-16.1327839</Pitch>
				<Roll>178.92131</Roll>
				<Yaw>-86.3725433</Yaw>
			</PositionRotation>
			<Attachment isAttached="true">
				<AttachedTo>449282</AttachedTo>
				<BoneIndex>-1</BoneIndex>
				<X>-0.529999971</X>
				<Y>-2.18000007</Y>
				<Z>0.539999962</Z>
				<Pitch>-19.9999962</Pitch>
				<Roll>179.999985</Roll>
				<Yaw>0</Yaw>
			</Attachment>
		</Attachment>
		<Attachment>
			<ModelHash>0xfc612f85</ModelHash>
			<Type>3</Type>
			<Dynamic>false</Dynamic>
			<FrozenPos>true</FrozenPos>
			<HashName>prop_car_exhaust_01</HashName>
			<InitialHandle>267786</InitialHandle>
			<ObjectProperties>
				<TextureVariation>0</TextureVariation>
			</ObjectProperties>
			<OpacityLevel>255</OpacityLevel>
			<LodDistance>16960</LodDistance>
			<IsVisible>true</IsVisible>
			<MaxHealth>1000</MaxHealth>
			<Health>0</Health>
			<HasGravity>true</HasGravity>
			<IsOnFire>false</IsOnFire>
			<IsInvincible>false</IsInvincible>
			<IsBulletProof>false</IsBulletProof>
			<IsCollisionProof>false</IsCollisionProof>
			<IsExplosionProof>false</IsExplosionProof>
			<IsFireProof>false</IsFireProof>
			<IsMeleeProof>false</IsMeleeProof>
			<IsOnlyDamagedByPlayer>false</IsOnlyDamagedByPlayer>
			<PositionRotation>
				<X>1804.38989</X>
				<Y>3288.10913</Y>
				<Z>42.6019745</Z>
				<Pitch>-16.132782</Pitch>
				<Roll>-1.07864535</Roll>
				<Yaw>-86.3725433</Yaw>
			</PositionRotation>
			<Attachment isAttached="true">
				<AttachedTo>449282</AttachedTo>
				<BoneIndex>0</BoneIndex>
				<X>0.50999999</X>
				<Y>-2.23000002</Y>
				<Z>0.399999917</Z>
				<Pitch>-19.9999981</Pitch>
				<Roll>0</Roll>
				<Yaw>0</Yaw>
			</Attachment>
		</Attachment>
		<Attachment>
			<ModelHash>0xfc612f85</ModelHash>
			<Type>3</Type>
			<Dynamic>false</Dynamic>
			<FrozenPos>true</FrozenPos>
			<HashName>prop_car_exhaust_01</HashName>
			<InitialHandle>338186</InitialHandle>
			<ObjectProperties>
				<TextureVariation>0</TextureVariation>
			</ObjectProperties>
			<OpacityLevel>255</OpacityLevel>
			<LodDistance>16960</LodDistance>
			<IsVisible>true</IsVisible>
			<MaxHealth>1000</MaxHealth>
			<Health>0</Health>
			<HasGravity>true</HasGravity>
			<IsOnFire>false</IsOnFire>
			<IsInvincible>false</IsInvincible>
			<IsBulletProof>false</IsBulletProof>
			<IsCollisionProof>false</IsCollisionProof>
			<IsExplosionProof>false</IsExplosionProof>
			<IsFireProof>false</IsFireProof>
			<IsMeleeProof>false</IsMeleeProof>
			<IsOnlyDamagedByPlayer>false</IsOnlyDamagedByPlayer>
			<PositionRotation>
				<X>1804.43738</X>
				<Y>3288.11572</Y>
				<Z>42.7855797</Z>
				<Pitch>-16.1327877</Pitch>
				<Roll>178.921371</Roll>
				<Yaw>-86.3725433</Yaw>
			</PositionRotation>
			<Attachment isAttached="true">
				<AttachedTo>449282</AttachedTo>
				<BoneIndex>0</BoneIndex>
				<X>0.50999999</X>
				<Y>-2.17000008</Y>
				<Z>0.579999924</Z>
				<Pitch>-19.9999981</Pitch>
				<Roll>-179.999985</Roll>
				<Yaw>0</Yaw>
			</Attachment>
		</Attachment>
		<Attachment>
			<ModelHash>0xf2f47da7</ModelHash>
			<Type>3</Type>
			<Dynamic>false</Dynamic>
			<FrozenPos>true</FrozenPos>
			<HashName>w_lr_rpg</HashName>
			<InitialHandle>333072</InitialHandle>
			<ObjectProperties>
				<TextureVariation>0</TextureVariation>
			</ObjectProperties>
			<OpacityLevel>255</OpacityLevel>
			<LodDistance>16960</LodDistance>
			<IsVisible>true</IsVisible>
			<MaxHealth>1000</MaxHealth>
			<Health>867</Health>
			<HasGravity>true</HasGravity>
			<IsOnFire>false</IsOnFire>
			<IsInvincible>false</IsInvincible>
			<IsBulletProof>false</IsBulletProof>
			<IsCollisionProof>false</IsCollisionProof>
			<IsExplosionProof>false</IsExplosionProof>
			<IsFireProof>false</IsFireProof>
			<IsMeleeProof>false</IsMeleeProof>
			<IsOnlyDamagedByPlayer>false</IsOnlyDamagedByPlayer>
			<PositionRotation>
				<X>1807.44006</X>
				<Y>3287.85132</Y>
				<Z>42.6451454</Z>
				<Pitch>69.0376511</Pitch>
				<Roll>-11.0152979</Roll>
				<Yaw>10.8828878</Yaw>
			</PositionRotation>
			<Attachment isAttached="true">
				<AttachedTo>449282</AttachedTo>
				<BoneIndex>0</BoneIndex>
				<X>0.976755023</X>
				<Y>0.79081583</Y>
				<Z>0.230757669</Z>
				<Pitch>70.1977234</Pitch>
				<Roll>-0.00243001408</Roll>
				<Yaw>86.5930099</Yaw>
			</Attachment>
		</Attachment>
		<Attachment>
			<ModelHash>0xf2f47da7</ModelHash>
			<Type>3</Type>
			<Dynamic>false</Dynamic>
			<FrozenPos>true</FrozenPos>
			<HashName>w_lr_rpg</HashName>
			<InitialHandle>376848</InitialHandle>
			<ObjectProperties>
				<TextureVariation>0</TextureVariation>
			</ObjectProperties>
			<OpacityLevel>255</OpacityLevel>
			<LodDistance>16960</LodDistance>
			<IsVisible>true</IsVisible>
			<MaxHealth>1000</MaxHealth>
			<Health>943</Health>
			<HasGravity>true</HasGravity>
			<IsOnFire>false</IsOnFire>
			<IsInvincible>false</IsInvincible>
			<IsBulletProof>false</IsBulletProof>
			<IsCollisionProof>false</IsCollisionProof>
			<IsExplosionProof>false</IsExplosionProof>
			<IsFireProof>false</IsFireProof>
			<IsMeleeProof>false</IsMeleeProof>
			<IsOnlyDamagedByPlayer>false</IsOnlyDamagedByPlayer>
			<PositionRotation>
				<X>1807.46558</X>
				<Y>3287.87036</Y>
				<Z>42.5062637</Z>
				<Pitch>78.69207</Pitch>
				<Roll>-20.3924084</Roll>
				<Yaw>20.7111988</Yaw>
			</PositionRotation>
			<Attachment isAttached="true">
				<AttachedTo>449282</AttachedTo>
				<BoneIndex>0</BoneIndex>
				<X>0.957108378</X>
				<Y>0.80815053</Y>
				<Z>0.0907215625</Z>
				<Pitch>80.1977234</Pitch>
				<Roll>-0.00243001408</Roll>
				<Yaw>86.6953278</Yaw>
			</Attachment>
		</Attachment>
		<Attachment>
			<ModelHash>0xf2f47da7</ModelHash>
			<Type>3</Type>
			<Dynamic>false</Dynamic>
			<FrozenPos>true</FrozenPos>
			<HashName>w_lr_rpg</HashName>
			<InitialHandle>364304</InitialHandle>
			<ObjectProperties>
				<TextureVariation>0</TextureVariation>
			</ObjectProperties>
			<OpacityLevel>255</OpacityLevel>
			<LodDistance>16960</LodDistance>
			<IsVisible>true</IsVisible>
			<MaxHealth>1000</MaxHealth>
			<Health>1000</Health>
			<HasGravity>true</HasGravity>
			<IsOnFire>false</IsOnFire>
			<IsInvincible>false</IsInvincible>
			<IsBulletProof>false</IsBulletProof>
			<IsCollisionProof>false</IsCollisionProof>
			<IsExplosionProof>false</IsExplosionProof>
			<IsFireProof>false</IsFireProof>
			<IsMeleeProof>false</IsMeleeProof>
			<IsOnlyDamagedByPlayer>false</IsOnlyDamagedByPlayer>
			<PositionRotation>
				<X>1807.47449</X>
				<Y>3287.88794</Y>
				<Z>42.3562469</Z>
				<Pitch>78.5165634</Pitch>
				<Roll>-19.8157749</Roll>
				<Yaw>23.1385593</Yaw>
			</PositionRotation>
			<Attachment isAttached="true">
				<AttachedTo>449282</AttachedTo>
				<BoneIndex>0</BoneIndex>
				<X>0.937508345</X>
				<Y>0.808146834</Y>
				<Z>-0.0593056977</Z>
				<Pitch>80.1977234</Pitch>
				<Roll>-0.00243001408</Roll>
				<Yaw>89.6952591</Yaw>
			</Attachment>
		</Attachment>
		<Attachment>
			<ModelHash>0xf2f47da7</ModelHash>
			<Type>3</Type>
			<Dynamic>false</Dynamic>
			<FrozenPos>true</FrozenPos>
			<HashName>w_lr_rpg</HashName>
			<InitialHandle>512272</InitialHandle>
			<ObjectProperties>
				<TextureVariation>0</TextureVariation>
			</ObjectProperties>
			<OpacityLevel>255</OpacityLevel>
			<LodDistance>16960</LodDistance>
			<IsVisible>true</IsVisible>
			<MaxHealth>1000</MaxHealth>
			<Health>1000</Health>
			<HasGravity>true</HasGravity>
			<IsOnFire>false</IsOnFire>
			<IsInvincible>false</IsInvincible>
			<IsBulletProof>false</IsBulletProof>
			<IsCollisionProof>false</IsCollisionProof>
			<IsExplosionProof>false</IsExplosionProof>
			<IsFireProof>false</IsFireProof>
			<IsMeleeProof>false</IsMeleeProof>
			<IsOnlyDamagedByPlayer>false</IsOnlyDamagedByPlayer>
			<PositionRotation>
				<X>1807.29321</X>
				<Y>3289.75439</Y>
				<Z>42.6089363</Z>
				<Pitch>-80.0529251</Pitch>
				<Roll>-22.9840775</Roll>
				<Yaw>-18.8578568</Yaw>
			</PositionRotation>
			<Attachment isAttached="true">
				<AttachedTo>449282</AttachedTo>
				<BoneIndex>0</BoneIndex>
				<X>-0.932112455</X>
				<Y>0.774520874</Y>
				<Z>0.230162099</Z>
				<Pitch>-79.802269</Pitch>
				<Roll>-0.00243001408</Roll>
				<Yaw>89.8166962</Yaw>
			</Attachment>
		</Attachment>
		<Attachment>
			<ModelHash>0xf2f47da7</ModelHash>
			<Type>3</Type>
			<Dynamic>false</Dynamic>
			<FrozenPos>true</FrozenPos>
			<HashName>w_lr_rpg</HashName>
			<InitialHandle>548624</InitialHandle>
			<ObjectProperties>
				<TextureVariation>0</TextureVariation>
			</ObjectProperties>
			<OpacityLevel>255</OpacityLevel>
			<LodDistance>16960</LodDistance>
			<IsVisible>true</IsVisible>
			<MaxHealth>1000</MaxHealth>
			<Health>1000</Health>
			<HasGravity>true</HasGravity>
			<IsOnFire>false</IsOnFire>
			<IsInvincible>false</IsInvincible>
			<IsBulletProof>false</IsBulletProof>
			<IsCollisionProof>false</IsCollisionProof>
			<IsExplosionProof>false</IsExplosionProof>
			<IsFireProof>false</IsFireProof>
			<IsMeleeProof>false</IsMeleeProof>
			<IsOnlyDamagedByPlayer>false</IsOnlyDamagedByPlayer>
			<PositionRotation>
				<X>1807.33093</X>
				<Y>3289.79053</Y>
				<Z>42.3203239</Z>
				<Pitch>-80.0529251</Pitch>
				<Roll>-22.9840775</Roll>
				<Yaw>-18.8578568</Yaw>
			</PositionRotation>
			<Attachment isAttached="true">
				<AttachedTo>449282</AttachedTo>
				<BoneIndex>54</BoneIndex>
				<X>-0.970949769</X>
				<Y>0.795138717</Y>
				<Z>-0.0598425269</Z>
				<Pitch>-79.802269</Pitch>
				<Roll>-0.00242996216</Roll>
				<Yaw>89.8166962</Yaw>
			</Attachment>
		</Attachment>
		<Attachment>
			<ModelHash>0xf2f47da7</ModelHash>
			<Type>3</Type>
			<Dynamic>false</Dynamic>
			<FrozenPos>true</FrozenPos>
			<HashName>w_lr_rpg</HashName>
			<InitialHandle>142608</InitialHandle>
			<ObjectProperties>
				<TextureVariation>0</TextureVariation>
			</ObjectProperties>
			<OpacityLevel>255</OpacityLevel>
			<LodDistance>16960</LodDistance>
			<IsVisible>true</IsVisible>
			<MaxHealth>1000</MaxHealth>
			<Health>1000</Health>
			<HasGravity>true</HasGravity>
			<IsOnFire>false</IsOnFire>
			<IsInvincible>false</IsInvincible>
			<IsBulletProof>false</IsBulletProof>
			<IsCollisionProof>false</IsCollisionProof>
			<IsExplosionProof>false</IsExplosionProof>
			<IsFireProof>false</IsFireProof>
			<IsMeleeProof>false</IsMeleeProof>
			<IsOnlyDamagedByPlayer>false</IsOnlyDamagedByPlayer>
			<PositionRotation>
				<X>1807.32629</X>
				<Y>3289.77222</Y>
				<Z>42.480484</Z>
				<Pitch>-80.2472992</Pitch>
				<Roll>-23.4408092</Roll>
				<Yaw>-19.1407299</Yaw>
			</PositionRotation>
			<Attachment isAttached="true">
				<AttachedTo>449282</AttachedTo>
				<BoneIndex>0</BoneIndex>
				<X>-0.950000048</X>
				<Y>0.799999952</Y>
				<Z>0.099999994</Z>
				<Pitch>-79.9999924</Pitch>
				<Roll>0</Roll>
				<Yaw>89.9999924</Yaw>
			</Attachment>
		</Attachment>
		<Attachment>
			<ModelHash>0xd37a33c0</ModelHash>
			<Type>3</Type>
			<Dynamic>false</Dynamic>
			<FrozenPos>true</FrozenPos>
			<HashName>w_sr_heavysniper</HashName>
			<InitialHandle>776217</InitialHandle>
			<ObjectProperties>
				<TextureVariation>0</TextureVariation>
			</ObjectProperties>
			<OpacityLevel>255</OpacityLevel>
			<LodDistance>16960</LodDistance>
			<IsVisible>true</IsVisible>
			<MaxHealth>1000</MaxHealth>
			<Health>1000</Health>
			<HasGravity>true</HasGravity>
			<IsOnFire>false</IsOnFire>
			<IsInvincible>false</IsInvincible>
			<IsBulletProof>false</IsBulletProof>
			<IsCollisionProof>false</IsCollisionProof>
			<IsExplosionProof>false</IsExplosionProof>
			<IsFireProof>false</IsFireProof>
			<IsMeleeProof>false</IsMeleeProof>
			<IsOnlyDamagedByPlayer>false</IsOnlyDamagedByPlayer>
			<PositionRotation>
				<X>1808.14758</X>
				<Y>3288.30151</Y>
				<Z>42.7732506</Z>
				<Pitch>-0.736489058</Pitch>
				<Roll>-3.89271235</Roll>
				<Yaw>2.4296577</Yaw>
			</PositionRotation>
			<Attachment isAttached="true">
				<AttachedTo>449282</AttachedTo>
				<BoneIndex>0</BoneIndex>
				<X>0.578603268</X>
				<Y>1.53484547</Y>
				<Z>0.316132456</Z>
				<Pitch>0.197729051</Pitch>
				<Roll>-0.00243001408</Roll>
				<Yaw>88.4857941</Yaw>
			</Attachment>
		</Attachment>
		<Attachment>
			<ModelHash>0xd37a33c0</ModelHash>
			<Type>3</Type>
			<Dynamic>false</Dynamic>
			<FrozenPos>true</FrozenPos>
			<HashName>w_sr_heavysniper</HashName>
			<InitialHandle>30490</InitialHandle>
			<ObjectProperties>
				<TextureVariation>0</TextureVariation>
			</ObjectProperties>
			<OpacityLevel>255</OpacityLevel>
			<LodDistance>16960</LodDistance>
			<IsVisible>true</IsVisible>
			<MaxHealth>1000</MaxHealth>
			<Health>1000</Health>
			<HasGravity>true</HasGravity>
			<IsOnFire>false</IsOnFire>
			<IsInvincible>false</IsInvincible>
			<IsBulletProof>false</IsBulletProof>
			<IsCollisionProof>false</IsCollisionProof>
			<IsExplosionProof>false</IsExplosionProof>
			<IsFireProof>false</IsFireProof>
			<IsMeleeProof>false</IsMeleeProof>
			<IsOnlyDamagedByPlayer>false</IsOnlyDamagedByPlayer>
			<PositionRotation>
				<X>1808.15137</X>
				<Y>3288.17749</Y>
				<Z>42.7770233</Z>
				<Pitch>-0.743431747</Pitch>
				<Roll>-3.89104033</Roll>
				<Yaw>2.53178334</Yaw>
			</PositionRotation>
			<Attachment isAttached="true">
				<AttachedTo>449282</AttachedTo>
				<BoneIndex>0</BoneIndex>
				<X>0.70244199</X>
				<Y>1.53030324</Y>
				<Z>0.317977577</Z>
				<Pitch>0.197729051</Pitch>
				<Roll>-0.00243001408</Roll>
				<Yaw>88.58815</Yaw>
			</Attachment>
		</Attachment>
		<Attachment>
			<ModelHash>0xd37a33c0</ModelHash>
			<Type>3</Type>
			<Dynamic>false</Dynamic>
			<FrozenPos>true</FrozenPos>
			<HashName>w_sr_heavysniper</HashName>
			<InitialHandle>697881</InitialHandle>
			<ObjectProperties>
				<TextureVariation>0</TextureVariation>
			</ObjectProperties>
			<OpacityLevel>255</OpacityLevel>
			<LodDistance>16960</LodDistance>
			<IsVisible>true</IsVisible>
			<MaxHealth>1000</MaxHealth>
			<Health>1000</Health>
			<HasGravity>true</HasGravity>
			<IsOnFire>false</IsOnFire>
			<IsInvincible>false</IsInvincible>
			<IsBulletProof>false</IsBulletProof>
			<IsCollisionProof>false</IsCollisionProof>
			<IsExplosionProof>false</IsExplosionProof>
			<IsFireProof>false</IsFireProof>
			<IsMeleeProof>false</IsMeleeProof>
			<IsOnlyDamagedByPlayer>false</IsOnlyDamagedByPlayer>
			<PositionRotation>
				<X>1808.08813</X>
				<Y>3289.57764</Y>
				<Z>42.7616386</Z>
				<Pitch>-0.708670139</Pitch>
				<Roll>-3.89928102</Roll>
				<Yaw>2.02088809</Yaw>
			</PositionRotation>
			<Attachment isAttached="true">
				<AttachedTo>449282</AttachedTo>
				<BoneIndex>0</BoneIndex>
				<X>-0.69864285</X>
				<Y>1.56371987</Y>
				<Z>0.325695068</Z>
				<Pitch>0.197729051</Pitch>
				<Roll>-0.00243001408</Roll>
				<Yaw>88.0761185</Yaw>
			</Attachment>
		</Attachment>
		<Attachment>
			<ModelHash>0xd37a33c0</ModelHash>
			<Type>3</Type>
			<Dynamic>false</Dynamic>
			<FrozenPos>true</FrozenPos>
			<HashName>w_sr_heavysniper</HashName>
			<InitialHandle>65050</InitialHandle>
			<ObjectProperties>
				<TextureVariation>0</TextureVariation>
			</ObjectProperties>
			<OpacityLevel>255</OpacityLevel>
			<LodDistance>16960</LodDistance>
			<IsVisible>true</IsVisible>
			<MaxHealth>1000</MaxHealth>
			<Health>1000</Health>
			<HasGravity>true</HasGravity>
			<IsOnFire>false</IsOnFire>
			<IsInvincible>false</IsInvincible>
			<IsBulletProof>false</IsBulletProof>
			<IsCollisionProof>false</IsCollisionProof>
			<IsExplosionProof>false</IsExplosionProof>
			<IsFireProof>false</IsFireProof>
			<IsMeleeProof>false</IsMeleeProof>
			<IsOnlyDamagedByPlayer>false</IsOnlyDamagedByPlayer>
			<PositionRotation>
				<X>1808.09253</X>
				<Y>3289.45923</Y>
				<Z>42.7619209</Z>
				<Pitch>-0.708663762</Pitch>
				<Roll>-3.89928222</Roll>
				<Yaw>2.02079582</Yaw>
			</PositionRotation>
			<Attachment isAttached="true">
				<AttachedTo>449282</AttachedTo>
				<BoneIndex>0</BoneIndex>
				<X>-0.580240071</X>
				<Y>1.55986714</Y>
				<Z>0.324090511</Z>
				<Pitch>0.197729051</Pitch>
				<Roll>-0.00243001408</Roll>
				<Yaw>88.0760193</Yaw>
			</Attachment>
		</Attachment>
		<Attachment>
			<ModelHash>0x8225145b</ModelHash>
			<Type>3</Type>
			<Dynamic>false</Dynamic>
			<FrozenPos>true</FrozenPos>
			<HashName>prop_cs_mini_tv</HashName>
			<InitialHandle>33053</InitialHandle>
			<ObjectProperties>
				<TextureVariation>0</TextureVariation>
			</ObjectProperties>
			<PtfxLopAsset>core</PtfxLopAsset>
			<PtfxLopEffect>ent_sht_flame</PtfxLopEffect>
			<OpacityLevel>255</OpacityLevel>
			<LodDistance>16960</LodDistance>
			<IsVisible>true</IsVisible>
			<MaxHealth>1000</MaxHealth>
			<Health>0</Health>
			<HasGravity>true</HasGravity>
			<IsOnFire>false</IsOnFire>
			<IsInvincible>false</IsInvincible>
			<IsBulletProof>false</IsBulletProof>
			<IsCollisionProof>false</IsCollisionProof>
			<IsExplosionProof>false</IsExplosionProof>
			<IsFireProof>false</IsFireProof>
			<IsMeleeProof>false</IsMeleeProof>
			<IsOnlyDamagedByPlayer>false</IsOnlyDamagedByPlayer>
			<PositionRotation>
				<X>1804.00366</X>
				<Y>3289.09326</Y>
				<Z>42.7696686</Z>
				<Pitch>74.0877914</Pitch>
				<Roll>-1.06922781</Roll>
				<Yaw>-86.0029678</Yaw>
			</PositionRotation>
			<Attachment isAttached="true">
				<AttachedTo>449282</AttachedTo>
				<BoneIndex>0</BoneIndex>
				<X>-0.495016754</X>
				<Y>-2.5347271</Y>
				<Z>0.606908262</Z>
				<Pitch>70.1977539</Pitch>
				<Roll>1.99756646</Roll>
				<Yaw>-2.88591766</Yaw>
			</Attachment>
		</Attachment>
		<Attachment>
			<ModelHash>0x8225145b</ModelHash>
			<Type>3</Type>
			<Dynamic>false</Dynamic>
			<FrozenPos>true</FrozenPos>
			<HashName>prop_cs_mini_tv</HashName>
			<InitialHandle>198943</InitialHandle>
			<ObjectProperties>
				<TextureVariation>0</TextureVariation>
			</ObjectProperties>
			<PtfxLopAsset>core</PtfxLopAsset>
			<PtfxLopEffect>ent_sht_flame</PtfxLopEffect>
			<OpacityLevel>255</OpacityLevel>
			<LodDistance>16960</LodDistance>
			<IsVisible>true</IsVisible>
			<MaxHealth>1000</MaxHealth>
			<Health>0</Health>
			<HasGravity>true</HasGravity>
			<IsOnFire>false</IsOnFire>
			<IsInvincible>false</IsInvincible>
			<IsBulletProof>false</IsBulletProof>
			<IsCollisionProof>false</IsCollisionProof>
			<IsExplosionProof>false</IsExplosionProof>
			<IsFireProof>false</IsFireProof>
			<IsMeleeProof>false</IsMeleeProof>
			<IsOnlyDamagedByPlayer>false</IsOnlyDamagedByPlayer>
			<PositionRotation>
				<X>1804.12317</X>
				<Y>3288.01709</Y>
				<Z>42.782444</Z>
				<Pitch>63.9197693</Pitch>
				<Roll>-3.14052773</Roll>
				<Yaw>-78.1076355</Yaw>
			</PositionRotation>
			<Attachment isAttached="true">
				<AttachedTo>449282</AttachedTo>
				<BoneIndex>0</BoneIndex>
				<X>0.586868405</X>
				<Y>-2.48978281</Y>
				<Z>0.597065091</Z>
				<Pitch>60.1977272</Pitch>
				<Roll>-0.00243172166</Roll>
				<Yaw>5.15630531</Yaw>
			</Attachment>
		</Attachment>
		<Attachment>
			<ModelHash>0x8225145b</ModelHash>
			<Type>3</Type>
			<Dynamic>false</Dynamic>
			<FrozenPos>true</FrozenPos>
			<HashName>prop_cs_mini_tv</HashName>
			<InitialHandle>7457</InitialHandle>
			<ObjectProperties>
				<TextureVariation>0</TextureVariation>
			</ObjectProperties>
			<PtfxLopAsset>scr_finale1</PtfxLopAsset>
			<PtfxLopEffect>scr_fin_fire_petrol_trev</PtfxLopEffect>
			<OpacityLevel>255</OpacityLevel>
			<LodDistance>16960</LodDistance>
			<IsVisible>true</IsVisible>
			<MaxHealth>1000</MaxHealth>
			<Health>1000</Health>
			<HasGravity>true</HasGravity>
			<IsOnFire>false</IsOnFire>
			<IsInvincible>false</IsInvincible>
			<IsBulletProof>false</IsBulletProof>
			<IsCollisionProof>false</IsCollisionProof>
			<IsExplosionProof>false</IsExplosionProof>
			<IsFireProof>false</IsFireProof>
			<IsMeleeProof>false</IsMeleeProof>
			<IsOnlyDamagedByPlayer>false</IsOnlyDamagedByPlayer>
			<PositionRotation>
				<X>1806.37488</X>
				<Y>3288.76831</Y>
				<Z>42.0403137</Z>
				<Pitch>-3.63603783</Pitch>
				<Roll>1.14224935</Roll>
				<Yaw>95.5784454</Yaw>
			</PositionRotation>
			<Attachment isAttached="true">
				<AttachedTo>449282</AttachedTo>
				<BoneIndex>0</BoneIndex>
				<X>-0.0218003746</X>
				<Y>-0.246428683</Y>
				<Z>-0.287386179</Z>
				<Pitch>0.197729051</Pitch>
				<Roll>-0.00243001408</Roll>
				<Yaw>-178.41806</Yaw>
			</Attachment>
		</Attachment>
	</SpoonerAttachments>
</Vehicle>
