<?xml version="1.0" encoding="ISO-8859-1"?>
<Vehicle menyoo_ver="0.9998744b">
	<ModelHash>0x9cf21e0f</ModelHash>
	<InitialHandle>388402</InitialHandle>
	<VehicleProperties>
		<Colours>
			<Primary>116</Primary>
			<Secondary>0</Secondary>
			<Pearl>116</Pearl>
			<Rim>156</Rim>
			<Mod1_a>6</Mod1_a>
			<Mod1_b>-1</Mod1_b>
			<Mod1_c>-1</Mod1_c>
			<Mod2_a>6</Mod2_a>
			<Mod2_b>-1</Mod2_b>
			<IsPrimaryColourCustom>false</IsPrimaryColourCustom>
			<IsSecondaryColourCustom>false</IsSecondaryColourCustom>
			<tyreSmoke_R>255</tyreSmoke_R>
			<tyreSmoke_G>255</tyreSmoke_G>
			<tyreSmoke_B>255</tyreSmoke_B>
			<LrInterior>0</LrInterior>
			<LrDashboard>0</LrDashboard>
		</Colours>
		<Livery>-1</Livery>
		<NumberPlateText>04YWR029</NumberPlateText>
		<NumberPlateIndex>0</NumberPlateIndex>
		<WheelType>4</WheelType>
		<WheelsInvisible>false</WheelsInvisible>
		<EngineSoundName></EngineSoundName>
		<WindowTint>-1</WindowTint>
		<BulletProofTyres>false</BulletProofTyres>
		<DirtLevel>0.17828384</DirtLevel>
		<PaintFade>0.298039228</PaintFade>
		<RoofState>0</RoofState>
		<SirenActive>false</SirenActive>
		<EngineOn>true</EngineOn>
		<EngineHealth>1000</EngineHealth>
		<LightsOn>false</LightsOn>
		<IsRadioLoud>1</IsRadioLoud>
		<LockStatus>1</LockStatus>
		<Neons>
			<Left>false</Left>
			<Right>false</Right>
			<Front>false</Front>
			<Back>false</Back>
			<R>255</R>
			<G>0</G>
			<B>255</B>
		</Neons>
		<ModExtras>
			<_2>true</_2>
		</ModExtras>
		<Mods>
			<_0>-1,0</_0>
			<_1>-1,0</_1>
			<_2>-1,0</_2>
			<_3>-1,0</_3>
			<_4>-1,0</_4>
			<_5>-1,0</_5>
			<_6>-1,0</_6>
			<_7>-1,0</_7>
			<_8>-1,0</_8>
			<_9>-1,0</_9>
			<_10>-1,0</_10>
			<_11>-1,0</_11>
			<_12>-1,0</_12>
			<_13>-1,0</_13>
			<_14>-1,0</_14>
			<_15>-1,0</_15>
			<_16>-1,0</_16>
			<_17>false</_17>
			<_18>false</_18>
			<_19>false</_19>
			<_20>false</_20>
			<_21>false</_21>
			<_22>false</_22>
			<_23>-1,0</_23>
			<_24>-1,0</_24>
			<_25>-1,0</_25>
			<_26>-1,0</_26>
			<_27>-1,0</_27>
			<_28>-1,0</_28>
			<_29>-1,0</_29>
			<_30>-1,0</_30>
			<_31>-1,0</_31>
			<_32>-1,0</_32>
			<_33>-1,0</_33>
			<_34>-1,0</_34>
			<_35>-1,0</_35>
			<_36>-1,0</_36>
			<_37>-1,0</_37>
			<_38>-1,0</_38>
			<_39>-1,0</_39>
			<_40>-1,0</_40>
			<_41>-1,0</_41>
			<_42>-1,0</_42>
			<_43>-1,0</_43>
			<_44>-1,0</_44>
			<_45>-1,0</_45>
			<_46>-1,0</_46>
			<_47>-1,0</_47>
			<_48>-1,0</_48>
		</Mods>
		<DoorsOpen>
			<BackLeftDoor>false</BackLeftDoor>
			<BackRightDoor>false</BackRightDoor>
			<FrontLeftDoor>false</FrontLeftDoor>
			<FrontRightDoor>false</FrontRightDoor>
			<Hood>false</Hood>
			<Trunk>false</Trunk>
			<Trunk2>false</Trunk2>
		</DoorsOpen>
		<DoorsBroken>
			<BackLeftDoor>false</BackLeftDoor>
			<BackRightDoor>false</BackRightDoor>
			<FrontLeftDoor>false</FrontLeftDoor>
			<FrontRightDoor>false</FrontRightDoor>
			<Hood>false</Hood>
			<Trunk>false</Trunk>
			<Trunk2>false</Trunk2>
		</DoorsBroken>
		<TyresBursted>
			<FrontLeft>false</FrontLeft>
			<FrontRight>false</FrontRight>
			<_2>false</_2>
			<_3>false</_3>
			<BackLeft>false</BackLeft>
			<BackRight>false</BackRight>
			<_6>false</_6>
			<_7>false</_7>
			<_8>false</_8>
		</TyresBursted>
	</VehicleProperties>
	<OpacityLevel>255</OpacityLevel>
	<LodDistance>16960</LodDistance>
	<IsVisible>true</IsVisible>
	<IsDriverVisible>true</IsDriverVisible>
	<MaxHealth>1000</MaxHealth>
	<Health>1000</Health>
	<HasGravity>true</HasGravity>
	<IsOnFire>false</IsOnFire>
	<IsInvincible>false</IsInvincible>
	<IsBulletProof>false</IsBulletProof>
	<IsExplosionProof>false</IsExplosionProof>
	<IsFireProof>false</IsFireProof>
	<IsMeleeProof>false</IsMeleeProof>
	<IsOnlyDamagedByPlayer>false</IsOnlyDamagedByPlayer>
	<SpoonerAttachments SetAttachmentsPersistentAndAddToSpoonerDatabase="false" StartTaskSequencesOnLoad="true">
		<Attachment>
			<ModelHash>0x97cb0224</ModelHash>
			<Type>3</Type>
			<Dynamic>false</Dynamic>
			<FrozenPos>true</FrozenPos>
			<HashName>prop_rub_carwreck_14</HashName>
			<InitialHandle>288563</InitialHandle>
			<ObjectProperties>
				<TextureVariation>0</TextureVariation>
			</ObjectProperties>
			<OpacityLevel>255</OpacityLevel>
			<LodDistance>16960</LodDistance>
			<IsVisible>true</IsVisible>
			<MaxHealth>1000</MaxHealth>
			<Health>1000</Health>
			<HasGravity>true</HasGravity>
			<IsOnFire>false</IsOnFire>
			<IsInvincible>false</IsInvincible>
			<IsBulletProof>false</IsBulletProof>
			<IsCollisionProof>false</IsCollisionProof>
			<IsExplosionProof>false</IsExplosionProof>
			<IsFireProof>false</IsFireProof>
			<IsMeleeProof>false</IsMeleeProof>
			<IsOnlyDamagedByPlayer>false</IsOnlyDamagedByPlayer>
			<PositionRotation>
				<X>2018.37195</X>
				<Y>3145.46484</Y>
				<Z>45.1857758</Z>
				<Pitch>2.6034112</Pitch>
				<Roll>-3.45589328</Roll>
				<Yaw>147.27713</Yaw>
			</PositionRotation>
			<Attachment isAttached="true">
				<AttachedTo>388402</AttachedTo>
				<BoneIndex>0</BoneIndex>
				<X>0.0135736614</X>
				<Y>-0.0888647735</Y>
				<Z>-0.165213317</Z>
				<Pitch>-0.0180232972</Pitch>
				<Roll>2.31615231e-05</Roll>
				<Yaw>0.220916748</Yaw>
			</Attachment>
		</Attachment>
		<Attachment>
			<ModelHash>0xf5c39f51</ModelHash>
			<Type>3</Type>
			<Dynamic>false</Dynamic>
			<FrozenPos>true</FrozenPos>
			<HashName>prop_rub_carpart_04</HashName>
			<InitialHandle>40762</InitialHandle>
			<ObjectProperties>
				<TextureVariation>0</TextureVariation>
			</ObjectProperties>
			<OpacityLevel>255</OpacityLevel>
			<LodDistance>16960</LodDistance>
			<IsVisible>true</IsVisible>
			<MaxHealth>1000</MaxHealth>
			<Health>1000</Health>
			<HasGravity>true</HasGravity>
			<IsOnFire>false</IsOnFire>
			<IsInvincible>false</IsInvincible>
			<IsBulletProof>false</IsBulletProof>
			<IsCollisionProof>false</IsCollisionProof>
			<IsExplosionProof>false</IsExplosionProof>
			<IsFireProof>false</IsFireProof>
			<IsMeleeProof>false</IsMeleeProof>
			<IsOnlyDamagedByPlayer>false</IsOnlyDamagedByPlayer>
			<PositionRotation>
				<X>2019.49731</X>
				<Y>3146.92065</Y>
				<Z>45.1696091</Z>
				<Pitch>3.55798817</Pitch>
				<Roll>2.45501161</Roll>
				<Yaw>59.9121552</Yaw>
			</PositionRotation>
			<Attachment isAttached="true">
				<AttachedTo>388402</AttachedTo>
				<BoneIndex>0</BoneIndex>
				<X>-0.134697407</X>
				<Y>-1.92156446</Y>
				<Z>-0.0880104527</Z>
				<Pitch>-0.0180232972</Pitch>
				<Roll>2.31615231e-05</Roll>
				<Yaw>-86.9901962</Yaw>
			</Attachment>
		</Attachment>
		<Attachment>
			<ModelHash>0x7526574c</ModelHash>
			<Type>3</Type>
			<Dynamic>false</Dynamic>
			<FrozenPos>true</FrozenPos>
			<HashName>prop_wall_light_03b</HashName>
			<InitialHandle>515386</InitialHandle>
			<ObjectProperties>
				<TextureVariation>0</TextureVariation>
			</ObjectProperties>
			<OpacityLevel>255</OpacityLevel>
			<LodDistance>16960</LodDistance>
			<IsVisible>true</IsVisible>
			<MaxHealth>1000</MaxHealth>
			<Health>1000</Health>
			<HasGravity>true</HasGravity>
			<IsOnFire>false</IsOnFire>
			<IsInvincible>false</IsInvincible>
			<IsBulletProof>false</IsBulletProof>
			<IsCollisionProof>false</IsCollisionProof>
			<IsExplosionProof>false</IsExplosionProof>
			<IsFireProof>false</IsFireProof>
			<IsMeleeProof>false</IsMeleeProof>
			<IsOnlyDamagedByPlayer>false</IsOnlyDamagedByPlayer>
			<PositionRotation>
				<X>2017.70313</X>
				<Y>3143.47485</Y>
				<Z>45.7433167</Z>
				<Pitch>-2.58008862</Pitch>
				<Roll>3.50020552</Roll>
				<Yaw>-31.7439651</Yaw>
			</PositionRotation>
			<Attachment isAttached="true">
				<AttachedTo>388402</AttachedTo>
				<BoneIndex>0</BoneIndex>
				<X>-0.478361517</X>
				<Y>1.96817601</Y>
				<Z>0.328719169</Z>
				<Pitch>-0.0180232972</Pitch>
				<Roll>2.31615231e-05</Roll>
				<Yaw>-178.801575</Yaw>
			</Attachment>
		</Attachment>
		<Attachment>
			<ModelHash>0x7526574c</ModelHash>
			<Type>3</Type>
			<Dynamic>false</Dynamic>
			<FrozenPos>true</FrozenPos>
			<HashName>prop_wall_light_03b</HashName>
			<InitialHandle>325434</InitialHandle>
			<ObjectProperties>
				<TextureVariation>0</TextureVariation>
			</ObjectProperties>
			<OpacityLevel>255</OpacityLevel>
			<LodDistance>16960</LodDistance>
			<IsVisible>true</IsVisible>
			<MaxHealth>1000</MaxHealth>
			<Health>1000</Health>
			<HasGravity>true</HasGravity>
			<IsOnFire>false</IsOnFire>
			<IsInvincible>false</IsInvincible>
			<IsBulletProof>false</IsBulletProof>
			<IsCollisionProof>false</IsCollisionProof>
			<IsExplosionProof>false</IsExplosionProof>
			<IsFireProof>false</IsFireProof>
			<IsMeleeProof>false</IsMeleeProof>
			<IsOnlyDamagedByPlayer>false</IsOnlyDamagedByPlayer>
			<PositionRotation>
				<X>2016.90894</X>
				<Y>3144.00293</Y>
				<Z>45.8184853</Z>
				<Pitch>-2.85680866</Pitch>
				<Roll>3.27986813</Roll>
				<Yaw>-36.4181137</Yaw>
			</PositionRotation>
			<Attachment isAttached="true">
				<AttachedTo>388402</AttachedTo>
				<BoneIndex>0</BoneIndex>
				<X>0.478084952</X>
				<Y>1.96041274</Y>
				<Z>0.346871555</Z>
				<Pitch>-0.0180232972</Pitch>
				<Roll>2.31615231e-05</Roll>
				<Yaw>-183.478668</Yaw>
			</Attachment>
		</Attachment>
		<Attachment>
			<ModelHash>0xdf31c32b</ModelHash>
			<Type>3</Type>
			<Dynamic>false</Dynamic>
			<FrozenPos>true</FrozenPos>
			<HashName>prop_burto_gate_01</HashName>
			<InitialHandle>226619</InitialHandle>
			<ObjectProperties>
				<TextureVariation>0</TextureVariation>
			</ObjectProperties>
			<OpacityLevel>255</OpacityLevel>
			<LodDistance>16960</LodDistance>
			<IsVisible>true</IsVisible>
			<MaxHealth>1000</MaxHealth>
			<Health>1000</Health>
			<HasGravity>true</HasGravity>
			<IsOnFire>false</IsOnFire>
			<IsInvincible>false</IsInvincible>
			<IsBulletProof>false</IsBulletProof>
			<IsCollisionProof>false</IsCollisionProof>
			<IsExplosionProof>false</IsExplosionProof>
			<IsFireProof>false</IsFireProof>
			<IsMeleeProof>false</IsMeleeProof>
			<IsOnlyDamagedByPlayer>false</IsOnlyDamagedByPlayer>
			<PositionRotation>
				<X>2018.59998</X>
				<Y>3144.63721</Y>
				<Z>45.9817734</Z>
				<Pitch>56.3984642</Pitch>
				<Roll>-6.31371307</Roll>
				<Yaw>153.197769</Yaw>
			</PositionRotation>
			<Attachment isAttached="true">
				<AttachedTo>388402</AttachedTo>
				<BoneIndex>-1</BoneIndex>
				<X>-0.580391765</X>
				<Y>0.517581463</Y>
				<Z>0.640877962</Z>
				<Pitch>53.9819756</Pitch>
				<Roll>2.28881836e-05</Roll>
				<Yaw>1.03280449</Yaw>
			</Attachment>
		</Attachment>
		<Attachment>
			<ModelHash>0xb7dd5fd1</ModelHash>
			<Type>3</Type>
			<Dynamic>false</Dynamic>
			<FrozenPos>true</FrozenPos>
			<HashName>p_rcss_folded</HashName>
			<InitialHandle>665130</InitialHandle>
			<ObjectProperties>
				<TextureVariation>0</TextureVariation>
			</ObjectProperties>
			<OpacityLevel>255</OpacityLevel>
			<LodDistance>16960</LodDistance>
			<IsVisible>true</IsVisible>
			<MaxHealth>1000</MaxHealth>
			<Health>1000</Health>
			<HasGravity>true</HasGravity>
			<IsOnFire>false</IsOnFire>
			<IsInvincible>false</IsInvincible>
			<IsBulletProof>false</IsBulletProof>
			<IsCollisionProof>false</IsCollisionProof>
			<IsExplosionProof>false</IsExplosionProof>
			<IsFireProof>false</IsFireProof>
			<IsMeleeProof>false</IsMeleeProof>
			<IsOnlyDamagedByPlayer>false</IsOnlyDamagedByPlayer>
			<PositionRotation>
				<X>2017.32739</X>
				<Y>3144.42651</Y>
				<Z>45.4892883</Z>
				<Pitch>-2.59598231</Pitch>
				<Roll>3.48852324</Roll>
				<Yaw>-32.004509</Yaw>
			</PositionRotation>
			<Attachment isAttached="true">
				<AttachedTo>388402</AttachedTo>
				<BoneIndex>0</BoneIndex>
				<X>0.339334607</X>
				<Y>1.36282635</Y>
				<Z>0.0526336096</Z>
				<Pitch>-0.0180232972</Pitch>
				<Roll>2.31615231e-05</Roll>
				<Yaw>-179.062347</Yaw>
			</Attachment>
		</Attachment>
		<Attachment>
			<ModelHash>0xd2fb3b23</ModelHash>
			<Type>3</Type>
			<Dynamic>false</Dynamic>
			<FrozenPos>true</FrozenPos>
			<HashName>prop_wheel_03</HashName>
			<InitialHandle>292928</InitialHandle>
			<TaskSequence>
				<Task>
					<Type>44</Type>
					<Duration>-2</Duration>
					<KeepTaskRunningAfterTime>-2</KeepTaskRunningAfterTime>
					<IsLoopedTask>false</IsLoopedTask>
					<NewValue>0</NewValue>
				</Task>
			</TaskSequence>
			<ObjectProperties>
				<TextureVariation>0</TextureVariation>
			</ObjectProperties>
			<OpacityLevel>255</OpacityLevel>
			<LodDistance>16960</LodDistance>
			<IsVisible>true</IsVisible>
			<MaxHealth>1000</MaxHealth>
			<Health>1000</Health>
			<HasGravity>true</HasGravity>
			<IsOnFire>false</IsOnFire>
			<IsInvincible>false</IsInvincible>
			<IsBulletProof>false</IsBulletProof>
			<IsCollisionProof>false</IsCollisionProof>
			<IsExplosionProof>false</IsExplosionProof>
			<IsFireProof>false</IsFireProof>
			<IsMeleeProof>false</IsMeleeProof>
			<IsOnlyDamagedByPlayer>false</IsOnlyDamagedByPlayer>
			<PositionRotation>
				<X>2016.97656</X>
				<Y>3144.71558</Y>
				<Z>45.3562546</Z>
				<Pitch>-3.55616713</Pitch>
				<Roll>-2.50931621</Roll>
				<Yaw>-120.963844</Yaw>
			</PositionRotation>
			<Attachment isAttached="true">
				<AttachedTo>388402</AttachedTo>
				<BoneIndex>0</BoneIndex>
				<X>0.782310903</X>
				<Y>1.30509126</Y>
				<Z>-0.104797117</Z>
				<Pitch>-0.0180232972</Pitch>
				<Roll>2.31615231e-05</Roll>
				<Yaw>-267.86377</Yaw>
			</Attachment>
		</Attachment>
		<Attachment>
			<ModelHash>0xd2fb3b23</ModelHash>
			<Type>3</Type>
			<Dynamic>false</Dynamic>
			<FrozenPos>true</FrozenPos>
			<HashName>prop_wheel_03</HashName>
			<InitialHandle>740672</InitialHandle>
			<TaskSequence>
				<Task>
					<Type>44</Type>
					<Duration>-2</Duration>
					<KeepTaskRunningAfterTime>-2</KeepTaskRunningAfterTime>
					<IsLoopedTask>false</IsLoopedTask>
					<NewValue>0</NewValue>
				</Task>
			</TaskSequence>
			<ObjectProperties>
				<TextureVariation>0</TextureVariation>
			</ObjectProperties>
			<OpacityLevel>255</OpacityLevel>
			<LodDistance>16960</LodDistance>
			<IsVisible>true</IsVisible>
			<MaxHealth>1000</MaxHealth>
			<Health>1000</Health>
			<HasGravity>true</HasGravity>
			<IsOnFire>false</IsOnFire>
			<IsInvincible>false</IsInvincible>
			<IsBulletProof>false</IsBulletProof>
			<IsCollisionProof>false</IsCollisionProof>
			<IsExplosionProof>false</IsExplosionProof>
			<IsFireProof>false</IsFireProof>
			<IsMeleeProof>false</IsMeleeProof>
			<IsOnlyDamagedByPlayer>false</IsOnlyDamagedByPlayer>
			<PositionRotation>
				<X>2018.28442</X>
				<Y>3143.87134</Y>
				<Z>45.2522659</Z>
				<Pitch>3.39911675</Pitch>
				<Roll>2.67183995</Roll>
				<Yaw>56.3581009</Yaw>
			</PositionRotation>
			<Attachment isAttached="true">
				<AttachedTo>388402</AttachedTo>
				<BoneIndex>0</BoneIndex>
				<X>-0.777882278</X>
				<Y>1.29764009</Y>
				<Z>-0.114795402</Z>
				<Pitch>-0.0180232972</Pitch>
				<Roll>2.31615231e-05</Roll>
				<Yaw>-90.5412521</Yaw>
			</Attachment>
		</Attachment>
		<Attachment>
			<ModelHash>0x2250786a</ModelHash>
			<Type>3</Type>
			<Dynamic>false</Dynamic>
			<FrozenPos>true</FrozenPos>
			<HashName>prop_rub_carpart_05</HashName>
			<InitialHandle>428102</InitialHandle>
			<ObjectProperties>
				<TextureVariation>0</TextureVariation>
			</ObjectProperties>
			<OpacityLevel>255</OpacityLevel>
			<LodDistance>16960</LodDistance>
			<IsVisible>true</IsVisible>
			<MaxHealth>1000</MaxHealth>
			<Health>1000</Health>
			<HasGravity>true</HasGravity>
			<IsOnFire>false</IsOnFire>
			<IsInvincible>false</IsInvincible>
			<IsBulletProof>false</IsBulletProof>
			<IsCollisionProof>false</IsCollisionProof>
			<IsExplosionProof>false</IsExplosionProof>
			<IsFireProof>false</IsFireProof>
			<IsMeleeProof>false</IsMeleeProof>
			<IsOnlyDamagedByPlayer>false</IsOnlyDamagedByPlayer>
			<PositionRotation>
				<X>2018.92896</X>
				<Y>3145.67749</Y>
				<Z>45.0667953</Z>
				<Pitch>2.60619545</Pitch>
				<Roll>-3.45378113</Roll>
				<Yaw>147.230957</Yaw>
			</PositionRotation>
			<Attachment isAttached="true">
				<AttachedTo>388402</AttachedTo>
				<BoneIndex>0</BoneIndex>
				<X>-0.343295604</X>
				<Y>-0.575319588</Y>
				<Z>-0.240621671</Z>
				<Pitch>-0.0180232972</Pitch>
				<Roll>2.31615231e-05</Roll>
				<Yaw>0.174713135</Yaw>
			</Attachment>
		</Attachment>
		<Attachment>
			<ModelHash>0x3fbdad7c</ModelHash>
			<Type>3</Type>
			<Dynamic>false</Dynamic>
			<FrozenPos>true</FrozenPos>
			<HashName>prop_ld_jerrycan_01</HashName>
			<InitialHandle>408141</InitialHandle>
			<ObjectProperties>
				<TextureVariation>0</TextureVariation>
			</ObjectProperties>
			<OpacityLevel>255</OpacityLevel>
			<LodDistance>16960</LodDistance>
			<IsVisible>true</IsVisible>
			<MaxHealth>1000</MaxHealth>
			<Health>1000</Health>
			<HasGravity>true</HasGravity>
			<IsOnFire>false</IsOnFire>
			<IsInvincible>false</IsInvincible>
			<IsBulletProof>false</IsBulletProof>
			<IsCollisionProof>false</IsCollisionProof>
			<IsExplosionProof>false</IsExplosionProof>
			<IsFireProof>false</IsFireProof>
			<IsMeleeProof>false</IsMeleeProof>
			<IsOnlyDamagedByPlayer>false</IsOnlyDamagedByPlayer>
			<PositionRotation>
				<X>2018.20544</X>
				<Y>3146.01904</Y>
				<Z>45.718998</Z>
				<Pitch>-1.91667581</Pitch>
				<Roll>3.89976239</Roll>
				<Yaw>-21.5044575</Yaw>
			</PositionRotation>
			<Attachment isAttached="true">
				<AttachedTo>388402</AttachedTo>
				<BoneIndex>0</BoneIndex>
				<X>0.487074107</X>
				<Y>-0.438687116</Y>
				<Z>0.357155353</Z>
				<Pitch>-0.0180232972</Pitch>
				<Roll>2.31615231e-05</Roll>
				<Yaw>-168.548553</Yaw>
			</Attachment>
		</Attachment>
		<Attachment>
			<ModelHash>0x3fbdad7c</ModelHash>
			<Type>3</Type>
			<Dynamic>false</Dynamic>
			<FrozenPos>true</FrozenPos>
			<HashName>prop_ld_jerrycan_01</HashName>
			<InitialHandle>661069</InitialHandle>
			<ObjectProperties>
				<TextureVariation>0</TextureVariation>
			</ObjectProperties>
			<OpacityLevel>255</OpacityLevel>
			<LodDistance>16960</LodDistance>
			<IsVisible>true</IsVisible>
			<MaxHealth>1000</MaxHealth>
			<Health>1000</Health>
			<HasGravity>true</HasGravity>
			<IsOnFire>false</IsOnFire>
			<IsInvincible>false</IsInvincible>
			<IsBulletProof>false</IsBulletProof>
			<IsCollisionProof>false</IsCollisionProof>
			<IsExplosionProof>false</IsExplosionProof>
			<IsFireProof>false</IsFireProof>
			<IsMeleeProof>false</IsMeleeProof>
			<IsOnlyDamagedByPlayer>false</IsOnlyDamagedByPlayer>
			<PositionRotation>
				<X>2018.35059</X>
				<Y>3145.91284</Y>
				<Z>45.7086487</Z>
				<Pitch>-2.98163533</Pitch>
				<Roll>3.16755152</Roll>
				<Yaw>-38.6369591</Yaw>
			</PositionRotation>
			<Attachment isAttached="true">
				<AttachedTo>388402</AttachedTo>
				<BoneIndex>0</BoneIndex>
				<X>0.307223231</X>
				<Y>-0.428862035</Y>
				<Z>0.357152343</Z>
				<Pitch>-0.0180232972</Pitch>
				<Roll>2.31615231e-05</Roll>
				<Yaw>-185.698135</Yaw>
			</Attachment>
		</Attachment>
	</SpoonerAttachments>
</Vehicle>
