<?xml version="1.0" encoding="ISO-8859-1"?>
<SpoonerPlacements>
	<Note />
	<AudioFile volume="400" />
	<ClearDatabase>false</ClearDatabase>
	<ClearWorld>0</ClearWorld>
	<ClearMarkers>false</ClearMarkers>
	<IPLsToLoad load_mp_maps="false" load_sp_maps="false" />
	<IPLsToRemove />
	<InteriorsToEnable />
	<InteriorsToCap />
	<WeatherToSet></WeatherToSet>
	<StartTaskSequencesOnLoad>true</StartTaskSequencesOnLoad>
	<ReferenceCoords>
		<X>39.7161636</X>
		<Y>-1712.9397</Y>
		<Z>28.3029442</Z>
	</ReferenceCoords>
	<Placement>
		<ModelHash>0x432aa566</ModelHash>
		<Type>2</Type>
		<Dynamic>true</Dynamic>
		<FrozenPos>false</FrozenPos>
		<HashName>Injection</HashName>
		<InitialHandle>137792</InitialHandle>
		<VehicleProperties>
			<Colours>
				<Primary>40</Primary>
				<Secondary>40</Secondary>
				<Pearl>0</Pearl>
				<Rim>156</Rim>
				<Mod1_a>6</Mod1_a>
				<Mod1_b>-1</Mod1_b>
				<Mod1_c>-1</Mod1_c>
				<Mod2_a>6</Mod2_a>
				<Mod2_b>-1</Mod2_b>
				<IsPrimaryColourCustom>false</IsPrimaryColourCustom>
				<IsSecondaryColourCustom>false</IsSecondaryColourCustom>
				<tyreSmoke_R>255</tyreSmoke_R>
				<tyreSmoke_G>255</tyreSmoke_G>
				<tyreSmoke_B>255</tyreSmoke_B>
				<LrInterior>0</LrInterior>
				<LrDashboard>0</LrDashboard>
			</Colours>
			<Livery>-1</Livery>
			<NumberPlateText>  L1LY  </NumberPlateText>
			<NumberPlateIndex>2</NumberPlateIndex>
			<WheelType>4</WheelType>
			<WheelsInvisible>false</WheelsInvisible>
			<EngineSoundName></EngineSoundName>
			<WindowTint>-1</WindowTint>
			<BulletProofTyres>false</BulletProofTyres>
			<DirtLevel>7.32363503e-07</DirtLevel>
			<PaintFade>0.298039228</PaintFade>
			<RoofState>0</RoofState>
			<SirenActive>false</SirenActive>
			<EngineOn>false</EngineOn>
			<EngineHealth>1000</EngineHealth>
			<LightsOn>false</LightsOn>
			<IsRadioLoud>0</IsRadioLoud>
			<LockStatus>0</LockStatus>
			<Neons>
				<Left>false</Left>
				<Right>false</Right>
				<Front>false</Front>
				<Back>false</Back>
				<R>255</R>
				<G>0</G>
				<B>255</B>
			</Neons>
			<DoorsOpen>
				<BackLeftDoor>false</BackLeftDoor>
				<BackRightDoor>false</BackRightDoor>
				<FrontLeftDoor>false</FrontLeftDoor>
				<FrontRightDoor>false</FrontRightDoor>
				<Hood>false</Hood>
				<Trunk>false</Trunk>
				<Trunk2>false</Trunk2>
			</DoorsOpen>
			<DoorsBroken>
				<BackLeftDoor>false</BackLeftDoor>
				<BackRightDoor>false</BackRightDoor>
				<FrontLeftDoor>false</FrontLeftDoor>
				<FrontRightDoor>false</FrontRightDoor>
				<Hood>false</Hood>
				<Trunk>false</Trunk>
				<Trunk2>false</Trunk2>
			</DoorsBroken>
			<TyresBursted>
				<FrontLeft>false</FrontLeft>
				<FrontRight>false</FrontRight>
				<_2>false</_2>
				<_3>false</_3>
				<BackLeft>false</BackLeft>
				<BackRight>false</BackRight>
				<_6>false</_6>
				<_7>false</_7>
				<_8>false</_8>
			</TyresBursted>
			<RpmMultiplier>1</RpmMultiplier>
			<TorqueMultiplier>1</TorqueMultiplier>
			<HeadlightIntensity>1</HeadlightIntensity>
			<ModExtras>
				<_1>false</_1>
				<_2>true</_2>
				<_10>true</_10>
				<_11>true</_11>
			</ModExtras>
			<Mods>
				<_0>-1,0</_0>
				<_1>-1,0</_1>
				<_2>-1,0</_2>
				<_3>-1,0</_3>
				<_4>-1,0</_4>
				<_5>-1,0</_5>
				<_6>-1,0</_6>
				<_7>-1,0</_7>
				<_8>-1,0</_8>
				<_9>-1,0</_9>
				<_10>-1,0</_10>
				<_11>-1,0</_11>
				<_12>-1,0</_12>
				<_13>-1,0</_13>
				<_14>-1,0</_14>
				<_15>-1,0</_15>
				<_16>-1,0</_16>
				<_17>false</_17>
				<_18>false</_18>
				<_19>false</_19>
				<_20>false</_20>
				<_21>false</_21>
				<_22>false</_22>
				<_23>-1,0</_23>
				<_24>-1,0</_24>
				<_25>-1,0</_25>
				<_26>-1,0</_26>
				<_27>-1,0</_27>
				<_28>-1,0</_28>
				<_29>-1,0</_29>
				<_30>-1,0</_30>
				<_31>-1,0</_31>
				<_32>-1,0</_32>
				<_33>-1,0</_33>
				<_34>-1,0</_34>
				<_35>-1,0</_35>
				<_36>-1,0</_36>
				<_37>-1,0</_37>
				<_38>-1,0</_38>
				<_39>-1,0</_39>
				<_40>-1,0</_40>
				<_41>-1,0</_41>
				<_42>-1,0</_42>
				<_43>-1,0</_43>
				<_44>-1,0</_44>
				<_45>-1,0</_45>
				<_46>-1,0</_46>
				<_47>-1,0</_47>
				<_48>-1,0</_48>
			</Mods>
		</VehicleProperties>
		<OpacityLevel>255</OpacityLevel>
		<LodDistance>16960</LodDistance>
		<IsVisible>true</IsVisible>
		<MaxHealth>1000</MaxHealth>
		<Health>1000</Health>
		<HasGravity>true</HasGravity>
		<IsOnFire>false</IsOnFire>
		<IsInvincible>false</IsInvincible>
		<IsBulletProof>false</IsBulletProof>
		<IsCollisionProof>false</IsCollisionProof>
		<IsExplosionProof>false</IsExplosionProof>
		<IsFireProof>false</IsFireProof>
		<IsMeleeProof>false</IsMeleeProof>
		<IsOnlyDamagedByPlayer>false</IsOnlyDamagedByPlayer>
		<PositionRotation>
			<X>36.4828224</X>
			<Y>-1713.70044</Y>
			<Z>28.9384193</Z>
			<Pitch>0.514215648</Pitch>
			<Roll>-0.0181898158</Roll>
			<Yaw>112.622147</Yaw>
		</PositionRotation>
		<Attachment isAttached="false" />
	</Placement>
	<Placement>
		<ModelHash>0xf5c39f51</ModelHash>
		<Type>3</Type>
		<Dynamic>false</Dynamic>
		<FrozenPos>true</FrozenPos>
		<HashName>prop_rub_carpart_04</HashName>
		<InitialHandle>737857</InitialHandle>
		<ObjectProperties>
			<TextureVariation>0</TextureVariation>
		</ObjectProperties>
		<OpacityLevel>255</OpacityLevel>
		<LodDistance>16960</LodDistance>
		<IsVisible>true</IsVisible>
		<MaxHealth>1000</MaxHealth>
		<Health>1000</Health>
		<HasGravity>true</HasGravity>
		<IsOnFire>false</IsOnFire>
		<IsInvincible>false</IsInvincible>
		<IsBulletProof>false</IsBulletProof>
		<IsCollisionProof>false</IsCollisionProof>
		<IsExplosionProof>false</IsExplosionProof>
		<IsFireProof>false</IsFireProof>
		<IsMeleeProof>false</IsMeleeProof>
		<IsOnlyDamagedByPlayer>false</IsOnlyDamagedByPlayer>
		<PositionRotation>
			<X>39.6208687</X>
			<Y>-1712.33936</Y>
			<Z>31.1678295</Z>
			<Pitch>35.5142136</Pitch>
			<Roll>-90.0223389</Roll>
			<Yaw>112.634972</Yaw>
		</PositionRotation>
		<Attachment isAttached="true">
			<AttachedTo>137792</AttachedTo>
			<BoneIndex>0</BoneIndex>
			<X>0.0500000082</X>
			<Y>-3.39999723</Y>
			<Z>2.25999832</Z>
			<Pitch>395</Pitch>
			<Roll>-90</Roll>
			<Yaw>360</Yaw>
		</Attachment>
	</Placement>
	<Placement>
		<ModelHash>0x6e883264</ModelHash>
		<Type>3</Type>
		<Dynamic>false</Dynamic>
		<FrozenPos>true</FrozenPos>
		<HashName>prop_rub_trainers_01b</HashName>
		<InitialHandle>726849</InitialHandle>
		<ObjectProperties>
			<TextureVariation>0</TextureVariation>
		</ObjectProperties>
		<OpacityLevel>255</OpacityLevel>
		<LodDistance>16960</LodDistance>
		<IsVisible>true</IsVisible>
		<MaxHealth>1000</MaxHealth>
		<Health>1000</Health>
		<HasGravity>true</HasGravity>
		<IsOnFire>false</IsOnFire>
		<IsInvincible>false</IsInvincible>
		<IsBulletProof>false</IsBulletProof>
		<IsCollisionProof>false</IsCollisionProof>
		<IsExplosionProof>false</IsExplosionProof>
		<IsFireProof>false</IsFireProof>
		<IsMeleeProof>false</IsMeleeProof>
		<IsOnlyDamagedByPlayer>false</IsOnlyDamagedByPlayer>
		<PositionRotation>
			<X>39.403965</X>
			<Y>-1712.48376</Y>
			<Z>30.5300827</Z>
			<Pitch>0.514215648</Pitch>
			<Roll>-0.0181898158</Roll>
			<Yaw>112.622147</Yaw>
		</PositionRotation>
		<Attachment isAttached="true">
			<AttachedTo>137792</AttachedTo>
			<BoneIndex>0</BoneIndex>
			<X>0</X>
			<Y>-3.14999747</Y>
			<Z>1.61999881</Z>
			<Pitch>0</Pitch>
			<Roll>0</Roll>
			<Yaw>0</Yaw>
		</Attachment>
	</Placement>
	<Placement>
		<ModelHash>0x6516fb2e</ModelHash>
		<Type>3</Type>
		<Dynamic>false</Dynamic>
		<FrozenPos>true</FrozenPos>
		<HashName>prop_rub_chassis_01</HashName>
		<InitialHandle>152640</InitialHandle>
		<ObjectProperties>
			<TextureVariation>0</TextureVariation>
		</ObjectProperties>
		<OpacityLevel>255</OpacityLevel>
		<LodDistance>16960</LodDistance>
		<IsVisible>true</IsVisible>
		<MaxHealth>1000</MaxHealth>
		<Health>1000</Health>
		<HasGravity>true</HasGravity>
		<IsOnFire>false</IsOnFire>
		<IsInvincible>false</IsInvincible>
		<IsBulletProof>false</IsBulletProof>
		<IsCollisionProof>false</IsCollisionProof>
		<IsExplosionProof>false</IsExplosionProof>
		<IsFireProof>false</IsFireProof>
		<IsMeleeProof>false</IsMeleeProof>
		<IsOnlyDamagedByPlayer>false</IsOnlyDamagedByPlayer>
		<PositionRotation>
			<X>37.1654549</X>
			<Y>-1713.41638</Y>
			<Z>29.9818249</Z>
			<Pitch>-0.0181935951</Pitch>
			<Roll>175.485779</Roll>
			<Yaw>-157.378021</Yaw>
		</PositionRotation>
		<Attachment isAttached="true">
			<AttachedTo>137792</AttachedTo>
			<BoneIndex>-1</BoneIndex>
			<X>0</X>
			<Y>-0.729999661</Y>
			<Z>1.04999936</Z>
			<Pitch>180</Pitch>
			<Roll>-4</Roll>
			<Yaw>-90</Yaw>
		</Attachment>
	</Placement>
	<Placement>
		<ModelHash>0x19314199</ModelHash>
		<Type>3</Type>
		<Dynamic>false</Dynamic>
		<FrozenPos>true</FrozenPos>
		<HashName>w_mg_minigun</HashName>
		<InitialHandle>731713</InitialHandle>
		<ObjectProperties>
			<TextureVariation>0</TextureVariation>
		</ObjectProperties>
		<OpacityLevel>255</OpacityLevel>
		<LodDistance>16960</LodDistance>
		<IsVisible>true</IsVisible>
		<MaxHealth>1000</MaxHealth>
		<Health>1000</Health>
		<HasGravity>true</HasGravity>
		<IsOnFire>false</IsOnFire>
		<IsInvincible>false</IsInvincible>
		<IsBulletProof>false</IsBulletProof>
		<IsCollisionProof>false</IsCollisionProof>
		<IsExplosionProof>false</IsExplosionProof>
		<IsFireProof>false</IsFireProof>
		<IsMeleeProof>false</IsMeleeProof>
		<IsOnlyDamagedByPlayer>false</IsOnlyDamagedByPlayer>
		<PositionRotation>
			<X>35.7802467</X>
			<Y>-1713.68372</Y>
			<Z>29.9343128</Z>
			<Pitch>-0.0181889795</Pitch>
			<Roll>-0.514215648</Roll>
			<Yaw>-157.378021</Yaw>
		</PositionRotation>
		<Attachment isAttached="true">
			<AttachedTo>137792</AttachedTo>
			<BoneIndex>-1</BoneIndex>
			<X>0.286000013</X>
			<Y>0.651000559</Y>
			<Z>0.989999413</Z>
			<Pitch>0</Pitch>
			<Roll>0</Roll>
			<Yaw>450</Yaw>
		</Attachment>
	</Placement>
	<Placement>
		<ModelHash>0xab39f229</ModelHash>
		<Type>3</Type>
		<Dynamic>false</Dynamic>
		<FrozenPos>true</FrozenPos>
		<HashName>prop_box_ammo03a</HashName>
		<InitialHandle>735041</InitialHandle>
		<ObjectProperties>
			<TextureVariation>0</TextureVariation>
		</ObjectProperties>
		<OpacityLevel>255</OpacityLevel>
		<LodDistance>16960</LodDistance>
		<IsVisible>true</IsVisible>
		<MaxHealth>1000</MaxHealth>
		<Health>1000</Health>
		<HasGravity>true</HasGravity>
		<IsOnFire>false</IsOnFire>
		<IsInvincible>false</IsInvincible>
		<IsBulletProof>false</IsBulletProof>
		<IsCollisionProof>false</IsCollisionProof>
		<IsExplosionProof>false</IsExplosionProof>
		<IsFireProof>false</IsFireProof>
		<IsMeleeProof>false</IsMeleeProof>
		<IsOnlyDamagedByPlayer>false</IsOnlyDamagedByPlayer>
		<PositionRotation>
			<X>37.0096359</X>
			<Y>-1713.48132</Y>
			<Z>30.1133461</Z>
			<Pitch>0.514215648</Pitch>
			<Roll>-3.01818991</Roll>
			<Yaw>112.622147</Yaw>
		</PositionRotation>
		<Attachment isAttached="true">
			<AttachedTo>137792</AttachedTo>
			<BoneIndex>0</BoneIndex>
			<X>0</X>
			<Y>-0.559999824</Y>
			<Z>1.17999923</Z>
			<Pitch>0</Pitch>
			<Roll>-3</Roll>
			<Yaw>0</Yaw>
		</Attachment>
	</Placement>
	<Placement>
		<ModelHash>0xdc638ff8</ModelHash>
		<Type>3</Type>
		<Dynamic>false</Dynamic>
		<FrozenPos>true</FrozenPos>
		<HashName>prop_paints_can01</HashName>
		<InitialHandle>734017</InitialHandle>
		<ObjectProperties>
			<TextureVariation>0</TextureVariation>
		</ObjectProperties>
		<OpacityLevel>255</OpacityLevel>
		<LodDistance>16960</LodDistance>
		<IsVisible>true</IsVisible>
		<MaxHealth>1000</MaxHealth>
		<Health>1000</Health>
		<HasGravity>true</HasGravity>
		<IsOnFire>false</IsOnFire>
		<IsInvincible>false</IsInvincible>
		<IsBulletProof>false</IsBulletProof>
		<IsCollisionProof>false</IsCollisionProof>
		<IsExplosionProof>false</IsExplosionProof>
		<IsFireProof>false</IsFireProof>
		<IsMeleeProof>false</IsMeleeProof>
		<IsOnlyDamagedByPlayer>false</IsOnlyDamagedByPlayer>
		<PositionRotation>
			<X>36.737957</X>
			<Y>-1714.04956</Y>
			<Z>30.1874275</Z>
			<Pitch>0.514215648</Pitch>
			<Roll>-0.0181898158</Roll>
			<Yaw>112.622147</Yaw>
		</PositionRotation>
		<Attachment isAttached="true">
			<AttachedTo>137792</AttachedTo>
			<BoneIndex>0</BoneIndex>
			<X>-0.419999927</X>
			<Y>-0.0900000185</Y>
			<Z>1.24999917</Z>
			<Pitch>0</Pitch>
			<Roll>0</Roll>
			<Yaw>0</Yaw>
		</Attachment>
	</Placement>
	<Placement>
		<ModelHash>0xa4a33c77</ModelHash>
		<Type>3</Type>
		<Dynamic>false</Dynamic>
		<FrozenPos>true</FrozenPos>
		<HashName>prop_oilcan_02a</HashName>
		<InitialHandle>739905</InitialHandle>
		<ObjectProperties>
			<TextureVariation>0</TextureVariation>
		</ObjectProperties>
		<OpacityLevel>255</OpacityLevel>
		<LodDistance>16960</LodDistance>
		<IsVisible>true</IsVisible>
		<MaxHealth>1000</MaxHealth>
		<Health>1000</Health>
		<HasGravity>true</HasGravity>
		<IsOnFire>false</IsOnFire>
		<IsInvincible>false</IsInvincible>
		<IsBulletProof>false</IsBulletProof>
		<IsCollisionProof>false</IsCollisionProof>
		<IsExplosionProof>false</IsExplosionProof>
		<IsFireProof>false</IsFireProof>
		<IsMeleeProof>false</IsMeleeProof>
		<IsOnlyDamagedByPlayer>false</IsOnlyDamagedByPlayer>
		<PositionRotation>
			<X>36.0897179</X>
			<Y>-1712.8551</Y>
			<Z>28.9878254</Z>
			<Pitch>0.0181187168</Pitch>
			<Roll>0.514215648</Roll>
			<Yaw>22.6219864</Yaw>
		</PositionRotation>
		<Attachment isAttached="true">
			<AttachedTo>137792</AttachedTo>
			<BoneIndex>25</BoneIndex>
			<X>0.280000061</X>
			<Y>-0.539999843</Y>
			<Z>-0.379999965</Z>
			<Pitch>355</Pitch>
			<Roll>0</Roll>
			<Yaw>-90</Yaw>
		</Attachment>
	</Placement>
	<Placement>
		<ModelHash>0xef87532a</ModelHash>
		<Type>3</Type>
		<Dynamic>false</Dynamic>
		<FrozenPos>true</FrozenPos>
		<HashName>prop_oilcan_01a</HashName>
		<InitialHandle>663873</InitialHandle>
		<ObjectProperties>
			<TextureVariation>0</TextureVariation>
		</ObjectProperties>
		<OpacityLevel>255</OpacityLevel>
		<LodDistance>16960</LodDistance>
		<IsVisible>true</IsVisible>
		<MaxHealth>1000</MaxHealth>
		<Health>1000</Health>
		<HasGravity>true</HasGravity>
		<IsOnFire>false</IsOnFire>
		<IsInvincible>false</IsInvincible>
		<IsBulletProof>false</IsBulletProof>
		<IsCollisionProof>false</IsCollisionProof>
		<IsExplosionProof>false</IsExplosionProof>
		<IsFireProof>false</IsFireProof>
		<IsMeleeProof>false</IsMeleeProof>
		<IsOnlyDamagedByPlayer>false</IsOnlyDamagedByPlayer>
		<PositionRotation>
			<X>36.4339142</X>
			<Y>-1713.53174</Y>
			<Z>30.359354</Z>
			<Pitch>15.5142193</Pitch>
			<Roll>-11.0188837</Roll>
			<Yaw>112.627037</Yaw>
		</PositionRotation>
		<Attachment isAttached="true">
			<AttachedTo>137792</AttachedTo>
			<BoneIndex>0</BoneIndex>
			<X>0.175000057</X>
			<Y>-0.00699997507</Y>
			<Z>1.42099941</Z>
			<Pitch>15.000001</Pitch>
			<Roll>349</Roll>
			<Yaw>0</Yaw>
		</Attachment>
	</Placement>
	<Placement>
		<ModelHash>0x3fbdad7c</ModelHash>
		<Type>3</Type>
		<Dynamic>false</Dynamic>
		<FrozenPos>true</FrozenPos>
		<HashName>prop_ld_jerrycan_01</HashName>
		<InitialHandle>644161</InitialHandle>
		<ObjectProperties>
			<TextureVariation>0</TextureVariation>
		</ObjectProperties>
		<OpacityLevel>255</OpacityLevel>
		<LodDistance>16960</LodDistance>
		<IsVisible>true</IsVisible>
		<MaxHealth>1000</MaxHealth>
		<Health>1000</Health>
		<HasGravity>true</HasGravity>
		<IsOnFire>false</IsOnFire>
		<IsInvincible>false</IsInvincible>
		<IsBulletProof>false</IsBulletProof>
		<IsCollisionProof>false</IsCollisionProof>
		<IsExplosionProof>false</IsExplosionProof>
		<IsFireProof>false</IsFireProof>
		<IsMeleeProof>false</IsMeleeProof>
		<IsOnlyDamagedByPlayer>false</IsOnlyDamagedByPlayer>
		<PositionRotation>
			<X>36.1898079</X>
			<Y>-1713.00708</Y>
			<Z>29.4235668</Z>
			<Pitch>-0.514214158</Pitch>
			<Roll>0.0181199238</Roll>
			<Yaw>-67.3778229</Yaw>
		</PositionRotation>
		<Attachment isAttached="true">
			<AttachedTo>137792</AttachedTo>
			<BoneIndex>25</BoneIndex>
			<X>0.14000006</X>
			<Y>-0.569999814</Y>
			<Z>0.0699999928</Z>
			<Pitch>0</Pitch>
			<Roll>355</Roll>
			<Yaw>180.000015</Yaw>
		</Attachment>
	</Placement>
	<Placement>
		<ModelHash>0xcf947abf</ModelHash>
		<Type>3</Type>
		<Dynamic>false</Dynamic>
		<FrozenPos>true</FrozenPos>
		<HashName>ng_proc_oilcan01a</HashName>
		<InitialHandle>733505</InitialHandle>
		<ObjectProperties>
			<TextureVariation>0</TextureVariation>
		</ObjectProperties>
		<OpacityLevel>255</OpacityLevel>
		<LodDistance>16960</LodDistance>
		<IsVisible>true</IsVisible>
		<MaxHealth>1000</MaxHealth>
		<Health>1000</Health>
		<HasGravity>true</HasGravity>
		<IsOnFire>false</IsOnFire>
		<IsInvincible>false</IsInvincible>
		<IsBulletProof>false</IsBulletProof>
		<IsCollisionProof>false</IsCollisionProof>
		<IsExplosionProof>false</IsExplosionProof>
		<IsFireProof>false</IsFireProof>
		<IsMeleeProof>false</IsMeleeProof>
		<IsOnlyDamagedByPlayer>false</IsOnlyDamagedByPlayer>
		<PositionRotation>
			<X>36.0004883</X>
			<Y>-1714.12927</Y>
			<Z>30.0338726</Z>
			<Pitch>0.514215648</Pitch>
			<Roll>-0.0181898158</Roll>
			<Yaw>112.622147</Yaw>
		</PositionRotation>
		<Attachment isAttached="true">
			<AttachedTo>137792</AttachedTo>
			<BoneIndex>0</BoneIndex>
			<X>-0.210000068</X>
			<Y>0.619999766</Y>
			<Z>1.09000003</Z>
			<Pitch>0</Pitch>
			<Roll>0</Roll>
			<Yaw>0</Yaw>
		</Attachment>
	</Placement>
	<Placement>
		<ModelHash>0xf55c8cd1</ModelHash>
		<Type>3</Type>
		<Dynamic>false</Dynamic>
		<FrozenPos>true</FrozenPos>
		<HashName>w_pi_pistol50</HashName>
		<InitialHandle>505665</InitialHandle>
		<ObjectProperties>
			<TextureVariation>0</TextureVariation>
		</ObjectProperties>
		<OpacityLevel>255</OpacityLevel>
		<LodDistance>16960</LodDistance>
		<IsVisible>true</IsVisible>
		<MaxHealth>1000</MaxHealth>
		<Health>1000</Health>
		<HasGravity>true</HasGravity>
		<IsOnFire>false</IsOnFire>
		<IsInvincible>false</IsInvincible>
		<IsBulletProof>false</IsBulletProof>
		<IsCollisionProof>false</IsCollisionProof>
		<IsExplosionProof>false</IsExplosionProof>
		<IsFireProof>false</IsFireProof>
		<IsMeleeProof>false</IsMeleeProof>
		<IsOnlyDamagedByPlayer>false</IsOnlyDamagedByPlayer>
		<PositionRotation>
			<X>36.1002197</X>
			<Y>-1713.99011</Y>
			<Z>29.5445747</Z>
			<Pitch>86.5142288</Pitch>
			<Roll>22.7008572</Roll>
			<Yaw>112.920563</Yaw>
		</PositionRotation>
		<Attachment isAttached="true">
			<AttachedTo>137792</AttachedTo>
			<BoneIndex>0</BoneIndex>
			<X>-0.120000035</X>
			<Y>0.469999909</Y>
			<Z>0.601999879</Z>
			<Pitch>86</Pitch>
			<Roll>23</Roll>
			<Yaw>0</Yaw>
		</Attachment>
	</Placement>
	<Placement>
		<ModelHash>0xb8adc43d</ModelHash>
		<Type>3</Type>
		<Dynamic>false</Dynamic>
		<FrozenPos>true</FrozenPos>
		<HashName>prop_car_bonnet_01</HashName>
		<InitialHandle>734273</InitialHandle>
		<ObjectProperties>
			<TextureVariation>0</TextureVariation>
		</ObjectProperties>
		<OpacityLevel>255</OpacityLevel>
		<LodDistance>16960</LodDistance>
		<IsVisible>true</IsVisible>
		<MaxHealth>1000</MaxHealth>
		<Health>1000</Health>
		<HasGravity>true</HasGravity>
		<IsOnFire>false</IsOnFire>
		<IsInvincible>false</IsInvincible>
		<IsBulletProof>false</IsBulletProof>
		<IsCollisionProof>false</IsCollisionProof>
		<IsExplosionProof>false</IsExplosionProof>
		<IsFireProof>false</IsFireProof>
		<IsMeleeProof>false</IsMeleeProof>
		<IsOnlyDamagedByPlayer>false</IsOnlyDamagedByPlayer>
		<PositionRotation>
			<X>36.0901985</X>
			<Y>-1713.95117</Y>
			<Z>30.1825619</Z>
			<Pitch>89.4860306</Pitch>
			<Roll>-177.974045</Roll>
			<Yaw>-69.403862</Yaw>
		</PositionRotation>
		<Attachment isAttached="true">
			<AttachedTo>137792</AttachedTo>
			<BoneIndex>0</BoneIndex>
			<X>-0.0800000131</X>
			<Y>0.46999988</Y>
			<Z>1.23999918</Z>
			<Pitch>450</Pitch>
			<Roll>0</Roll>
			<Yaw>0</Yaw>
		</Attachment>
	</Placement>
	<Placement>
		<ModelHash>0x66f2b0e9</ModelHash>
		<Type>3</Type>
		<Dynamic>false</Dynamic>
		<FrozenPos>true</FrozenPos>
		<HashName>prop_roofpipe_01</HashName>
		<InitialHandle>740161</InitialHandle>
		<ObjectProperties>
			<TextureVariation>0</TextureVariation>
		</ObjectProperties>
		<OpacityLevel>255</OpacityLevel>
		<LodDistance>16960</LodDistance>
		<IsVisible>true</IsVisible>
		<MaxHealth>1000</MaxHealth>
		<Health>1000</Health>
		<HasGravity>true</HasGravity>
		<IsOnFire>false</IsOnFire>
		<IsInvincible>false</IsInvincible>
		<IsBulletProof>false</IsBulletProof>
		<IsCollisionProof>false</IsCollisionProof>
		<IsExplosionProof>false</IsExplosionProof>
		<IsFireProof>false</IsFireProof>
		<IsMeleeProof>false</IsMeleeProof>
		<IsOnlyDamagedByPlayer>false</IsOnlyDamagedByPlayer>
		<PositionRotation>
			<X>36.0458946</X>
			<Y>-1713.22205</Y>
			<Z>30.1306286</Z>
			<Pitch>83.9258728</Pitch>
			<Roll>-179.828094</Roll>
			<Yaw>-67.5489349</Yaw>
		</PositionRotation>
		<Attachment isAttached="true">
			<AttachedTo>137792</AttachedTo>
			<BoneIndex>0</BoneIndex>
			<X>0.609999776</X>
			<Y>0.230000079</Y>
			<Z>1.18999922</Z>
			<Pitch>95.5599289</Pitch>
			<Roll>0</Roll>
			<Yaw>0</Yaw>
		</Attachment>
	</Placement>
	<Placement>
		<ModelHash>0xe7daa6e6</ModelHash>
		<Type>3</Type>
		<Dynamic>false</Dynamic>
		<FrozenPos>true</FrozenPos>
		<HashName>prop_paints_can04</HashName>
		<InitialHandle>738625</InitialHandle>
		<ObjectProperties>
			<TextureVariation>0</TextureVariation>
		</ObjectProperties>
		<OpacityLevel>255</OpacityLevel>
		<LodDistance>16960</LodDistance>
		<IsVisible>true</IsVisible>
		<MaxHealth>1000</MaxHealth>
		<Health>1000</Health>
		<HasGravity>true</HasGravity>
		<IsOnFire>false</IsOnFire>
		<IsInvincible>false</IsInvincible>
		<IsBulletProof>false</IsBulletProof>
		<IsCollisionProof>false</IsCollisionProof>
		<IsExplosionProof>false</IsExplosionProof>
		<IsFireProof>false</IsFireProof>
		<IsMeleeProof>false</IsMeleeProof>
		<IsOnlyDamagedByPlayer>false</IsOnlyDamagedByPlayer>
		<PositionRotation>
			<X>36.1211891</X>
			<Y>-1713.16907</Y>
			<Z>30.1198273</Z>
			<Pitch>-84.4857635</Pitch>
			<Roll>-0.189284921</Roll>
			<Yaw>112.433571</Yaw>
		</PositionRotation>
		<Attachment isAttached="true">
			<AttachedTo>137792</AttachedTo>
			<BoneIndex>0</BoneIndex>
			<X>0.629999757</X>
			<Y>0.14000006</Y>
			<Z>1.17999923</Z>
			<Pitch>-85</Pitch>
			<Roll>0</Roll>
			<Yaw>0</Yaw>
		</Attachment>
	</Placement>
	<Placement>
		<ModelHash>0x9866a5db</ModelHash>
		<Type>3</Type>
		<Dynamic>false</Dynamic>
		<FrozenPos>true</FrozenPos>
		<HashName>prop_barrel_01a</HashName>
		<InitialHandle>738881</InitialHandle>
		<ObjectProperties>
			<TextureVariation>0</TextureVariation>
		</ObjectProperties>
		<OpacityLevel>255</OpacityLevel>
		<LodDistance>16960</LodDistance>
		<IsVisible>true</IsVisible>
		<MaxHealth>1000</MaxHealth>
		<Health>1000</Health>
		<HasGravity>true</HasGravity>
		<IsOnFire>false</IsOnFire>
		<IsInvincible>false</IsInvincible>
		<IsBulletProof>false</IsBulletProof>
		<IsCollisionProof>false</IsCollisionProof>
		<IsExplosionProof>false</IsExplosionProof>
		<IsFireProof>false</IsFireProof>
		<IsMeleeProof>false</IsMeleeProof>
		<IsOnlyDamagedByPlayer>false</IsOnlyDamagedByPlayer>
		<PositionRotation>
			<X>38.7279091</X>
			<Y>-1712.60254</Y>
			<Z>29.4460983</Z>
			<Pitch>0.514215767</Pitch>
			<Roll>-90.0181808</Roll>
			<Yaw>112.622147</Yaw>
		</PositionRotation>
		<Attachment isAttached="true">
			<AttachedTo>137792</AttachedTo>
			<BoneIndex>0</BoneIndex>
			<X>0.150000051</X>
			<Y>-2.4899981</Y>
			<Z>0.529999852</Z>
			<Pitch>0</Pitch>
			<Roll>-90</Roll>
			<Yaw>0</Yaw>
		</Attachment>
	</Placement>
	<Placement>
		<ModelHash>0x59df96b5</ModelHash>
		<Type>3</Type>
		<Dynamic>false</Dynamic>
		<FrozenPos>true</FrozenPos>
		<HashName>prop_ld_rubble_04</HashName>
		<InitialHandle>740929</InitialHandle>
		<ObjectProperties>
			<TextureVariation>0</TextureVariation>
		</ObjectProperties>
		<OpacityLevel>255</OpacityLevel>
		<LodDistance>16960</LodDistance>
		<IsVisible>true</IsVisible>
		<MaxHealth>1000</MaxHealth>
		<Health>1000</Health>
		<HasGravity>true</HasGravity>
		<IsOnFire>false</IsOnFire>
		<IsInvincible>false</IsInvincible>
		<IsBulletProof>false</IsBulletProof>
		<IsCollisionProof>false</IsCollisionProof>
		<IsExplosionProof>false</IsExplosionProof>
		<IsFireProof>false</IsFireProof>
		<IsMeleeProof>false</IsMeleeProof>
		<IsOnlyDamagedByPlayer>false</IsOnlyDamagedByPlayer>
		<PositionRotation>
			<X>38.8359528</X>
			<Y>-1712.99084</Y>
			<Z>29.4864197</Z>
			<Pitch>0.514215648</Pitch>
			<Roll>-3.01818991</Roll>
			<Yaw>112.622147</Yaw>
		</PositionRotation>
		<Attachment isAttached="true">
			<AttachedTo>137792</AttachedTo>
			<BoneIndex>0</BoneIndex>
			<X>-0.250000089</X>
			<Y>-2.43999815</Y>
			<Z>0.569999814</Z>
			<Pitch>0</Pitch>
			<Roll>-3</Roll>
			<Yaw>0</Yaw>
		</Attachment>
	</Placement>
	<Placement>
		<ModelHash>0x710841e5</ModelHash>
		<Type>3</Type>
		<Dynamic>false</Dynamic>
		<FrozenPos>true</FrozenPos>
		<HashName>prop_scaffold_pole</HashName>
		<InitialHandle>227647</InitialHandle>
		<ObjectProperties>
			<TextureVariation>0</TextureVariation>
		</ObjectProperties>
		<OpacityLevel>255</OpacityLevel>
		<LodDistance>16960</LodDistance>
		<IsVisible>true</IsVisible>
		<MaxHealth>1000</MaxHealth>
		<Health>1000</Health>
		<HasGravity>true</HasGravity>
		<IsOnFire>false</IsOnFire>
		<IsInvincible>false</IsInvincible>
		<IsBulletProof>false</IsBulletProof>
		<IsCollisionProof>false</IsCollisionProof>
		<IsExplosionProof>false</IsExplosionProof>
		<IsFireProof>false</IsFireProof>
		<IsMeleeProof>false</IsMeleeProof>
		<IsOnlyDamagedByPlayer>false</IsOnlyDamagedByPlayer>
		<PositionRotation>
			<X>38.8647346</X>
			<Y>-1712.70801</Y>
			<Z>29.4152813</Z>
			<Pitch>0.514225781</Pitch>
			<Roll>-89.0181885</Roll>
			<Yaw>112.622147</Yaw>
		</PositionRotation>
		<Attachment isAttached="true">
			<AttachedTo>137792</AttachedTo>
			<BoneIndex>0</BoneIndex>
			<X>0</X>
			<Y>-2.57599831</Y>
			<Z>0.499999881</Z>
			<Pitch>360</Pitch>
			<Roll>-89</Roll>
			<Yaw>0</Yaw>
		</Attachment>
	</Placement>
	<Placement>
		<ModelHash>0x577968bb</ModelHash>
		<Type>3</Type>
		<Dynamic>false</Dynamic>
		<FrozenPos>true</FrozenPos>
		<HashName>prop_tool_box_06</HashName>
		<InitialHandle>554813</InitialHandle>
		<ObjectProperties>
			<TextureVariation>0</TextureVariation>
		</ObjectProperties>
		<OpacityLevel>255</OpacityLevel>
		<LodDistance>16960</LodDistance>
		<IsVisible>true</IsVisible>
		<MaxHealth>1000</MaxHealth>
		<Health>1000</Health>
		<HasGravity>true</HasGravity>
		<IsOnFire>false</IsOnFire>
		<IsInvincible>false</IsInvincible>
		<IsBulletProof>false</IsBulletProof>
		<IsCollisionProof>false</IsCollisionProof>
		<IsExplosionProof>false</IsExplosionProof>
		<IsFireProof>false</IsFireProof>
		<IsMeleeProof>false</IsMeleeProof>
		<IsOnlyDamagedByPlayer>false</IsOnlyDamagedByPlayer>
		<PositionRotation>
			<X>37.9188042</X>
			<Y>-1713.10229</Y>
			<Z>29.5544834</Z>
			<Pitch>0.514215648</Pitch>
			<Roll>-0.0181898158</Roll>
			<Yaw>112.622147</Yaw>
		</PositionRotation>
		<Attachment isAttached="true">
			<AttachedTo>137792</AttachedTo>
			<BoneIndex>0</BoneIndex>
			<X>0</X>
			<Y>-1.54999888</Y>
			<Z>0.629999757</Z>
			<Pitch>0</Pitch>
			<Roll>0</Roll>
			<Yaw>0</Yaw>
		</Attachment>
	</Placement>
	<Placement>
		<ModelHash>0x991b6c74</ModelHash>
		<Type>3</Type>
		<Dynamic>false</Dynamic>
		<FrozenPos>true</FrozenPos>
		<HashName>prop_battery_02</HashName>
		<InitialHandle>741185</InitialHandle>
		<ObjectProperties>
			<TextureVariation>0</TextureVariation>
		</ObjectProperties>
		<OpacityLevel>255</OpacityLevel>
		<LodDistance>16960</LodDistance>
		<IsVisible>true</IsVisible>
		<MaxHealth>1000</MaxHealth>
		<Health>1000</Health>
		<HasGravity>true</HasGravity>
		<IsOnFire>false</IsOnFire>
		<IsInvincible>false</IsInvincible>
		<IsBulletProof>false</IsBulletProof>
		<IsCollisionProof>false</IsCollisionProof>
		<IsExplosionProof>false</IsExplosionProof>
		<IsFireProof>false</IsFireProof>
		<IsMeleeProof>false</IsMeleeProof>
		<IsOnlyDamagedByPlayer>false</IsOnlyDamagedByPlayer>
		<PositionRotation>
			<X>36.6667557</X>
			<Y>-1713.77588</Y>
			<Z>30.1371632</Z>
			<Pitch>0.514215946</Pitch>
			<Roll>-7.01819468</Roll>
			<Yaw>112.622147</Yaw>
		</PositionRotation>
		<Attachment isAttached="true">
			<AttachedTo>137792</AttachedTo>
			<BoneIndex>0</BoneIndex>
			<X>-0.140000045</X>
			<Y>-0.13000004</Y>
			<Z>1.20000279</Z>
			<Pitch>0</Pitch>
			<Roll>353</Roll>
			<Yaw>0</Yaw>
		</Attachment>
	</Placement>
	<Placement>
		<ModelHash>0x654179c1</ModelHash>
		<Type>3</Type>
		<Dynamic>false</Dynamic>
		<FrozenPos>true</FrozenPos>
		<HashName>prop_rub_planks_02</HashName>
		<InitialHandle>56385</InitialHandle>
		<ObjectProperties>
			<TextureVariation>0</TextureVariation>
		</ObjectProperties>
		<OpacityLevel>255</OpacityLevel>
		<LodDistance>16960</LodDistance>
		<IsVisible>true</IsVisible>
		<MaxHealth>1000</MaxHealth>
		<Health>1000</Health>
		<HasGravity>true</HasGravity>
		<IsOnFire>false</IsOnFire>
		<IsInvincible>false</IsInvincible>
		<IsBulletProof>false</IsBulletProof>
		<IsCollisionProof>false</IsCollisionProof>
		<IsExplosionProof>false</IsExplosionProof>
		<IsFireProof>false</IsFireProof>
		<IsMeleeProof>false</IsMeleeProof>
		<IsOnlyDamagedByPlayer>false</IsOnlyDamagedByPlayer>
		<PositionRotation>
			<X>38.1598015</X>
			<Y>-1713.00183</Y>
			<Z>29.6721439</Z>
			<Pitch>-0.514220774</Pitch>
			<Roll>90.0181808</Roll>
			<Yaw>-67.3778458</Yaw>
		</PositionRotation>
		<Attachment isAttached="true">
			<AttachedTo>137792</AttachedTo>
			<BoneIndex>0</BoneIndex>
			<X>0</X>
			<Y>-1.80999875</Y>
			<Z>0.749999642</Z>
			<Pitch>180</Pitch>
			<Roll>-90</Roll>
			<Yaw>3.57627869e-07</Yaw>
		</Attachment>
	</Placement>
	<Placement>
		<ModelHash>0x625223d7</ModelHash>
		<Type>3</Type>
		<Dynamic>false</Dynamic>
		<FrozenPos>true</FrozenPos>
		<HashName>frag_plank_a</HashName>
		<InitialHandle>442683</InitialHandle>
		<ObjectProperties>
			<TextureVariation>0</TextureVariation>
		</ObjectProperties>
		<OpacityLevel>255</OpacityLevel>
		<LodDistance>16960</LodDistance>
		<IsVisible>true</IsVisible>
		<MaxHealth>1000</MaxHealth>
		<Health>1000</Health>
		<HasGravity>true</HasGravity>
		<IsOnFire>false</IsOnFire>
		<IsInvincible>false</IsInvincible>
		<IsBulletProof>false</IsBulletProof>
		<IsCollisionProof>false</IsCollisionProof>
		<IsExplosionProof>false</IsExplosionProof>
		<IsFireProof>false</IsFireProof>
		<IsMeleeProof>false</IsMeleeProof>
		<IsOnlyDamagedByPlayer>false</IsOnlyDamagedByPlayer>
		<PositionRotation>
			<X>35.8656349</X>
			<Y>-1714.32629</Y>
			<Z>30.0056286</Z>
			<Pitch>0.514215708</Pitch>
			<Roll>89.9818039</Roll>
			<Yaw>112.622147</Yaw>
		</PositionRotation>
		<Attachment isAttached="true">
			<AttachedTo>137792</AttachedTo>
			<BoneIndex>0</BoneIndex>
			<X>-0.340000004</X>
			<Y>0.819999576</Y>
			<Z>1.06000006</Z>
			<Pitch>0</Pitch>
			<Roll>90.0000076</Roll>
			<Yaw>0</Yaw>
		</Attachment>
	</Placement>
	<Placement>
		<ModelHash>0x0923ffcb</ModelHash>
		<Type>3</Type>
		<Dynamic>false</Dynamic>
		<FrozenPos>true</FrozenPos>
		<HashName>ng_proc_spraycan01a</HashName>
		<InitialHandle>11579</InitialHandle>
		<ObjectProperties>
			<TextureVariation>0</TextureVariation>
		</ObjectProperties>
		<OpacityLevel>255</OpacityLevel>
		<LodDistance>16960</LodDistance>
		<IsVisible>true</IsVisible>
		<MaxHealth>1000</MaxHealth>
		<Health>1000</Health>
		<HasGravity>true</HasGravity>
		<IsOnFire>false</IsOnFire>
		<IsInvincible>false</IsInvincible>
		<IsBulletProof>false</IsBulletProof>
		<IsCollisionProof>false</IsCollisionProof>
		<IsExplosionProof>false</IsExplosionProof>
		<IsFireProof>false</IsFireProof>
		<IsMeleeProof>false</IsMeleeProof>
		<IsOnlyDamagedByPlayer>false</IsOnlyDamagedByPlayer>
		<PositionRotation>
			<X>35.9181976</X>
			<Y>-1713.14294</Y>
			<Z>29.0931644</Z>
			<Pitch>84.9556885</Pitch>
			<Roll>-95.8582611</Roll>
			<Yaw>-151.542099</Yaw>
		</PositionRotation>
		<Attachment isAttached="true">
			<AttachedTo>137792</AttachedTo>
			<BoneIndex>25</BoneIndex>
			<X>0.0900000185</X>
			<Y>-0.27000007</Y>
			<Z>-0.26000008</Z>
			<Pitch>90</Pitch>
			<Roll>0</Roll>
			<Yaw>360</Yaw>
		</Attachment>
	</Placement>
	<Placement>
		<ModelHash>0x684a97ae</ModelHash>
		<Type>3</Type>
		<Dynamic>false</Dynamic>
		<FrozenPos>true</FrozenPos>
		<HashName>prop_cs_spray_can</HashName>
		<InitialHandle>561984</InitialHandle>
		<ObjectProperties>
			<TextureVariation>0</TextureVariation>
		</ObjectProperties>
		<OpacityLevel>255</OpacityLevel>
		<LodDistance>16960</LodDistance>
		<IsVisible>true</IsVisible>
		<MaxHealth>1000</MaxHealth>
		<Health>1000</Health>
		<HasGravity>true</HasGravity>
		<IsOnFire>false</IsOnFire>
		<IsInvincible>false</IsInvincible>
		<IsBulletProof>false</IsBulletProof>
		<IsCollisionProof>false</IsCollisionProof>
		<IsExplosionProof>false</IsExplosionProof>
		<IsFireProof>false</IsFireProof>
		<IsMeleeProof>false</IsMeleeProof>
		<IsOnlyDamagedByPlayer>false</IsOnlyDamagedByPlayer>
		<PositionRotation>
			<X>35.9663353</X>
			<Y>-1712.99951</Y>
			<Z>29.0520821</Z>
			<Pitch>3.01800895</Pitch>
			<Roll>0.514929593</Roll>
			<Yaw>22.5950451</Yaw>
		</PositionRotation>
		<Attachment isAttached="true">
			<AttachedTo>137792</AttachedTo>
			<BoneIndex>25</BoneIndex>
			<X>0.200000063</X>
			<Y>-0.369999975</Y>
			<Z>-0.310000032</Z>
			<Pitch>358</Pitch>
			<Roll>0</Roll>
			<Yaw>270</Yaw>
		</Attachment>
	</Placement>
	<Placement>
		<ModelHash>0x27c33a11</ModelHash>
		<Type>3</Type>
		<Dynamic>false</Dynamic>
		<FrozenPos>true</FrozenPos>
		<HashName>prop_etricmotor_01</HashName>
		<InitialHandle>740673</InitialHandle>
		<ObjectProperties>
			<TextureVariation>0</TextureVariation>
		</ObjectProperties>
		<OpacityLevel>255</OpacityLevel>
		<LodDistance>16960</LodDistance>
		<IsVisible>true</IsVisible>
		<MaxHealth>1000</MaxHealth>
		<Health>1000</Health>
		<HasGravity>true</HasGravity>
		<IsOnFire>false</IsOnFire>
		<IsInvincible>false</IsInvincible>
		<IsBulletProof>false</IsBulletProof>
		<IsCollisionProof>false</IsCollisionProof>
		<IsExplosionProof>false</IsExplosionProof>
		<IsFireProof>false</IsFireProof>
		<IsMeleeProof>false</IsMeleeProof>
		<IsOnlyDamagedByPlayer>false</IsOnlyDamagedByPlayer>
		<PositionRotation>
			<X>35.9769821</X>
			<Y>-1713.71228</Y>
			<Z>29.892746</Z>
			<Pitch>-48.9892921</Pitch>
			<Roll>0.783643305</Roll>
			<Yaw>23.2134972</Yaw>
		</PositionRotation>
		<Attachment isAttached="true">
			<AttachedTo>137792</AttachedTo>
			<BoneIndex>0</BoneIndex>
			<X>0.18400009</X>
			<Y>0.4799999</Y>
			<Z>0.949999452</Z>
			<Pitch>-49.0101318</Pitch>
			<Roll>0</Roll>
			<Yaw>270</Yaw>
		</Attachment>
	</Placement>
	<Placement>
		<ModelHash>0xb412d31c</ModelHash>
		<Type>3</Type>
		<Dynamic>false</Dynamic>
		<FrozenPos>true</FrozenPos>
		<HashName>stt_prop_lives_bottle</HashName>
		<InitialHandle>643393</InitialHandle>
		<ObjectProperties>
			<TextureVariation>0</TextureVariation>
		</ObjectProperties>
		<OpacityLevel>255</OpacityLevel>
		<LodDistance>16960</LodDistance>
		<IsVisible>true</IsVisible>
		<MaxHealth>1000</MaxHealth>
		<Health>1000</Health>
		<HasGravity>true</HasGravity>
		<IsOnFire>false</IsOnFire>
		<IsInvincible>false</IsInvincible>
		<IsBulletProof>false</IsBulletProof>
		<IsCollisionProof>false</IsCollisionProof>
		<IsExplosionProof>false</IsExplosionProof>
		<IsFireProof>false</IsFireProof>
		<IsMeleeProof>false</IsMeleeProof>
		<IsOnlyDamagedByPlayer>false</IsOnlyDamagedByPlayer>
		<PositionRotation>
			<X>35.8122215</X>
			<Y>-1713.69824</Y>
			<Z>29.1440582</Z>
			<Pitch>0.514225721</Pitch>
			<Roll>89.9817886</Roll>
			<Yaw>112.622147</Yaw>
		</PositionRotation>
		<Attachment isAttached="true">
			<AttachedTo>137792</AttachedTo>
			<BoneIndex>0</BoneIndex>
			<X>0.26000008</X>
			<Y>0.619999766</Y>
			<Z>0.200000077</Z>
			<Pitch>360</Pitch>
			<Roll>450</Roll>
			<Yaw>0</Yaw>
		</Attachment>
	</Placement>
	<Placement>
		<ModelHash>0x996e76ad</ModelHash>
		<Type>3</Type>
		<Dynamic>false</Dynamic>
		<FrozenPos>true</FrozenPos>
		<HashName>prop_tennis_ball</HashName>
		<InitialHandle>360513</InitialHandle>
		<ObjectProperties>
			<TextureVariation>0</TextureVariation>
		</ObjectProperties>
		<OpacityLevel>255</OpacityLevel>
		<LodDistance>16960</LodDistance>
		<IsVisible>true</IsVisible>
		<MaxHealth>1000</MaxHealth>
		<Health>1000</Health>
		<HasGravity>true</HasGravity>
		<IsOnFire>false</IsOnFire>
		<IsInvincible>false</IsInvincible>
		<IsBulletProof>false</IsBulletProof>
		<IsCollisionProof>false</IsCollisionProof>
		<IsExplosionProof>false</IsExplosionProof>
		<IsFireProof>false</IsFireProof>
		<IsMeleeProof>false</IsMeleeProof>
		<IsOnlyDamagedByPlayer>false</IsOnlyDamagedByPlayer>
		<PositionRotation>
			<X>35.7035294</X>
			<Y>-1714.80579</Y>
			<Z>30.6695309</Z>
			<Pitch>0.514215648</Pitch>
			<Roll>-0.0181898158</Roll>
			<Yaw>112.622147</Yaw>
		</PositionRotation>
		<Attachment isAttached="true">
			<AttachedTo>137792</AttachedTo>
			<BoneIndex>0</BoneIndex>
			<X>-0.719999671</X>
			<Y>1.15999925</Y>
			<Z>1.72099876</Z>
			<Pitch>0</Pitch>
			<Roll>0</Roll>
			<Yaw>0</Yaw>
		</Attachment>
	</Placement>
	<Placement>
		<ModelHash>0x644b9585</ModelHash>
		<Type>3</Type>
		<Dynamic>false</Dynamic>
		<FrozenPos>true</FrozenPos>
		<HashName>prop_ld_shoe_01</HashName>
		<InitialHandle>209473</InitialHandle>
		<ObjectProperties>
			<TextureVariation>0</TextureVariation>
		</ObjectProperties>
		<OpacityLevel>255</OpacityLevel>
		<LodDistance>16960</LodDistance>
		<IsVisible>true</IsVisible>
		<MaxHealth>1000</MaxHealth>
		<Health>1000</Health>
		<HasGravity>true</HasGravity>
		<IsOnFire>false</IsOnFire>
		<IsInvincible>false</IsInvincible>
		<IsBulletProof>false</IsBulletProof>
		<IsCollisionProof>false</IsCollisionProof>
		<IsExplosionProof>false</IsExplosionProof>
		<IsFireProof>false</IsFireProof>
		<IsMeleeProof>false</IsMeleeProof>
		<IsOnlyDamagedByPlayer>false</IsOnlyDamagedByPlayer>
		<PositionRotation>
			<X>37.3777199</X>
			<Y>-1713.07861</Y>
			<Z>29.5189552</Z>
			<Pitch>14.4873972</Pitch>
			<Roll>0.953925848</Roll>
			<Yaw>-74.3662109</Yaw>
		</PositionRotation>
		<Attachment isAttached="true">
			<AttachedTo>137792</AttachedTo>
			<BoneIndex>0</BoneIndex>
			<X>0.230000094</X>
			<Y>-1.05999935</Y>
			<Z>0.589999795</Z>
			<Pitch>15.000001</Pitch>
			<Roll>361</Roll>
			<Yaw>533</Yaw>
		</Attachment>
	</Placement>
	<Placement>
		<ModelHash>0x57ca6238</ModelHash>
		<Type>3</Type>
		<Dynamic>false</Dynamic>
		<FrozenPos>true</FrozenPos>
		<HashName>prop_shower_rack_01</HashName>
		<InitialHandle>653889</InitialHandle>
		<ObjectProperties>
			<TextureVariation>0</TextureVariation>
		</ObjectProperties>
		<OpacityLevel>255</OpacityLevel>
		<LodDistance>16960</LodDistance>
		<IsVisible>true</IsVisible>
		<MaxHealth>1000</MaxHealth>
		<Health>1000</Health>
		<HasGravity>true</HasGravity>
		<IsOnFire>false</IsOnFire>
		<IsInvincible>false</IsInvincible>
		<IsBulletProof>false</IsBulletProof>
		<IsCollisionProof>false</IsCollisionProof>
		<IsExplosionProof>false</IsExplosionProof>
		<IsFireProof>false</IsFireProof>
		<IsMeleeProof>false</IsMeleeProof>
		<IsOnlyDamagedByPlayer>false</IsOnlyDamagedByPlayer>
		<PositionRotation>
			<X>35.702137</X>
			<Y>-1713.66833</Y>
			<Z>29.1348877</Z>
			<Pitch>0.514215648</Pitch>
			<Roll>-0.0181898158</Roll>
			<Yaw>112.622147</Yaw>
		</PositionRotation>
		<Attachment isAttached="true">
			<AttachedTo>137792</AttachedTo>
			<BoneIndex>0</BoneIndex>
			<X>0.330000013</X>
			<Y>0.709999681</Y>
			<Z>0.190000057</Z>
			<Pitch>0</Pitch>
			<Roll>0</Roll>
			<Yaw>0</Yaw>
		</Attachment>
	</Placement>
	<Placement>
		<ModelHash>0x8088304a</ModelHash>
		<Type>3</Type>
		<Dynamic>false</Dynamic>
		<FrozenPos>true</FrozenPos>
		<HashName>prop_rub_planks_04</HashName>
		<InitialHandle>98625</InitialHandle>
		<ObjectProperties>
			<TextureVariation>0</TextureVariation>
		</ObjectProperties>
		<OpacityLevel>255</OpacityLevel>
		<LodDistance>16960</LodDistance>
		<IsVisible>true</IsVisible>
		<MaxHealth>1000</MaxHealth>
		<Health>1000</Health>
		<HasGravity>true</HasGravity>
		<IsOnFire>false</IsOnFire>
		<IsInvincible>false</IsInvincible>
		<IsBulletProof>false</IsBulletProof>
		<IsCollisionProof>false</IsCollisionProof>
		<IsExplosionProof>false</IsExplosionProof>
		<IsFireProof>false</IsFireProof>
		<IsMeleeProof>false</IsMeleeProof>
		<IsOnlyDamagedByPlayer>false</IsOnlyDamagedByPlayer>
		<PositionRotation>
			<X>35.7899399</X>
			<Y>-1714.76953</Y>
			<Z>29.9676628</Z>
			<Pitch>-0.0181889795</Pitch>
			<Roll>-0.514215648</Roll>
			<Yaw>-157.378021</Yaw>
		</PositionRotation>
		<Attachment isAttached="true">
			<AttachedTo>137792</AttachedTo>
			<BoneIndex>0</BoneIndex>
			<X>-0.719999671</X>
			<Y>1.05999935</Y>
			<Z>1.01999938</Z>
			<Pitch>0</Pitch>
			<Roll>0</Roll>
			<Yaw>450</Yaw>
		</Attachment>
	</Placement>
	<Placement>
		<ModelHash>0xede01c9b</ModelHash>
		<Type>3</Type>
		<Dynamic>false</Dynamic>
		<FrozenPos>true</FrozenPos>
		<HashName>v_ind_cf_crate2</HashName>
		<InitialHandle>726080</InitialHandle>
		<ObjectProperties>
			<TextureVariation>0</TextureVariation>
		</ObjectProperties>
		<OpacityLevel>255</OpacityLevel>
		<LodDistance>16960</LodDistance>
		<IsVisible>true</IsVisible>
		<MaxHealth>1000</MaxHealth>
		<Health>1000</Health>
		<HasGravity>true</HasGravity>
		<IsOnFire>false</IsOnFire>
		<IsInvincible>false</IsInvincible>
		<IsBulletProof>false</IsBulletProof>
		<IsCollisionProof>false</IsCollisionProof>
		<IsExplosionProof>false</IsExplosionProof>
		<IsFireProof>false</IsFireProof>
		<IsMeleeProof>false</IsMeleeProof>
		<IsOnlyDamagedByPlayer>false</IsOnlyDamagedByPlayer>
		<PositionRotation>
			<X>35.8695641</X>
			<Y>-1714.33557</Y>
			<Z>30.0156231</Z>
			<Pitch>0.514215648</Pitch>
			<Roll>-0.0181898158</Roll>
			<Yaw>112.622147</Yaw>
		</PositionRotation>
		<Attachment isAttached="true">
			<AttachedTo>137792</AttachedTo>
			<BoneIndex>0</BoneIndex>
			<X>-0.349999994</X>
			<Y>0.819999576</Y>
			<Z>1.06999934</Z>
			<Pitch>0</Pitch>
			<Roll>0</Roll>
			<Yaw>0</Yaw>
		</Attachment>
	</Placement>
	<Placement>
		<ModelHash>0x8856dc70</ModelHash>
		<Type>3</Type>
		<Dynamic>false</Dynamic>
		<FrozenPos>true</FrozenPos>
		<HashName>ng_proc_wood_01a</HashName>
		<InitialHandle>730689</InitialHandle>
		<ObjectProperties>
			<TextureVariation>0</TextureVariation>
		</ObjectProperties>
		<OpacityLevel>255</OpacityLevel>
		<LodDistance>16960</LodDistance>
		<IsVisible>true</IsVisible>
		<MaxHealth>1000</MaxHealth>
		<Health>1000</Health>
		<HasGravity>true</HasGravity>
		<IsOnFire>false</IsOnFire>
		<IsInvincible>false</IsInvincible>
		<IsBulletProof>false</IsBulletProof>
		<IsCollisionProof>false</IsCollisionProof>
		<IsExplosionProof>false</IsExplosionProof>
		<IsFireProof>false</IsFireProof>
		<IsMeleeProof>false</IsMeleeProof>
		<IsOnlyDamagedByPlayer>false</IsOnlyDamagedByPlayer>
		<PositionRotation>
			<X>34.6717033</X>
			<Y>-1714.63171</Y>
			<Z>28.9475861</Z>
			<Pitch>82.9631195</Pitch>
			<Roll>-7.20105076</Roll>
			<Yaw>-153.208328</Yaw>
		</PositionRotation>
		<Attachment isAttached="true">
			<AttachedTo>137792</AttachedTo>
			<BoneIndex>0</BoneIndex>
			<X>-0.16300033</X>
			<Y>2.03000021</Y>
			<Z>-0.00900000148</Z>
			<Pitch>83.0000076</Pitch>
			<Roll>357</Roll>
			<Yaw>450</Yaw>
		</Attachment>
	</Placement>
	<Placement>
		<ModelHash>0x459d7e0f</ModelHash>
		<Type>3</Type>
		<Dynamic>false</Dynamic>
		<FrozenPos>true</FrozenPos>
		<HashName>ng_proc_wood_02a</HashName>
		<InitialHandle>33085</InitialHandle>
		<ObjectProperties>
			<TextureVariation>0</TextureVariation>
		</ObjectProperties>
		<OpacityLevel>255</OpacityLevel>
		<LodDistance>16960</LodDistance>
		<IsVisible>true</IsVisible>
		<MaxHealth>1000</MaxHealth>
		<Health>1000</Health>
		<HasGravity>true</HasGravity>
		<IsOnFire>false</IsOnFire>
		<IsInvincible>false</IsInvincible>
		<IsBulletProof>false</IsBulletProof>
		<IsCollisionProof>false</IsCollisionProof>
		<IsExplosionProof>false</IsExplosionProof>
		<IsFireProof>false</IsFireProof>
		<IsMeleeProof>false</IsMeleeProof>
		<IsOnlyDamagedByPlayer>false</IsOnlyDamagedByPlayer>
		<PositionRotation>
			<X>34.5944633</X>
			<Y>-1714.36816</Y>
			<Z>28.9564037</Z>
			<Pitch>-18.9810123</Pitch>
			<Roll>0.5437814</Roll>
			<Yaw>22.799015</Yaw>
		</PositionRotation>
		<Attachment isAttached="true">
			<AttachedTo>137792</AttachedTo>
			<BoneIndex>0</BoneIndex>
			<X>0.110000029</X>
			<Y>1.99999857</Y>
			<Z>0</Z>
			<Pitch>-19</Pitch>
			<Roll>0</Roll>
			<Yaw>270</Yaw>
		</Attachment>
	</Placement>
	<Placement>
		<ModelHash>0x9684d59f</ModelHash>
		<Type>3</Type>
		<Dynamic>false</Dynamic>
		<FrozenPos>true</FrozenPos>
		<HashName>prop_fncwood_13c</HashName>
		<InitialHandle>740417</InitialHandle>
		<ObjectProperties>
			<TextureVariation>0</TextureVariation>
		</ObjectProperties>
		<OpacityLevel>255</OpacityLevel>
		<LodDistance>16960</LodDistance>
		<IsVisible>true</IsVisible>
		<MaxHealth>1000</MaxHealth>
		<Health>1000</Health>
		<HasGravity>true</HasGravity>
		<IsOnFire>false</IsOnFire>
		<IsInvincible>false</IsInvincible>
		<IsBulletProof>false</IsBulletProof>
		<IsCollisionProof>false</IsCollisionProof>
		<IsExplosionProof>false</IsExplosionProof>
		<IsFireProof>false</IsFireProof>
		<IsMeleeProof>false</IsMeleeProof>
		<IsOnlyDamagedByPlayer>false</IsOnlyDamagedByPlayer>
		<PositionRotation>
			<X>35.4802742</X>
			<Y>-1714.51941</Y>
			<Z>30.0094776</Z>
			<Pitch>-0.485796064</Pitch>
			<Roll>-4.01818323</Roll>
			<Yaw>112.621834</Yaw>
		</PositionRotation>
		<Attachment isAttached="true">
			<AttachedTo>137792</AttachedTo>
			<BoneIndex>0</BoneIndex>
			<X>-0.369999975</X>
			<Y>1.24999917</Y>
			<Z>1.05999935</Z>
			<Pitch>359</Pitch>
			<Roll>356</Roll>
			<Yaw>360</Yaw>
		</Attachment>
	</Placement>
	<Placement>
		<ModelHash>0xc93e7ef7</ModelHash>
		<Type>3</Type>
		<Dynamic>false</Dynamic>
		<FrozenPos>true</FrozenPos>
		<HashName>prop_detergent_01b</HashName>
		<InitialHandle>192832</InitialHandle>
		<ObjectProperties>
			<TextureVariation>0</TextureVariation>
		</ObjectProperties>
		<OpacityLevel>255</OpacityLevel>
		<LodDistance>16960</LodDistance>
		<IsVisible>true</IsVisible>
		<MaxHealth>1000</MaxHealth>
		<Health>1000</Health>
		<HasGravity>true</HasGravity>
		<IsOnFire>false</IsOnFire>
		<IsInvincible>false</IsInvincible>
		<IsBulletProof>false</IsBulletProof>
		<IsCollisionProof>false</IsCollisionProof>
		<IsExplosionProof>false</IsExplosionProof>
		<IsFireProof>false</IsFireProof>
		<IsMeleeProof>false</IsMeleeProof>
		<IsOnlyDamagedByPlayer>false</IsOnlyDamagedByPlayer>
		<PositionRotation>
			<X>36.0331993</X>
			<Y>-1714.3324</Y>
			<Z>30.2642479</Z>
			<Pitch>0.0984052047</Pitch>
			<Roll>0.505039871</Roll>
			<Yaw>31.6216393</Yaw>
		</PositionRotation>
		<Attachment isAttached="true">
			<AttachedTo>137792</AttachedTo>
			<BoneIndex>0</BoneIndex>
			<X>-0.409999937</X>
			<Y>0.669999719</Y>
			<Z>1.3199991</Z>
			<Pitch>0</Pitch>
			<Roll>0</Roll>
			<Yaw>279</Yaw>
		</Attachment>
	</Placement>
	<Placement>
		<ModelHash>0x371e6eda</ModelHash>
		<Type>3</Type>
		<Dynamic>false</Dynamic>
		<FrozenPos>true</FrozenPos>
		<HashName>hei_prop_heist_thermite_case</HashName>
		<InitialHandle>117567</InitialHandle>
		<ObjectProperties>
			<TextureVariation>0</TextureVariation>
		</ObjectProperties>
		<OpacityLevel>255</OpacityLevel>
		<LodDistance>16960</LodDistance>
		<IsVisible>true</IsVisible>
		<MaxHealth>1000</MaxHealth>
		<Health>1000</Health>
		<HasGravity>true</HasGravity>
		<IsOnFire>false</IsOnFire>
		<IsInvincible>false</IsInvincible>
		<IsBulletProof>false</IsBulletProof>
		<IsCollisionProof>false</IsCollisionProof>
		<IsExplosionProof>false</IsExplosionProof>
		<IsFireProof>false</IsFireProof>
		<IsMeleeProof>false</IsMeleeProof>
		<IsOnlyDamagedByPlayer>false</IsOnlyDamagedByPlayer>
		<PositionRotation>
			<X>36.4055099</X>
			<Y>-1713.9281</Y>
			<Z>30.1728382</Z>
			<Pitch>17.5142174</Pitch>
			<Roll>-4.01907253</Roll>
			<Yaw>112.627724</Yaw>
		</PositionRotation>
		<Attachment isAttached="true">
			<AttachedTo>137792</AttachedTo>
			<BoneIndex>0</BoneIndex>
			<X>-0.180000067</X>
			<Y>0.170000061</Y>
			<Z>1.23299932</Z>
			<Pitch>17.0000019</Pitch>
			<Roll>-4</Roll>
			<Yaw>0</Yaw>
		</Attachment>
	</Placement>
	<Placement>
		<ModelHash>0xac870ff0</ModelHash>
		<Type>3</Type>
		<Dynamic>false</Dynamic>
		<FrozenPos>true</FrozenPos>
		<HashName>w_am_case</HashName>
		<InitialHandle>517953</InitialHandle>
		<ObjectProperties>
			<TextureVariation>0</TextureVariation>
		</ObjectProperties>
		<OpacityLevel>255</OpacityLevel>
		<LodDistance>16960</LodDistance>
		<IsVisible>true</IsVisible>
		<MaxHealth>1000</MaxHealth>
		<Health>1000</Health>
		<HasGravity>true</HasGravity>
		<IsOnFire>false</IsOnFire>
		<IsInvincible>false</IsInvincible>
		<IsBulletProof>false</IsBulletProof>
		<IsCollisionProof>false</IsCollisionProof>
		<IsExplosionProof>false</IsExplosionProof>
		<IsFireProof>false</IsFireProof>
		<IsMeleeProof>false</IsMeleeProof>
		<IsOnlyDamagedByPlayer>false</IsOnlyDamagedByPlayer>
		<PositionRotation>
			<X>35.785923</X>
			<Y>-1714.35974</Y>
			<Z>30.4064178</Z>
			<Pitch>0.483585536</Pitch>
			<Roll>0.175767884</Roll>
			<Yaw>90.6213226</Yaw>
		</PositionRotation>
		<Attachment isAttached="true">
			<AttachedTo>137792</AttachedTo>
			<BoneIndex>0</BoneIndex>
			<X>-0.340000004</X>
			<Y>0.90999949</Y>
			<Z>1.45999897</Z>
			<Pitch>0</Pitch>
			<Roll>0</Roll>
			<Yaw>338</Yaw>
		</Attachment>
	</Placement>
	<Placement>
		<ModelHash>0xb685e324</ModelHash>
		<Type>3</Type>
		<Dynamic>false</Dynamic>
		<FrozenPos>true</FrozenPos>
		<HashName>prop_cs_bar</HashName>
		<InitialHandle>744769</InitialHandle>
		<ObjectProperties>
			<TextureVariation>0</TextureVariation>
		</ObjectProperties>
		<OpacityLevel>255</OpacityLevel>
		<LodDistance>16960</LodDistance>
		<IsVisible>true</IsVisible>
		<MaxHealth>1000</MaxHealth>
		<Health>1000</Health>
		<HasGravity>true</HasGravity>
		<IsOnFire>false</IsOnFire>
		<IsInvincible>false</IsInvincible>
		<IsBulletProof>false</IsBulletProof>
		<IsCollisionProof>false</IsCollisionProof>
		<IsExplosionProof>false</IsExplosionProof>
		<IsFireProof>false</IsFireProof>
		<IsMeleeProof>false</IsMeleeProof>
		<IsOnlyDamagedByPlayer>false</IsOnlyDamagedByPlayer>
		<PositionRotation>
			<X>35.007061</X>
			<Y>-1713.65479</Y>
			<Z>29.5407047</Z>
			<Pitch>30.4312611</Pitch>
			<Roll>0.324781507</Roll>
			<Yaw>77.4586105</Yaw>
		</PositionRotation>
		<Attachment isAttached="true">
			<AttachedTo>137792</AttachedTo>
			<BoneIndex>0</BoneIndex>
			<X>0.609999776</X>
			<Y>1.35000288</Y>
			<Z>0.589999795</Z>
			<Pitch>390</Pitch>
			<Roll>0</Roll>
			<Yaw>325</Yaw>
		</Attachment>
	</Placement>
	<Placement>
		<ModelHash>0x6efff508</ModelHash>
		<Type>3</Type>
		<Dynamic>false</Dynamic>
		<FrozenPos>true</FrozenPos>
		<HashName>w_me_crowbar</HashName>
		<InitialHandle>247617</InitialHandle>
		<ObjectProperties>
			<TextureVariation>0</TextureVariation>
		</ObjectProperties>
		<OpacityLevel>255</OpacityLevel>
		<LodDistance>16960</LodDistance>
		<IsVisible>true</IsVisible>
		<MaxHealth>1000</MaxHealth>
		<Health>1000</Health>
		<HasGravity>true</HasGravity>
		<IsOnFire>false</IsOnFire>
		<IsInvincible>false</IsInvincible>
		<IsBulletProof>false</IsBulletProof>
		<IsCollisionProof>false</IsCollisionProof>
		<IsExplosionProof>false</IsExplosionProof>
		<IsFireProof>false</IsFireProof>
		<IsMeleeProof>false</IsMeleeProof>
		<IsOnlyDamagedByPlayer>false</IsOnlyDamagedByPlayer>
		<PositionRotation>
			<X>36.4400558</X>
			<Y>-1713.72253</Y>
			<Z>28.9388485</Z>
			<Pitch>-0.0181917809</Pitch>
			<Roll>20.4857826</Roll>
			<Yaw>-157.378021</Yaw>
		</PositionRotation>
		<Attachment isAttached="true">
			<AttachedTo>137792</AttachedTo>
			<BoneIndex>0</BoneIndex>
			<X>-0.00400000066</X>
			<Y>0.0480000004</Y>
			<Z>0</Z>
			<Pitch>0</Pitch>
			<Roll>381</Roll>
			<Yaw>90</Yaw>
		</Attachment>
	</Placement>
	<Placement>
		<ModelHash>0x44083a8f</ModelHash>
		<Type>3</Type>
		<Dynamic>false</Dynamic>
		<FrozenPos>true</FrozenPos>
		<HashName>prop_ballistic_shield</HashName>
		<InitialHandle>746305</InitialHandle>
		<ObjectProperties>
			<TextureVariation>0</TextureVariation>
		</ObjectProperties>
		<OpacityLevel>255</OpacityLevel>
		<LodDistance>16960</LodDistance>
		<IsVisible>true</IsVisible>
		<MaxHealth>1000</MaxHealth>
		<Health>1000</Health>
		<HasGravity>true</HasGravity>
		<IsOnFire>false</IsOnFire>
		<IsInvincible>false</IsInvincible>
		<IsBulletProof>false</IsBulletProof>
		<IsCollisionProof>false</IsCollisionProof>
		<IsExplosionProof>false</IsExplosionProof>
		<IsFireProof>false</IsFireProof>
		<IsMeleeProof>false</IsMeleeProof>
		<IsOnlyDamagedByPlayer>false</IsOnlyDamagedByPlayer>
		<PositionRotation>
			<X>36.6990623</X>
			<Y>-1714.39319</Y>
			<Z>29.0797157</Z>
			<Pitch>-2.98163652</Pitch>
			<Roll>-75.4850845</Roll>
			<Yaw>22.648941</Yaw>
		</PositionRotation>
		<Attachment isAttached="true">
			<AttachedTo>137792</AttachedTo>
			<BoneIndex>28</BoneIndex>
			<X>-0.0800000131</X>
			<Y>-0.509999871</Y>
			<Z>-0.27000007</Z>
			<Pitch>2.00000024</Pitch>
			<Roll>-76</Roll>
			<Yaw>-90</Yaw>
		</Attachment>
	</Placement>
	<Placement>
		<ModelHash>0xadca3fdc</ModelHash>
		<Type>3</Type>
		<Dynamic>false</Dynamic>
		<FrozenPos>true</FrozenPos>
		<HashName>prop_ld_wallet_01</HashName>
		<InitialHandle>738113</InitialHandle>
		<ObjectProperties>
			<TextureVariation>0</TextureVariation>
		</ObjectProperties>
		<OpacityLevel>255</OpacityLevel>
		<LodDistance>16960</LodDistance>
		<IsVisible>true</IsVisible>
		<MaxHealth>1000</MaxHealth>
		<Health>1000</Health>
		<HasGravity>true</HasGravity>
		<IsOnFire>false</IsOnFire>
		<IsInvincible>false</IsInvincible>
		<IsBulletProof>false</IsBulletProof>
		<IsCollisionProof>false</IsCollisionProof>
		<IsExplosionProof>false</IsExplosionProof>
		<IsFireProof>false</IsFireProof>
		<IsMeleeProof>false</IsMeleeProof>
		<IsOnlyDamagedByPlayer>false</IsOnlyDamagedByPlayer>
		<PositionRotation>
			<X>36.194046</X>
			<Y>-1714.18933</Y>
			<Z>29.5414162</Z>
			<Pitch>-89.4860306</Pitch>
			<Roll>8.97413063</Roll>
			<Yaw>110.596184</Yaw>
		</PositionRotation>
		<Attachment isAttached="true">
			<AttachedTo>137792</AttachedTo>
			<BoneIndex>0</BoneIndex>
			<X>-0.340000004</X>
			<Y>0.459999919</Y>
			<Z>0.598999798</Z>
			<Pitch>270</Pitch>
			<Roll>0</Roll>
			<Yaw>349</Yaw>
		</Attachment>
	</Placement>
	<Placement>
		<ModelHash>0x947a8766</ModelHash>
		<Type>3</Type>
		<Dynamic>false</Dynamic>
		<FrozenPos>true</FrozenPos>
		<HashName>prop_paper_bag_small</HashName>
		<InitialHandle>66113</InitialHandle>
		<ObjectProperties>
			<TextureVariation>0</TextureVariation>
		</ObjectProperties>
		<OpacityLevel>255</OpacityLevel>
		<LodDistance>16960</LodDistance>
		<IsVisible>true</IsVisible>
		<MaxHealth>1000</MaxHealth>
		<Health>1000</Health>
		<HasGravity>true</HasGravity>
		<IsOnFire>false</IsOnFire>
		<IsInvincible>false</IsInvincible>
		<IsBulletProof>false</IsBulletProof>
		<IsCollisionProof>false</IsCollisionProof>
		<IsExplosionProof>false</IsExplosionProof>
		<IsFireProof>false</IsFireProof>
		<IsMeleeProof>false</IsMeleeProof>
		<IsOnlyDamagedByPlayer>false</IsOnlyDamagedByPlayer>
		<PositionRotation>
			<X>35.776432</X>
			<Y>-1713.53979</Y>
			<Z>28.9138489</Z>
			<Pitch>0.0629362389</Pitch>
			<Roll>0.510673761</Roll>
			<Yaw>27.6218014</Yaw>
		</PositionRotation>
		<Attachment isAttached="true">
			<AttachedTo>137792</AttachedTo>
			<BoneIndex>0</BoneIndex>
			<X>0.419999927</X>
			<Y>0.589999795</Y>
			<Z>-0.0300000086</Z>
			<Pitch>0</Pitch>
			<Roll>0</Roll>
			<Yaw>-85</Yaw>
		</Attachment>
	</Placement>
	<Placement>
		<ModelHash>0xc375166f</ModelHash>
		<Type>3</Type>
		<Dynamic>false</Dynamic>
		<FrozenPos>true</FrozenPos>
		<HashName>prop_poolball_8</HashName>
		<InitialHandle>587328</InitialHandle>
		<ObjectProperties>
			<TextureVariation>0</TextureVariation>
		</ObjectProperties>
		<OpacityLevel>255</OpacityLevel>
		<LodDistance>16960</LodDistance>
		<IsVisible>true</IsVisible>
		<MaxHealth>1000</MaxHealth>
		<Health>1000</Health>
		<HasGravity>true</HasGravity>
		<IsOnFire>false</IsOnFire>
		<IsInvincible>false</IsInvincible>
		<IsBulletProof>false</IsBulletProof>
		<IsCollisionProof>false</IsCollisionProof>
		<IsExplosionProof>false</IsExplosionProof>
		<IsFireProof>false</IsFireProof>
		<IsMeleeProof>false</IsMeleeProof>
		<IsOnlyDamagedByPlayer>false</IsOnlyDamagedByPlayer>
		<PositionRotation>
			<X>36.3739433</X>
			<Y>-1714.06262</Y>
			<Z>29.3600521</Z>
			<Pitch>-15.3267698</Pitch>
			<Roll>-0.0188599918</Roll>
			<Yaw>112.616997</Yaw>
		</PositionRotation>
		<Attachment isAttached="true">
			<AttachedTo>137792</AttachedTo>
			<BoneIndex>47</BoneIndex>
			<X>7.4505806e-09</X>
			<Y>0.0700000077</Y>
			<Z>0.000999981537</Z>
			<Pitch>363</Pitch>
			<Roll>0</Roll>
			<Yaw>0</Yaw>
		</Attachment>
	</Placement>
	<Placement>
		<ModelHash>0xcf821d72</ModelHash>
		<Type>3</Type>
		<Dynamic>false</Dynamic>
		<FrozenPos>true</FrozenPos>
		<HashName>prop_wall_light_13a</HashName>
		<InitialHandle>741697</InitialHandle>
		<ObjectProperties>
			<TextureVariation>0</TextureVariation>
		</ObjectProperties>
		<OpacityLevel>255</OpacityLevel>
		<LodDistance>16960</LodDistance>
		<IsVisible>true</IsVisible>
		<MaxHealth>1000</MaxHealth>
		<Health>1000</Health>
		<HasGravity>true</HasGravity>
		<IsOnFire>false</IsOnFire>
		<IsInvincible>false</IsInvincible>
		<IsBulletProof>false</IsBulletProof>
		<IsCollisionProof>false</IsCollisionProof>
		<IsExplosionProof>false</IsExplosionProof>
		<IsFireProof>false</IsFireProof>
		<IsMeleeProof>false</IsMeleeProof>
		<IsOnlyDamagedByPlayer>false</IsOnlyDamagedByPlayer>
		<PositionRotation>
			<X>35.2641258</X>
			<Y>-1714.46863</Y>
			<Z>30.0111332</Z>
			<Pitch>-0.514215648</Pitch>
			<Roll>0.0181899779</Roll>
			<Yaw>-67.3778229</Yaw>
		</PositionRotation>
		<Attachment isAttached="true">
			<AttachedTo>137792</AttachedTo>
			<BoneIndex>0</BoneIndex>
			<X>-0.240000099</X>
			<Y>1.42999899</Y>
			<Z>1.05999935</Z>
			<Pitch>0</Pitch>
			<Roll>0</Roll>
			<Yaw>180.000015</Yaw>
		</Attachment>
	</Placement>
	<Placement>
		<ModelHash>0x03058963</ModelHash>
		<Type>3</Type>
		<Dynamic>false</Dynamic>
		<FrozenPos>true</FrozenPos>
		<HashName>hei_prop_pill_bag_01</HashName>
		<InitialHandle>595008</InitialHandle>
		<ObjectProperties>
			<TextureVariation>0</TextureVariation>
		</ObjectProperties>
		<OpacityLevel>255</OpacityLevel>
		<LodDistance>16960</LodDistance>
		<IsVisible>true</IsVisible>
		<MaxHealth>1000</MaxHealth>
		<Health>1000</Health>
		<HasGravity>true</HasGravity>
		<IsOnFire>false</IsOnFire>
		<IsInvincible>false</IsInvincible>
		<IsBulletProof>false</IsBulletProof>
		<IsCollisionProof>false</IsCollisionProof>
		<IsExplosionProof>false</IsExplosionProof>
		<IsFireProof>false</IsFireProof>
		<IsMeleeProof>false</IsMeleeProof>
		<IsOnlyDamagedByPlayer>false</IsOnlyDamagedByPlayer>
		<PositionRotation>
			<X>35.8882256</X>
			<Y>-1713.67737</Y>
			<Z>28.9433441</Z>
			<Pitch>74.5142136</Pitch>
			<Roll>-0.0681133643</Roll>
			<Yaw>112.68763</Yaw>
		</PositionRotation>
		<Attachment isAttached="true">
			<AttachedTo>137792</AttachedTo>
			<BoneIndex>0</BoneIndex>
			<X>0.250000119</X>
			<Y>0.539999843</Y>
			<Z>-1.11758709e-08</Z>
			<Pitch>74</Pitch>
			<Roll>360</Roll>
			<Yaw>0</Yaw>
		</Attachment>
	</Placement>
	<Placement>
		<ModelHash>0x09fc3159</ModelHash>
		<Type>3</Type>
		<Dynamic>false</Dynamic>
		<FrozenPos>true</FrozenPos>
		<HashName>p_num_plate_03</HashName>
		<InitialHandle>744513</InitialHandle>
		<ObjectProperties>
			<TextureVariation>0</TextureVariation>
		</ObjectProperties>
		<OpacityLevel>255</OpacityLevel>
		<LodDistance>16960</LodDistance>
		<IsVisible>true</IsVisible>
		<MaxHealth>1000</MaxHealth>
		<Health>1000</Health>
		<HasGravity>true</HasGravity>
		<IsOnFire>false</IsOnFire>
		<IsInvincible>false</IsInvincible>
		<IsBulletProof>false</IsBulletProof>
		<IsCollisionProof>false</IsCollisionProof>
		<IsExplosionProof>false</IsExplosionProof>
		<IsFireProof>false</IsFireProof>
		<IsMeleeProof>false</IsMeleeProof>
		<IsOnlyDamagedByPlayer>false</IsOnlyDamagedByPlayer>
		<PositionRotation>
			<X>34.8228989</X>
			<Y>-1714.39221</Y>
			<Z>29.1445675</Z>
			<Pitch>-0.514215648</Pitch>
			<Roll>0.0181900188</Roll>
			<Yaw>-67.3778229</Yaw>
		</PositionRotation>
		<Attachment isAttached="true">
			<AttachedTo>137792</AttachedTo>
			<BoneIndex>0</BoneIndex>
			<X>0</X>
			<Y>1.80008423</Y>
			<Z>0.190000072</Z>
			<Pitch>0</Pitch>
			<Roll>0</Roll>
			<Yaw>-179.999985</Yaw>
		</Attachment>
	</Placement>
	<Placement>
		<ModelHash>0xa0ee190e</ModelHash>
		<Type>3</Type>
		<Dynamic>false</Dynamic>
		<FrozenPos>true</FrozenPos>
		<HashName>prop_paints_can05</HashName>
		<InitialHandle>641601</InitialHandle>
		<ObjectProperties>
			<TextureVariation>0</TextureVariation>
		</ObjectProperties>
		<OpacityLevel>255</OpacityLevel>
		<LodDistance>16960</LodDistance>
		<IsVisible>true</IsVisible>
		<MaxHealth>1000</MaxHealth>
		<Health>1000</Health>
		<HasGravity>true</HasGravity>
		<IsOnFire>false</IsOnFire>
		<IsInvincible>false</IsInvincible>
		<IsBulletProof>false</IsBulletProof>
		<IsCollisionProof>false</IsCollisionProof>
		<IsExplosionProof>false</IsExplosionProof>
		<IsFireProof>false</IsFireProof>
		<IsMeleeProof>false</IsMeleeProof>
		<IsOnlyDamagedByPlayer>false</IsOnlyDamagedByPlayer>
		<PositionRotation>
			<X>36.3205376</X>
			<Y>-1713.44336</Y>
			<Z>29.9490128</Z>
			<Pitch>-89.4860306</Pitch>
			<Roll>-2.02584982</Roll>
			<Yaw>110.596214</Yaw>
		</PositionRotation>
		<Attachment isAttached="true">
			<AttachedTo>137792</AttachedTo>
			<BoneIndex>0</BoneIndex>
			<X>0.300000042</X>
			<Y>0.0600000098</Y>
			<Z>1.00999939</Z>
			<Pitch>-90</Pitch>
			<Roll>0</Roll>
			<Yaw>0</Yaw>
		</Attachment>
	</Placement>
	<Placement>
		<ModelHash>0xce64ef0b</ModelHash>
		<Type>3</Type>
		<Dynamic>false</Dynamic>
		<FrozenPos>true</FrozenPos>
		<HashName>v_ind_cf_crate</HashName>
		<InitialHandle>745793</InitialHandle>
		<ObjectProperties>
			<TextureVariation>0</TextureVariation>
		</ObjectProperties>
		<OpacityLevel>255</OpacityLevel>
		<LodDistance>16960</LodDistance>
		<IsVisible>true</IsVisible>
		<MaxHealth>1000</MaxHealth>
		<Health>1000</Health>
		<HasGravity>true</HasGravity>
		<IsOnFire>false</IsOnFire>
		<IsInvincible>false</IsInvincible>
		<IsBulletProof>false</IsBulletProof>
		<IsCollisionProof>false</IsCollisionProof>
		<IsExplosionProof>false</IsExplosionProof>
		<IsFireProof>false</IsFireProof>
		<IsMeleeProof>false</IsMeleeProof>
		<IsOnlyDamagedByPlayer>false</IsOnlyDamagedByPlayer>
		<PositionRotation>
			<X>36.0829773</X>
			<Y>-1712.94336</Y>
			<Z>28.9712257</Z>
			<Pitch>0.514215648</Pitch>
			<Roll>-0.0181356221</Roll>
			<Yaw>112.622147</Yaw>
		</PositionRotation>
		<Attachment isAttached="true">
			<AttachedTo>137792</AttachedTo>
			<BoneIndex>25</BoneIndex>
			<X>0.200000092</X>
			<Y>-0.499999851</Y>
			<Z>-0.389999956</Z>
			<Pitch>0</Pitch>
			<Roll>5.00000048</Roll>
			<Yaw>0</Yaw>
		</Attachment>
	</Placement>
</SpoonerPlacements>
