<?xml version="1.0" encoding="ISO-8859-1"?>
<SpoonerPlacements>
	<Note />
	<AudioFile volume="400" />
	<ClearDatabase>false</ClearDatabase>
	<ClearWorld>0</ClearWorld>
	<ClearMarkers>false</ClearMarkers>
	<IPLsToLoad load_mp_maps="false" load_sp_maps="false" />
	<IPLsToRemove />
	<WeatherToSet></WeatherToSet>
	<StartTaskSequencesOnLoad>true</StartTaskSequencesOnLoad>
	<ReferenceCoords>
		<X>718.270081</X>
		<Y>-1080.92908</Y>
		<Z>22.2729549</Z>
	</ReferenceCoords>
	<Placement>
		<ModelHash>0x9cf21e0f</ModelHash>
		<Type>2</Type>
		<Dynamic>true</Dynamic>
		<FrozenPos>false</FrozenPos>
		<HashName>Dune Buggy</HashName>
		<InitialHandle>64586</InitialHandle>
		<VehicleProperties>
			<Colours>
				<Primary>116</Primary>
				<Secondary>0</Secondary>
				<Pearl>116</Pearl>
				<Rim>156</Rim>
				<Mod1_a>6</Mod1_a>
				<Mod1_b>-1</Mod1_b>
				<Mod1_c>-1</Mod1_c>
				<Mod2_a>6</Mod2_a>
				<Mod2_b>-1</Mod2_b>
				<IsPrimaryColourCustom>false</IsPrimaryColourCustom>
				<IsSecondaryColourCustom>false</IsSecondaryColourCustom>
				<tyreSmoke_R>255</tyreSmoke_R>
				<tyreSmoke_G>255</tyreSmoke_G>
				<tyreSmoke_B>255</tyreSmoke_B>
				<LrInterior>0</LrInterior>
				<LrDashboard>0</LrDashboard>
			</Colours>
			<Livery>-1</Livery>
			<NumberPlateText>60WVI035</NumberPlateText>
			<NumberPlateIndex>2</NumberPlateIndex>
			<WheelType>4</WheelType>
			<WheelsInvisible>false</WheelsInvisible>
			<EngineSoundName></EngineSoundName>
			<WindowTint>-1</WindowTint>
			<BulletProofTyres>false</BulletProofTyres>
			<DirtLevel>0.163553432</DirtLevel>
			<PaintFade>0.298039228</PaintFade>
			<RoofState>0</RoofState>
			<SirenActive>false</SirenActive>
			<EngineOn>false</EngineOn>
			<EngineHealth>1000</EngineHealth>
			<LightsOn>false</LightsOn>
			<IsRadioLoud>0</IsRadioLoud>
			<Neons>
				<Left>false</Left>
				<Right>false</Right>
				<Front>false</Front>
				<Back>false</Back>
				<R>255</R>
				<G>0</G>
				<B>255</B>
			</Neons>
			<DoorsOpen>
				<BackLeftDoor>false</BackLeftDoor>
				<BackRightDoor>false</BackRightDoor>
				<FrontLeftDoor>false</FrontLeftDoor>
				<FrontRightDoor>false</FrontRightDoor>
				<Hood>false</Hood>
				<Trunk>false</Trunk>
				<Trunk2>false</Trunk2>
			</DoorsOpen>
			<DoorsBroken>
				<BackLeftDoor>false</BackLeftDoor>
				<BackRightDoor>false</BackRightDoor>
				<FrontLeftDoor>false</FrontLeftDoor>
				<FrontRightDoor>false</FrontRightDoor>
				<Hood>false</Hood>
				<Trunk>false</Trunk>
				<Trunk2>false</Trunk2>
			</DoorsBroken>
			<TyresBursted>
				<FrontLeft>false</FrontLeft>
				<FrontRight>false</FrontRight>
				<_2>false</_2>
				<_3>false</_3>
				<BackLeft>false</BackLeft>
				<BackRight>false</BackRight>
				<_6>false</_6>
				<_7>false</_7>
				<_8>false</_8>
			</TyresBursted>
			<ModExtras>
				<_2>false</_2>
			</ModExtras>
			<Mods>
				<_0>-1,0</_0>
				<_1>-1,0</_1>
				<_2>-1,0</_2>
				<_3>-1,0</_3>
				<_4>-1,0</_4>
				<_5>-1,0</_5>
				<_6>-1,0</_6>
				<_7>-1,0</_7>
				<_8>-1,0</_8>
				<_9>-1,0</_9>
				<_10>-1,0</_10>
				<_11>-1,0</_11>
				<_12>-1,0</_12>
				<_13>-1,0</_13>
				<_14>-1,0</_14>
				<_15>-1,0</_15>
				<_16>-1,0</_16>
				<_17>false</_17>
				<_18>false</_18>
				<_19>false</_19>
				<_20>false</_20>
				<_21>false</_21>
				<_22>false</_22>
				<_23>-1,0</_23>
				<_24>-1,0</_24>
				<_25>-1,0</_25>
				<_26>-1,0</_26>
				<_27>-1,0</_27>
				<_28>-1,0</_28>
				<_29>-1,0</_29>
				<_30>-1,0</_30>
				<_31>-1,0</_31>
				<_32>-1,0</_32>
				<_33>-1,0</_33>
				<_34>-1,0</_34>
				<_35>-1,0</_35>
				<_36>-1,0</_36>
				<_37>-1,0</_37>
				<_38>-1,0</_38>
				<_39>-1,0</_39>
				<_40>-1,0</_40>
				<_41>-1,0</_41>
				<_42>-1,0</_42>
				<_43>-1,0</_43>
				<_44>-1,0</_44>
				<_45>-1,0</_45>
				<_46>-1,0</_46>
				<_47>-1,0</_47>
				<_48>-1,0</_48>
			</Mods>
		</VehicleProperties>
		<OpacityLevel>255</OpacityLevel>
		<LodDistance>16960</LodDistance>
		<IsVisible>true</IsVisible>
		<MaxHealth>1000</MaxHealth>
		<Health>1000</Health>
		<HasGravity>true</HasGravity>
		<IsOnFire>false</IsOnFire>
		<IsInvincible>false</IsInvincible>
		<IsBulletProof>false</IsBulletProof>
		<IsCollisionProof>false</IsCollisionProof>
		<IsExplosionProof>false</IsExplosionProof>
		<IsFireProof>false</IsFireProof>
		<IsMeleeProof>false</IsMeleeProof>
		<IsOnlyDamagedByPlayer>false</IsOnlyDamagedByPlayer>
		<PositionRotation>
			<X>716.701538</X>
			<Y>-1082.1228</Y>
			<Z>21.758337</Z>
			<Pitch>0.432488292</Pitch>
			<Roll>-0.483825713</Roll>
			<Yaw>-164.061661</Yaw>
		</PositionRotation>
		<Attachment isAttached="false" />
	</Placement>
	<Placement>
		<ModelHash>0xc89630b8</ModelHash>
		<Type>3</Type>
		<Dynamic>false</Dynamic>
		<FrozenPos>true</FrozenPos>
		<HashName>prop_minigun_01</HashName>
		<InitialHandle>666905</InitialHandle>
		<ObjectProperties>
			<TextureVariation>0</TextureVariation>
		</ObjectProperties>
		<OpacityLevel>255</OpacityLevel>
		<LodDistance>16960</LodDistance>
		<IsVisible>true</IsVisible>
		<MaxHealth>1000</MaxHealth>
		<Health>1000</Health>
		<HasGravity>true</HasGravity>
		<IsOnFire>false</IsOnFire>
		<IsInvincible>false</IsInvincible>
		<IsBulletProof>false</IsBulletProof>
		<IsCollisionProof>false</IsCollisionProof>
		<IsExplosionProof>false</IsExplosionProof>
		<IsFireProof>false</IsFireProof>
		<IsMeleeProof>false</IsMeleeProof>
		<IsOnlyDamagedByPlayer>false</IsOnlyDamagedByPlayer>
		<PositionRotation>
			<X>717.244263</X>
			<Y>-1084.01428</Y>
			<Z>22.0631866</Z>
			<Pitch>-1.48378229</Pitch>
			<Roll>-0.432633489</Roll>
			<Yaw>-74.0728683</Yaw>
		</PositionRotation>
		<Attachment isAttached="true">
			<AttachedTo>64586</AttachedTo>
			<BoneIndex>0</BoneIndex>
			<X>0</X>
			<Y>1.96999848</Y>
			<Z>0.289998055</Z>
			<Pitch>-0.999999046</Pitch>
			<Roll>0</Roll>
			<Yaw>450</Yaw>
		</Attachment>
	</Placement>
	<Placement>
		<ModelHash>0x6de6824f</ModelHash>
		<Type>3</Type>
		<Dynamic>false</Dynamic>
		<FrozenPos>true</FrozenPos>
		<HashName>prop_box_ammo01a</HashName>
		<InitialHandle>270198</InitialHandle>
		<ObjectProperties>
			<TextureVariation>0</TextureVariation>
		</ObjectProperties>
		<OpacityLevel>255</OpacityLevel>
		<LodDistance>16960</LodDistance>
		<IsVisible>true</IsVisible>
		<MaxHealth>1000</MaxHealth>
		<Health>1000</Health>
		<HasGravity>true</HasGravity>
		<IsOnFire>false</IsOnFire>
		<IsInvincible>false</IsInvincible>
		<IsBulletProof>false</IsBulletProof>
		<IsCollisionProof>false</IsCollisionProof>
		<IsExplosionProof>false</IsExplosionProof>
		<IsFireProof>false</IsFireProof>
		<IsMeleeProof>false</IsMeleeProof>
		<IsOnlyDamagedByPlayer>false</IsOnlyDamagedByPlayer>
		<PositionRotation>
			<X>717.312744</X>
			<Y>-1082.95874</Y>
			<Z>21.5426331</Z>
			<Pitch>0.432488292</Pitch>
			<Roll>-0.483825713</Roll>
			<Yaw>-164.061661</Yaw>
		</PositionRotation>
		<Attachment isAttached="true">
			<AttachedTo>64586</AttachedTo>
			<BoneIndex>0</BoneIndex>
			<X>-0.360000014</X>
			<Y>0.969999433</Y>
			<Z>-0.220000088</Z>
			<Pitch>0</Pitch>
			<Roll>0</Roll>
			<Yaw>0</Yaw>
		</Attachment>
	</Placement>
	<Placement>
		<ModelHash>0x5e2d1d2c</ModelHash>
		<Type>3</Type>
		<Dynamic>false</Dynamic>
		<FrozenPos>true</FrozenPos>
		<HashName>prop_box_ammo07a</HashName>
		<InitialHandle>163180</InitialHandle>
		<ObjectProperties>
			<TextureVariation>0</TextureVariation>
		</ObjectProperties>
		<OpacityLevel>255</OpacityLevel>
		<LodDistance>16960</LodDistance>
		<IsVisible>true</IsVisible>
		<MaxHealth>1000</MaxHealth>
		<Health>1000</Health>
		<HasGravity>true</HasGravity>
		<IsOnFire>false</IsOnFire>
		<IsInvincible>false</IsInvincible>
		<IsBulletProof>false</IsBulletProof>
		<IsCollisionProof>false</IsCollisionProof>
		<IsExplosionProof>false</IsExplosionProof>
		<IsFireProof>false</IsFireProof>
		<IsMeleeProof>false</IsMeleeProof>
		<IsOnlyDamagedByPlayer>false</IsOnlyDamagedByPlayer>
		<PositionRotation>
			<X>716.310242</X>
			<Y>-1082.28796</Y>
			<Z>21.5722733</Z>
			<Pitch>0.432488292</Pitch>
			<Roll>-0.483825713</Roll>
			<Yaw>-164.061661</Yaw>
		</PositionRotation>
		<Attachment isAttached="true">
			<AttachedTo>64586</AttachedTo>
			<BoneIndex>0</BoneIndex>
			<X>0.420000106</X>
			<Y>0.0500000082</Y>
			<Z>-0.190000072</Z>
			<Pitch>0</Pitch>
			<Roll>0</Roll>
			<Yaw>0</Yaw>
		</Attachment>
	</Placement>
	<Placement>
		<ModelHash>0x55425553</ModelHash>
		<Type>3</Type>
		<Dynamic>false</Dynamic>
		<FrozenPos>true</FrozenPos>
		<HashName>prop_box_guncase_01a</HashName>
		<InitialHandle>188970</InitialHandle>
		<ObjectProperties>
			<TextureVariation>0</TextureVariation>
		</ObjectProperties>
		<OpacityLevel>255</OpacityLevel>
		<LodDistance>16960</LodDistance>
		<IsVisible>true</IsVisible>
		<MaxHealth>1000</MaxHealth>
		<Health>1000</Health>
		<HasGravity>true</HasGravity>
		<IsOnFire>false</IsOnFire>
		<IsInvincible>false</IsInvincible>
		<IsBulletProof>false</IsBulletProof>
		<IsCollisionProof>false</IsCollisionProof>
		<IsExplosionProof>false</IsExplosionProof>
		<IsFireProof>false</IsFireProof>
		<IsMeleeProof>false</IsMeleeProof>
		<IsOnlyDamagedByPlayer>false</IsOnlyDamagedByPlayer>
		<PositionRotation>
			<X>716.359741</X>
			<Y>-1082.01038</Y>
			<Z>22.0193443</Z>
			<Pitch>0.516180038</Pitch>
			<Roll>-0.393308282</Roll>
			<Yaw>-174.96257</Yaw>
		</PositionRotation>
		<Attachment isAttached="true">
			<AttachedTo>64586</AttachedTo>
			<BoneIndex>0</BoneIndex>
			<X>0.300000101</X>
			<Y>-0.200000077</Y>
			<Z>0.26000008</Z>
			<Pitch>0</Pitch>
			<Roll>0</Roll>
			<Yaw>349.099152</Yaw>
		</Attachment>
	</Placement>
	<Placement>
		<ModelHash>0x9901c7e4</ModelHash>
		<Type>3</Type>
		<Dynamic>false</Dynamic>
		<FrozenPos>true</FrozenPos>
		<HashName>hei_prop_yah_table_01</HashName>
		<InitialHandle>64823</InitialHandle>
		<ObjectProperties>
			<TextureVariation>0</TextureVariation>
		</ObjectProperties>
		<OpacityLevel>255</OpacityLevel>
		<LodDistance>16960</LodDistance>
		<IsVisible>true</IsVisible>
		<MaxHealth>1000</MaxHealth>
		<Health>1000</Health>
		<HasGravity>true</HasGravity>
		<IsOnFire>false</IsOnFire>
		<IsInvincible>false</IsInvincible>
		<IsBulletProof>false</IsBulletProof>
		<IsCollisionProof>false</IsCollisionProof>
		<IsExplosionProof>false</IsExplosionProof>
		<IsFireProof>false</IsFireProof>
		<IsMeleeProof>false</IsMeleeProof>
		<IsOnlyDamagedByPlayer>false</IsOnlyDamagedByPlayer>
		<PositionRotation>
			<X>716.34613</X>
			<Y>-1082.04883</Y>
			<Z>21.5897675</Z>
			<Pitch>0.432488292</Pitch>
			<Roll>-0.483825713</Roll>
			<Yaw>-164.061661</Yaw>
		</PositionRotation>
		<Attachment isAttached="true">
			<AttachedTo>64586</AttachedTo>
			<BoneIndex>0</BoneIndex>
			<X>0.320000023</X>
			<Y>-0.170000061</Y>
			<Z>-0.170000046</Z>
			<Pitch>0</Pitch>
			<Roll>0</Roll>
			<Yaw>0</Yaw>
		</Attachment>
	</Placement>
	<Placement>
		<ModelHash>0x8ae99900</ModelHash>
		<Type>3</Type>
		<Dynamic>false</Dynamic>
		<FrozenPos>true</FrozenPos>
		<HashName>prop_cs_hand_radio</HashName>
		<InitialHandle>710477</InitialHandle>
		<ObjectProperties>
			<TextureVariation>0</TextureVariation>
		</ObjectProperties>
		<OpacityLevel>255</OpacityLevel>
		<LodDistance>16960</LodDistance>
		<IsVisible>true</IsVisible>
		<MaxHealth>1000</MaxHealth>
		<Health>1000</Health>
		<HasGravity>true</HasGravity>
		<IsOnFire>false</IsOnFire>
		<IsInvincible>false</IsInvincible>
		<IsBulletProof>false</IsBulletProof>
		<IsCollisionProof>false</IsCollisionProof>
		<IsExplosionProof>false</IsExplosionProof>
		<IsFireProof>false</IsFireProof>
		<IsMeleeProof>false</IsMeleeProof>
		<IsOnlyDamagedByPlayer>false</IsOnlyDamagedByPlayer>
		<PositionRotation>
			<X>716.654785</X>
			<Y>-1082.1344</Y>
			<Z>21.9787445</Z>
			<Pitch>0.483812153</Pitch>
			<Roll>0.432503581</Roll>
			<Yaw>105.9347</Yaw>
		</PositionRotation>
		<Attachment isAttached="true">
			<AttachedTo>64586</AttachedTo>
			<BoneIndex>0</BoneIndex>
			<X>0.0500000082</X>
			<Y>1.31130219e-06</Y>
			<Z>0.220000103</Z>
			<Pitch>0</Pitch>
			<Roll>0</Roll>
			<Yaw>-90</Yaw>
		</Attachment>
	</Placement>
	<Placement>
		<ModelHash>0x7a9ebc92</ModelHash>
		<Type>3</Type>
		<Dynamic>false</Dynamic>
		<FrozenPos>true</FrozenPos>
		<HashName>prop_radio_01</HashName>
		<InitialHandle>455525</InitialHandle>
		<ObjectProperties>
			<TextureVariation>0</TextureVariation>
		</ObjectProperties>
		<OpacityLevel>255</OpacityLevel>
		<LodDistance>16960</LodDistance>
		<IsVisible>true</IsVisible>
		<MaxHealth>1000</MaxHealth>
		<Health>1000</Health>
		<HasGravity>true</HasGravity>
		<IsOnFire>false</IsOnFire>
		<IsInvincible>false</IsInvincible>
		<IsBulletProof>false</IsBulletProof>
		<IsCollisionProof>false</IsCollisionProof>
		<IsExplosionProof>false</IsExplosionProof>
		<IsFireProof>false</IsFireProof>
		<IsMeleeProof>false</IsMeleeProof>
		<IsOnlyDamagedByPlayer>false</IsOnlyDamagedByPlayer>
		<PositionRotation>
			<X>716.243591</X>
			<Y>-1082.21948</Y>
			<Z>22.1320553</Z>
			<Pitch>0.627430797</Pitch>
			<Roll>0.165712982</Roll>
			<Yaw>132.935593</Yaw>
		</PositionRotation>
		<Attachment isAttached="true">
			<AttachedTo>64586</AttachedTo>
			<BoneIndex>0</BoneIndex>
			<X>0.46999988</X>
			<Y>-0.0300000049</Y>
			<Z>0.369999975</Z>
			<Pitch>0</Pitch>
			<Roll>0</Roll>
			<Yaw>297</Yaw>
		</Attachment>
	</Placement>
	<Placement>
		<ModelHash>0xcaad91f7</ModelHash>
		<Type>3</Type>
		<Dynamic>false</Dynamic>
		<FrozenPos>true</FrozenPos>
		<HashName>hei_prop_heist_lockerdoor</HashName>
		<InitialHandle>80899</InitialHandle>
		<ObjectProperties>
			<TextureVariation>0</TextureVariation>
		</ObjectProperties>
		<OpacityLevel>255</OpacityLevel>
		<LodDistance>16960</LodDistance>
		<IsVisible>true</IsVisible>
		<MaxHealth>1000</MaxHealth>
		<Health>1000</Health>
		<HasGravity>true</HasGravity>
		<IsOnFire>false</IsOnFire>
		<IsInvincible>false</IsInvincible>
		<IsBulletProof>false</IsBulletProof>
		<IsCollisionProof>false</IsCollisionProof>
		<IsExplosionProof>false</IsExplosionProof>
		<IsFireProof>false</IsFireProof>
		<IsMeleeProof>false</IsMeleeProof>
		<IsOnlyDamagedByPlayer>false</IsOnlyDamagedByPlayer>
		<PositionRotation>
			<X>716.159912</X>
			<Y>-1080.20166</Y>
			<Z>22.5432644</Z>
			<Pitch>20.687212</Pitch>
			<Roll>91.1087875</Roll>
			<Yaw>15.9511375</Yaw>
		</PositionRotation>
		<Attachment isAttached="true">
			<AttachedTo>64586</AttachedTo>
			<BoneIndex>0</BoneIndex>
			<X>0</X>
			<Y>-1.98999858</Y>
			<Z>0.799999595</Z>
			<Pitch>21.1188049</Pitch>
			<Roll>90.5900269</Roll>
			<Yaw>-179.800293</Yaw>
		</Attachment>
	</Placement>
	<Placement>
		<ModelHash>0x2834c4a3</ModelHash>
		<Type>3</Type>
		<Dynamic>false</Dynamic>
		<FrozenPos>true</FrozenPos>
		<HashName>prop_car_door_03</HashName>
		<InitialHandle>627235</InitialHandle>
		<ObjectProperties>
			<TextureVariation>0</TextureVariation>
		</ObjectProperties>
		<OpacityLevel>255</OpacityLevel>
		<LodDistance>16960</LodDistance>
		<IsVisible>true</IsVisible>
		<MaxHealth>1000</MaxHealth>
		<Health>1000</Health>
		<HasGravity>true</HasGravity>
		<IsOnFire>false</IsOnFire>
		<IsInvincible>false</IsInvincible>
		<IsBulletProof>false</IsBulletProof>
		<IsCollisionProof>false</IsCollisionProof>
		<IsExplosionProof>false</IsExplosionProof>
		<IsFireProof>false</IsFireProof>
		<IsMeleeProof>false</IsMeleeProof>
		<IsOnlyDamagedByPlayer>false</IsOnlyDamagedByPlayer>
		<PositionRotation>
			<X>716.006958</X>
			<Y>-1081.84399</Y>
			<Z>21.5998573</Z>
			<Pitch>-0.483812094</Pitch>
			<Roll>-0.4325037</Roll>
			<Yaw>-74.0653</Yaw>
		</PositionRotation>
		<Attachment isAttached="true">
			<AttachedTo>64586</AttachedTo>
			<BoneIndex>0</BoneIndex>
			<X>0.589999795</X>
			<Y>-0.459999889</Y>
			<Z>-0.160000041</Z>
			<Pitch>0</Pitch>
			<Roll>0</Roll>
			<Yaw>90.0000076</Yaw>
		</Attachment>
	</Placement>
	<Placement>
		<ModelHash>0xf3ca5bcb</ModelHash>
		<Type>3</Type>
		<Dynamic>false</Dynamic>
		<FrozenPos>true</FrozenPos>
		<HashName>prop_car_door_04</HashName>
		<InitialHandle>732458</InitialHandle>
		<ObjectProperties>
			<TextureVariation>0</TextureVariation>
		</ObjectProperties>
		<OpacityLevel>255</OpacityLevel>
		<LodDistance>16960</LodDistance>
		<IsVisible>true</IsVisible>
		<MaxHealth>1000</MaxHealth>
		<Health>1000</Health>
		<HasGravity>true</HasGravity>
		<IsOnFire>false</IsOnFire>
		<IsInvincible>false</IsInvincible>
		<IsBulletProof>false</IsBulletProof>
		<IsCollisionProof>false</IsCollisionProof>
		<IsExplosionProof>false</IsExplosionProof>
		<IsFireProof>false</IsFireProof>
		<IsMeleeProof>false</IsMeleeProof>
		<IsOnlyDamagedByPlayer>false</IsOnlyDamagedByPlayer>
		<PositionRotation>
			<X>717.300537</X>
			<Y>-1081.64148</Y>
			<Z>21.5300922</Z>
			<Pitch>0.382703841</Pitch>
			<Roll>0.524090588</Roll>
			<Yaw>93.8675537</Yaw>
		</PositionRotation>
		<Attachment isAttached="true">
			<AttachedTo>64586</AttachedTo>
			<BoneIndex>0</BoneIndex>
			<X>-0.709999681</X>
			<Y>-0.299999923</Y>
			<Z>-0.220000088</Z>
			<Pitch>0</Pitch>
			<Roll>0</Roll>
			<Yaw>-102.067223</Yaw>
		</Attachment>
	</Placement>
	<Placement>
		<ModelHash>0x9970602c</ModelHash>
		<Type>3</Type>
		<Dynamic>false</Dynamic>
		<FrozenPos>true</FrozenPos>
		<HashName>prop_bumper_02</HashName>
		<InitialHandle>603911</InitialHandle>
		<ObjectProperties>
			<TextureVariation>0</TextureVariation>
		</ObjectProperties>
		<OpacityLevel>255</OpacityLevel>
		<LodDistance>16960</LodDistance>
		<IsVisible>true</IsVisible>
		<MaxHealth>1000</MaxHealth>
		<Health>1000</Health>
		<HasGravity>true</HasGravity>
		<IsOnFire>false</IsOnFire>
		<IsInvincible>false</IsInvincible>
		<IsBulletProof>false</IsBulletProof>
		<IsCollisionProof>false</IsCollisionProof>
		<IsExplosionProof>false</IsExplosionProof>
		<IsFireProof>false</IsFireProof>
		<IsMeleeProof>false</IsMeleeProof>
		<IsOnlyDamagedByPlayer>false</IsOnlyDamagedByPlayer>
		<PositionRotation>
			<X>717.198059</X>
			<Y>-1083.86389</Y>
			<Z>21.6920052</Z>
			<Pitch>-15.4319458</Pitch>
			<Roll>-1.4980787</Roll>
			<Yaw>16.0682487</Yaw>
		</PositionRotation>
		<Attachment isAttached="true">
			<AttachedTo>64586</AttachedTo>
			<BoneIndex>0</BoneIndex>
			<X>0</X>
			<Y>1.80999875</Y>
			<Z>-0.0800000131</Z>
			<Pitch>-165</Pitch>
			<Roll>538</Roll>
			<Yaw>0</Yaw>
		</Attachment>
	</Placement>
	<Placement>
		<ModelHash>0xb9579ffa</ModelHash>
		<Type>3</Type>
		<Dynamic>false</Dynamic>
		<FrozenPos>true</FrozenPos>
		<HashName>prop_bumper_03</HashName>
		<InitialHandle>559668</InitialHandle>
		<ObjectProperties>
			<TextureVariation>0</TextureVariation>
		</ObjectProperties>
		<OpacityLevel>255</OpacityLevel>
		<LodDistance>16960</LodDistance>
		<IsVisible>true</IsVisible>
		<MaxHealth>1000</MaxHealth>
		<Health>1000</Health>
		<HasGravity>true</HasGravity>
		<IsOnFire>false</IsOnFire>
		<IsInvincible>false</IsInvincible>
		<IsBulletProof>false</IsBulletProof>
		<IsCollisionProof>false</IsCollisionProof>
		<IsExplosionProof>false</IsExplosionProof>
		<IsFireProof>false</IsFireProof>
		<IsMeleeProof>false</IsMeleeProof>
		<IsOnlyDamagedByPlayer>false</IsOnlyDamagedByPlayer>
		<PositionRotation>
			<X>716.098328</X>
			<Y>-1080.04785</Y>
			<Z>20.5320358</Z>
			<Pitch>-0.457829207</Pitch>
			<Roll>-0.483827531</Roll>
			<Yaw>-164.069168</Yaw>
		</PositionRotation>
		<Attachment isAttached="true">
			<AttachedTo>64586</AttachedTo>
			<BoneIndex>0</BoneIndex>
			<X>0</X>
			<Y>-2.16999626</Y>
			<Z>-1.2099992</Z>
			<Pitch>-0.890349388</Pitch>
			<Roll>0</Roll>
			<Yaw>0</Yaw>
		</Attachment>
	</Placement>
	<Placement>
		<ModelHash>0x58a81454</ModelHash>
		<Type>3</Type>
		<Dynamic>false</Dynamic>
		<FrozenPos>true</FrozenPos>
		<HashName>prop_roofpipe_02</HashName>
		<InitialHandle>257537</InitialHandle>
		<ObjectProperties>
			<TextureVariation>0</TextureVariation>
		</ObjectProperties>
		<OpacityLevel>255</OpacityLevel>
		<LodDistance>16960</LodDistance>
		<IsVisible>true</IsVisible>
		<MaxHealth>1000</MaxHealth>
		<Health>1000</Health>
		<HasGravity>true</HasGravity>
		<IsOnFire>false</IsOnFire>
		<IsInvincible>false</IsInvincible>
		<IsBulletProof>false</IsBulletProof>
		<IsCollisionProof>false</IsCollisionProof>
		<IsExplosionProof>false</IsExplosionProof>
		<IsFireProof>false</IsFireProof>
		<IsMeleeProof>false</IsMeleeProof>
		<IsOnlyDamagedByPlayer>false</IsOnlyDamagedByPlayer>
		<PositionRotation>
			<X>715.577881</X>
			<Y>-1079.86511</Y>
			<Z>21.683506</Z>
			<Pitch>-88.0503616</Pitch>
			<Roll>-161.139145</Roll>
			<Yaw>62.7863655</Yaw>
		</PositionRotation>
		<Attachment isAttached="true">
			<AttachedTo>64586</AttachedTo>
			<BoneIndex>0</BoneIndex>
			<X>0.459999889</X>
			<Y>-2.47999811</Y>
			<Z>-0.060000021</Z>
			<Pitch>-92</Pitch>
			<Roll>0</Roll>
			<Yaw>28.0000019</Yaw>
		</Attachment>
	</Placement>
	<Placement>
		<ModelHash>0x66f2b0e9</ModelHash>
		<Type>3</Type>
		<Dynamic>false</Dynamic>
		<FrozenPos>true</FrozenPos>
		<HashName>prop_roofpipe_01</HashName>
		<InitialHandle>274497</InitialHandle>
		<ObjectProperties>
			<TextureVariation>0</TextureVariation>
		</ObjectProperties>
		<OpacityLevel>255</OpacityLevel>
		<LodDistance>16960</LodDistance>
		<IsVisible>true</IsVisible>
		<MaxHealth>1000</MaxHealth>
		<Health>1000</Health>
		<HasGravity>true</HasGravity>
		<IsOnFire>false</IsOnFire>
		<IsInvincible>false</IsInvincible>
		<IsBulletProof>false</IsBulletProof>
		<IsCollisionProof>false</IsCollisionProof>
		<IsExplosionProof>false</IsExplosionProof>
		<IsFireProof>false</IsFireProof>
		<IsMeleeProof>false</IsMeleeProof>
		<IsOnlyDamagedByPlayer>false</IsOnlyDamagedByPlayer>
		<PositionRotation>
			<X>716.473572</X>
			<Y>-1079.65076</Y>
			<Z>21.6960373</Z>
			<Pitch>-85.267067</Pitch>
			<Roll>-4.76108885</Roll>
			<Yaw>-179.810181</Yaw>
		</PositionRotation>
		<Attachment isAttached="true">
			<AttachedTo>64586</AttachedTo>
			<BoneIndex>0</BoneIndex>
			<X>-0.459999889</X>
			<Y>-2.43999815</Y>
			<Z>-0.040000014</Z>
			<Pitch>274.199829</Pitch>
			<Roll>0</Roll>
			<Yaw>349</Yaw>
		</Attachment>
	</Placement>
	<Placement>
		<ModelHash>0xb34e141d</ModelHash>
		<Type>3</Type>
		<Dynamic>false</Dynamic>
		<FrozenPos>true</FrozenPos>
		<HashName>prop_wheel_hub_01</HashName>
		<InitialHandle>382024</InitialHandle>
		<ObjectProperties>
			<TextureVariation>0</TextureVariation>
		</ObjectProperties>
		<OpacityLevel>255</OpacityLevel>
		<LodDistance>16960</LodDistance>
		<IsVisible>true</IsVisible>
		<MaxHealth>1000</MaxHealth>
		<Health>1000</Health>
		<HasGravity>true</HasGravity>
		<IsOnFire>false</IsOnFire>
		<IsInvincible>false</IsInvincible>
		<IsBulletProof>false</IsBulletProof>
		<IsCollisionProof>false</IsCollisionProof>
		<IsExplosionProof>false</IsExplosionProof>
		<IsFireProof>false</IsFireProof>
		<IsMeleeProof>false</IsMeleeProof>
		<IsOnlyDamagedByPlayer>false</IsOnlyDamagedByPlayer>
		<PositionRotation>
			<X>715.840942</X>
			<Y>-1081.82349</Y>
			<Z>22.3107109</Z>
			<Pitch>-10.5143566</Pitch>
			<Roll>-0.455546767</Roll>
			<Yaw>-71.3398361</Yaw>
		</PositionRotation>
		<Attachment isAttached="true">
			<AttachedTo>64586</AttachedTo>
			<BoneIndex>0</BoneIndex>
			<X>0.749999642</X>
			<Y>-0.519999862</Y>
			<Z>0.55000186</Z>
			<Pitch>-10.0102673</Pitch>
			<Roll>-0.0402147584</Roll>
			<Yaw>452.797638</Yaw>
		</Attachment>
	</Placement>
	<Placement>
		<ModelHash>0xa2631256</ModelHash>
		<Type>3</Type>
		<Dynamic>false</Dynamic>
		<FrozenPos>true</FrozenPos>
		<HashName>prop_wheel_tyre</HashName>
		<InitialHandle>633423</InitialHandle>
		<ObjectProperties>
			<TextureVariation>0</TextureVariation>
		</ObjectProperties>
		<OpacityLevel>255</OpacityLevel>
		<LodDistance>16960</LodDistance>
		<IsVisible>true</IsVisible>
		<MaxHealth>1000</MaxHealth>
		<Health>1000</Health>
		<HasGravity>true</HasGravity>
		<IsOnFire>false</IsOnFire>
		<IsInvincible>false</IsInvincible>
		<IsBulletProof>false</IsBulletProof>
		<IsCollisionProof>false</IsCollisionProof>
		<IsExplosionProof>false</IsExplosionProof>
		<IsFireProof>false</IsFireProof>
		<IsMeleeProof>false</IsMeleeProof>
		<IsOnlyDamagedByPlayer>false</IsOnlyDamagedByPlayer>
		<PositionRotation>
			<X>716.483826</X>
			<Y>-1082.70386</Y>
			<Z>21.8952274</Z>
			<Pitch>-0.505784452</Pitch>
			<Roll>-0.406590194</Roll>
			<Yaw>-71.0652695</Yaw>
		</PositionRotation>
		<Attachment isAttached="true">
			<AttachedTo>64586</AttachedTo>
			<BoneIndex>0</BoneIndex>
			<X>0.369999975</X>
			<Y>0.499999851</Y>
			<Z>0.13000004</Z>
			<Pitch>0</Pitch>
			<Roll>0</Roll>
			<Yaw>453</Yaw>
		</Attachment>
	</Placement>
	<Placement>
		<ModelHash>0xfc612f85</ModelHash>
		<Type>3</Type>
		<Dynamic>false</Dynamic>
		<FrozenPos>true</FrozenPos>
		<HashName>prop_car_exhaust_01</HashName>
		<InitialHandle>237573</InitialHandle>
		<ObjectProperties>
			<TextureVariation>0</TextureVariation>
		</ObjectProperties>
		<OpacityLevel>255</OpacityLevel>
		<LodDistance>16960</LodDistance>
		<IsVisible>true</IsVisible>
		<MaxHealth>1000</MaxHealth>
		<Health>1000</Health>
		<HasGravity>true</HasGravity>
		<IsOnFire>false</IsOnFire>
		<IsInvincible>false</IsInvincible>
		<IsBulletProof>false</IsBulletProof>
		<IsCollisionProof>false</IsCollisionProof>
		<IsExplosionProof>false</IsExplosionProof>
		<IsFireProof>false</IsFireProof>
		<IsMeleeProof>false</IsMeleeProof>
		<IsOnlyDamagedByPlayer>false</IsOnlyDamagedByPlayer>
		<PositionRotation>
			<X>715.83197</X>
			<Y>-1080.5011</Y>
			<Z>22.8381329</Z>
			<Pitch>89.3510818</Pitch>
			<Roll>135.206665</Roll>
			<Yaw>-32.2701492</Yaw>
		</PositionRotation>
		<Attachment isAttached="true">
			<AttachedTo>64586</AttachedTo>
			<BoneIndex>0</BoneIndex>
			<X>0.399999976</X>
			<Y>-1.78999865</Y>
			<Z>1.0899992</Z>
			<Pitch>450</Pitch>
			<Roll>267</Roll>
			<Yaw>0</Yaw>
		</Attachment>
	</Placement>
	<Placement>
		<ModelHash>0x0dd75614</ModelHash>
		<Type>3</Type>
		<Dynamic>false</Dynamic>
		<FrozenPos>true</FrozenPos>
		<HashName>prop_car_engine_01</HashName>
		<InitialHandle>706569</InitialHandle>
		<ObjectProperties>
			<TextureVariation>0</TextureVariation>
		</ObjectProperties>
		<OpacityLevel>255</OpacityLevel>
		<LodDistance>16960</LodDistance>
		<IsVisible>true</IsVisible>
		<MaxHealth>1000</MaxHealth>
		<Health>1000</Health>
		<HasGravity>true</HasGravity>
		<IsOnFire>false</IsOnFire>
		<IsInvincible>false</IsInvincible>
		<IsBulletProof>false</IsBulletProof>
		<IsCollisionProof>false</IsCollisionProof>
		<IsExplosionProof>false</IsExplosionProof>
		<IsFireProof>false</IsFireProof>
		<IsMeleeProof>false</IsMeleeProof>
		<IsOnlyDamagedByPlayer>false</IsOnlyDamagedByPlayer>
		<PositionRotation>
			<X>716.201721</X>
			<Y>-1080.37292</Y>
			<Z>21.7346001</Z>
			<Pitch>0.432488292</Pitch>
			<Roll>-0.483825713</Roll>
			<Yaw>-164.061661</Yaw>
		</PositionRotation>
		<Attachment isAttached="true">
			<AttachedTo>64586</AttachedTo>
			<BoneIndex>0</BoneIndex>
			<X>0</X>
			<Y>-1.81999862</Y>
			<Z>-0.0100000231</Z>
			<Pitch>0</Pitch>
			<Roll>0</Roll>
			<Yaw>0</Yaw>
		</Attachment>
	</Placement>
	<Placement>
		<ModelHash>0x451054d8</ModelHash>
		<Type>3</Type>
		<Dynamic>false</Dynamic>
		<FrozenPos>true</FrozenPos>
		<HashName>prop_car_battery_01</HashName>
		<InitialHandle>10074</InitialHandle>
		<ObjectProperties>
			<TextureVariation>0</TextureVariation>
		</ObjectProperties>
		<OpacityLevel>255</OpacityLevel>
		<LodDistance>16960</LodDistance>
		<IsVisible>true</IsVisible>
		<MaxHealth>1000</MaxHealth>
		<Health>1000</Health>
		<HasGravity>true</HasGravity>
		<IsOnFire>false</IsOnFire>
		<IsInvincible>false</IsInvincible>
		<IsBulletProof>false</IsBulletProof>
		<IsCollisionProof>false</IsCollisionProof>
		<IsExplosionProof>false</IsExplosionProof>
		<IsFireProof>false</IsFireProof>
		<IsMeleeProof>false</IsMeleeProof>
		<IsOnlyDamagedByPlayer>false</IsOnlyDamagedByPlayer>
		<PositionRotation>
			<X>717.179077</X>
			<Y>-1082.48621</Y>
			<Z>21.6889248</Z>
			<Pitch>-0.476190299</Pitch>
			<Roll>-0.440881401</Roll>
			<Yaw>-75.0653</Yaw>
		</PositionRotation>
		<Attachment isAttached="true">
			<AttachedTo>64586</AttachedTo>
			<BoneIndex>0</BoneIndex>
			<X>-0.360000014</X>
			<Y>0.4799999</Y>
			<Z>-0.0700000376</Z>
			<Pitch>0</Pitch>
			<Roll>0</Roll>
			<Yaw>89.0000076</Yaw>
		</Attachment>
	</Placement>
	<Placement>
		<ModelHash>0xf5c39f51</ModelHash>
		<Type>3</Type>
		<Dynamic>false</Dynamic>
		<FrozenPos>true</FrozenPos>
		<HashName>prop_rub_carpart_04</HashName>
		<InitialHandle>140584</InitialHandle>
		<ObjectProperties>
			<TextureVariation>0</TextureVariation>
		</ObjectProperties>
		<OpacityLevel>255</OpacityLevel>
		<LodDistance>16960</LodDistance>
		<IsVisible>true</IsVisible>
		<MaxHealth>1000</MaxHealth>
		<Health>1000</Health>
		<HasGravity>true</HasGravity>
		<IsOnFire>false</IsOnFire>
		<IsInvincible>false</IsInvincible>
		<IsBulletProof>false</IsBulletProof>
		<IsCollisionProof>false</IsCollisionProof>
		<IsExplosionProof>false</IsExplosionProof>
		<IsFireProof>false</IsFireProof>
		<IsMeleeProof>false</IsMeleeProof>
		<IsOnlyDamagedByPlayer>false</IsOnlyDamagedByPlayer>
		<PositionRotation>
			<X>716.506897</X>
			<Y>-1080.1759</Y>
			<Z>23.8110008</Z>
			<Pitch>0.639487684</Pitch>
			<Roll>-90.889595</Roll>
			<Yaw>137.935913</Yaw>
		</PositionRotation>
		<Attachment isAttached="true">
			<AttachedTo>64586</AttachedTo>
			<BoneIndex>0</BoneIndex>
			<X>-0.330000013</X>
			<Y>-1.90999854</Y>
			<Z>2.07000065</Z>
			<Pitch>0</Pitch>
			<Roll>269</Roll>
			<Yaw>302</Yaw>
		</Attachment>
	</Placement>
	<Placement>
		<ModelHash>0x35691241</ModelHash>
		<Type>3</Type>
		<Dynamic>false</Dynamic>
		<FrozenPos>true</FrozenPos>
		<HashName>prop_tool_blowtorch</HashName>
		<InitialHandle>756582</InitialHandle>
		<ObjectProperties>
			<TextureVariation>0</TextureVariation>
		</ObjectProperties>
		<OpacityLevel>255</OpacityLevel>
		<LodDistance>16960</LodDistance>
		<IsVisible>true</IsVisible>
		<MaxHealth>1000</MaxHealth>
		<Health>1000</Health>
		<HasGravity>true</HasGravity>
		<IsOnFire>false</IsOnFire>
		<IsInvincible>false</IsInvincible>
		<IsBulletProof>false</IsBulletProof>
		<IsCollisionProof>false</IsCollisionProof>
		<IsExplosionProof>false</IsExplosionProof>
		<IsFireProof>false</IsFireProof>
		<IsMeleeProof>false</IsMeleeProof>
		<IsOnlyDamagedByPlayer>false</IsOnlyDamagedByPlayer>
		<PositionRotation>
			<X>717.216675</X>
			<Y>-1082.7677</Y>
			<Z>21.5513859</Z>
			<Pitch>0.432488292</Pitch>
			<Roll>-0.483825713</Roll>
			<Yaw>-164.061661</Yaw>
		</PositionRotation>
		<Attachment isAttached="true">
			<AttachedTo>64586</AttachedTo>
			<BoneIndex>0</BoneIndex>
			<X>-0.320000023</X>
			<Y>0.759999633</Y>
			<Z>-0.210000083</Z>
			<Pitch>0</Pitch>
			<Roll>0</Roll>
			<Yaw>0</Yaw>
		</Attachment>
	</Placement>
	<Placement>
		<ModelHash>0x8b241aa3</ModelHash>
		<Type>3</Type>
		<Dynamic>false</Dynamic>
		<FrozenPos>true</FrozenPos>
		<HashName>prop_tool_cable01</HashName>
		<InitialHandle>217147</InitialHandle>
		<ObjectProperties>
			<TextureVariation>0</TextureVariation>
		</ObjectProperties>
		<OpacityLevel>255</OpacityLevel>
		<LodDistance>16960</LodDistance>
		<IsVisible>true</IsVisible>
		<MaxHealth>1000</MaxHealth>
		<Health>1000</Health>
		<HasGravity>true</HasGravity>
		<IsOnFire>false</IsOnFire>
		<IsInvincible>false</IsInvincible>
		<IsBulletProof>false</IsBulletProof>
		<IsCollisionProof>false</IsCollisionProof>
		<IsExplosionProof>false</IsExplosionProof>
		<IsFireProof>false</IsFireProof>
		<IsMeleeProof>false</IsMeleeProof>
		<IsOnlyDamagedByPlayer>false</IsOnlyDamagedByPlayer>
		<PositionRotation>
			<X>716.455933</X>
			<Y>-1082.21509</Y>
			<Z>21.5836945</Z>
			<Pitch>0.432488292</Pitch>
			<Roll>-0.483825713</Roll>
			<Yaw>-164.061661</Yaw>
		</PositionRotation>
		<Attachment isAttached="true">
			<AttachedTo>64586</AttachedTo>
			<BoneIndex>0</BoneIndex>
			<X>0.26000008</X>
			<Y>0.0200000051</Y>
			<Z>-0.177000105</Z>
			<Pitch>0</Pitch>
			<Roll>0</Roll>
			<Yaw>0</Yaw>
		</Attachment>
	</Placement>
	<Placement>
		<ModelHash>0x85c6b0b9</ModelHash>
		<Type>3</Type>
		<Dynamic>false</Dynamic>
		<FrozenPos>true</FrozenPos>
		<HashName>prop_tool_spanner01</HashName>
		<InitialHandle>404251</InitialHandle>
		<ObjectProperties>
			<TextureVariation>0</TextureVariation>
		</ObjectProperties>
		<OpacityLevel>255</OpacityLevel>
		<LodDistance>16960</LodDistance>
		<IsVisible>true</IsVisible>
		<MaxHealth>1000</MaxHealth>
		<Health>1000</Health>
		<HasGravity>true</HasGravity>
		<IsOnFire>false</IsOnFire>
		<IsInvincible>false</IsInvincible>
		<IsBulletProof>false</IsBulletProof>
		<IsCollisionProof>false</IsCollisionProof>
		<IsExplosionProof>false</IsExplosionProof>
		<IsFireProof>false</IsFireProof>
		<IsMeleeProof>false</IsMeleeProof>
		<IsOnlyDamagedByPlayer>false</IsOnlyDamagedByPlayer>
		<PositionRotation>
			<X>716.462952</X>
			<Y>-1082.1886</Y>
			<Z>22.0604286</Z>
			<Pitch>89.3513794</Pitch>
			<Roll>-30.7934246</Roll>
			<Yaw>-32.2700386</Yaw>
		</PositionRotation>
		<Attachment isAttached="true">
			<AttachedTo>64586</AttachedTo>
			<BoneIndex>0</BoneIndex>
			<X>0.250000089</X>
			<Y>0</Y>
			<Z>0.300000042</Z>
			<Pitch>450</Pitch>
			<Roll>101.000008</Roll>
			<Yaw>0</Yaw>
		</Attachment>
	</Placement>
	<Placement>
		<ModelHash>0xa640636d</ModelHash>
		<Type>3</Type>
		<Dynamic>false</Dynamic>
		<FrozenPos>true</FrozenPos>
		<HashName>prop_rub_scrap_06</HashName>
		<InitialHandle>390167</InitialHandle>
		<ObjectProperties>
			<TextureVariation>0</TextureVariation>
		</ObjectProperties>
		<OpacityLevel>255</OpacityLevel>
		<LodDistance>16960</LodDistance>
		<IsVisible>true</IsVisible>
		<MaxHealth>1000</MaxHealth>
		<Health>1000</Health>
		<HasGravity>true</HasGravity>
		<IsOnFire>false</IsOnFire>
		<IsInvincible>false</IsInvincible>
		<IsBulletProof>false</IsBulletProof>
		<IsCollisionProof>false</IsCollisionProof>
		<IsExplosionProof>false</IsExplosionProof>
		<IsFireProof>false</IsFireProof>
		<IsMeleeProof>false</IsMeleeProof>
		<IsOnlyDamagedByPlayer>false</IsOnlyDamagedByPlayer>
		<PositionRotation>
			<X>716.348328</X>
			<Y>-1080.89478</Y>
			<Z>21.4586945</Z>
			<Pitch>4.43234539</Pitch>
			<Roll>5.51473904</Roll>
			<Yaw>-164.027786</Yaw>
		</PositionRotation>
		<Attachment isAttached="true">
			<AttachedTo>64586</AttachedTo>
			<BoneIndex>0</BoneIndex>
			<X>0</X>
			<Y>-1.27999914</Y>
			<Z>-0.290000051</Z>
			<Pitch>4.00000095</Pitch>
			<Roll>366</Roll>
			<Yaw>0</Yaw>
		</Attachment>
	</Placement>
	<Placement>
		<ModelHash>0x36dac2c6</ModelHash>
		<Type>3</Type>
		<Dynamic>false</Dynamic>
		<FrozenPos>true</FrozenPos>
		<HashName>prop_gascyl_ramp_door_01</HashName>
		<InitialHandle>652579</InitialHandle>
		<ObjectProperties>
			<TextureVariation>0</TextureVariation>
		</ObjectProperties>
		<OpacityLevel>255</OpacityLevel>
		<LodDistance>16960</LodDistance>
		<IsVisible>true</IsVisible>
		<MaxHealth>1000</MaxHealth>
		<Health>1000</Health>
		<HasGravity>true</HasGravity>
		<IsOnFire>false</IsOnFire>
		<IsInvincible>false</IsInvincible>
		<IsBulletProof>false</IsBulletProof>
		<IsCollisionProof>false</IsCollisionProof>
		<IsExplosionProof>false</IsExplosionProof>
		<IsFireProof>false</IsFireProof>
		<IsMeleeProof>false</IsMeleeProof>
		<IsOnlyDamagedByPlayer>false</IsOnlyDamagedByPlayer>
		<PositionRotation>
			<X>715.930054</X>
			<Y>-1081.83801</Y>
			<Z>22.5103226</Z>
			<Pitch>-28.482935</Pitch>
			<Roll>-0.492049724</Roll>
			<Yaw>-74.2963181</Yaw>
		</PositionRotation>
		<Attachment isAttached="true">
			<AttachedTo>64586</AttachedTo>
			<BoneIndex>0</BoneIndex>
			<X>0.669999719</X>
			<Y>-0.4799999</Y>
			<Z>0.749999642</Z>
			<Pitch>332</Pitch>
			<Roll>0</Roll>
			<Yaw>90</Yaw>
		</Attachment>
	</Placement>
	<Placement>
		<ModelHash>0xff084195</ModelHash>
		<Type>3</Type>
		<Dynamic>false</Dynamic>
		<FrozenPos>true</FrozenPos>
		<HashName>prop_bar_coastbarr</HashName>
		<InitialHandle>539720</InitialHandle>
		<ObjectProperties>
			<TextureVariation>0</TextureVariation>
		</ObjectProperties>
		<OpacityLevel>255</OpacityLevel>
		<LodDistance>16960</LodDistance>
		<IsVisible>true</IsVisible>
		<MaxHealth>1000</MaxHealth>
		<Health>1000</Health>
		<HasGravity>true</HasGravity>
		<IsOnFire>false</IsOnFire>
		<IsInvincible>false</IsInvincible>
		<IsBulletProof>false</IsBulletProof>
		<IsCollisionProof>false</IsCollisionProof>
		<IsExplosionProof>false</IsExplosionProof>
		<IsFireProof>false</IsFireProof>
		<IsMeleeProof>false</IsMeleeProof>
		<IsOnlyDamagedByPlayer>false</IsOnlyDamagedByPlayer>
		<PositionRotation>
			<X>716.472595</X>
			<Y>-1081.8219</Y>
			<Z>22.0468578</Z>
			<Pitch>0.432488292</Pitch>
			<Roll>-0.483825713</Roll>
			<Yaw>-164.061661</Yaw>
		</PositionRotation>
		<Attachment isAttached="true">
			<AttachedTo>64586</AttachedTo>
			<BoneIndex>0</BoneIndex>
			<X>0.140000045</X>
			<Y>-0.349999994</Y>
			<Z>0.290000051</Z>
			<Pitch>0</Pitch>
			<Roll>0</Roll>
			<Yaw>0</Yaw>
		</Attachment>
	</Placement>
	<Placement>
		<ModelHash>0x8fd0e6b3</ModelHash>
		<Type>3</Type>
		<Dynamic>false</Dynamic>
		<FrozenPos>true</FrozenPos>
		<HashName>prop_barebulb_01</HashName>
		<InitialHandle>70009</InitialHandle>
		<ObjectProperties>
			<TextureVariation>0</TextureVariation>
		</ObjectProperties>
		<OpacityLevel>255</OpacityLevel>
		<LodDistance>16960</LodDistance>
		<IsVisible>true</IsVisible>
		<MaxHealth>1000</MaxHealth>
		<Health>1000</Health>
		<HasGravity>true</HasGravity>
		<IsOnFire>false</IsOnFire>
		<IsInvincible>false</IsInvincible>
		<IsBulletProof>false</IsBulletProof>
		<IsCollisionProof>false</IsCollisionProof>
		<IsExplosionProof>false</IsExplosionProof>
		<IsFireProof>false</IsFireProof>
		<IsMeleeProof>false</IsMeleeProof>
		<IsOnlyDamagedByPlayer>false</IsOnlyDamagedByPlayer>
		<PositionRotation>
			<X>716.375488</X>
			<Y>-1081.12305</Y>
			<Z>21.8707409</Z>
			<Pitch>0.432488292</Pitch>
			<Roll>-0.483825713</Roll>
			<Yaw>-164.061661</Yaw>
		</PositionRotation>
		<Attachment isAttached="true">
			<AttachedTo>64586</AttachedTo>
			<BoneIndex>0</BoneIndex>
			<X>0.0400000066</X>
			<Y>-1.04999936</Y>
			<Z>0.120000042</Z>
			<Pitch>0</Pitch>
			<Roll>0</Roll>
			<Yaw>0</Yaw>
		</Attachment>
	</Placement>
	<Placement>
		<ModelHash>0xc7ccd065</ModelHash>
		<Type>3</Type>
		<Dynamic>false</Dynamic>
		<FrozenPos>true</FrozenPos>
		<HashName>v_ret_ml_beerbar</HashName>
		<InitialHandle>728633</InitialHandle>
		<ObjectProperties>
			<TextureVariation>0</TextureVariation>
		</ObjectProperties>
		<OpacityLevel>255</OpacityLevel>
		<LodDistance>16960</LodDistance>
		<IsVisible>true</IsVisible>
		<MaxHealth>1000</MaxHealth>
		<Health>1000</Health>
		<HasGravity>true</HasGravity>
		<IsOnFire>false</IsOnFire>
		<IsInvincible>false</IsInvincible>
		<IsBulletProof>false</IsBulletProof>
		<IsCollisionProof>false</IsCollisionProof>
		<IsExplosionProof>false</IsExplosionProof>
		<IsFireProof>false</IsFireProof>
		<IsMeleeProof>false</IsMeleeProof>
		<IsOnlyDamagedByPlayer>false</IsOnlyDamagedByPlayer>
		<PositionRotation>
			<X>716.146545</X>
			<Y>-1081.91382</Y>
			<Z>22.1997204</Z>
			<Pitch>0.0249769334</Pitch>
			<Roll>0.648463786</Roll>
			<Yaw>59.936367</Yaw>
		</PositionRotation>
		<Attachment isAttached="true">
			<AttachedTo>64586</AttachedTo>
			<BoneIndex>-1</BoneIndex>
			<X>0.4799999</X>
			<Y>-0.349999994</Y>
			<Z>0.439999908</Z>
			<Pitch>0</Pitch>
			<Roll>0</Roll>
			<Yaw>224</Yaw>
		</Attachment>
	</Placement>
	<Placement>
		<ModelHash>0x328d164d</ModelHash>
		<Type>3</Type>
		<Dynamic>false</Dynamic>
		<FrozenPos>true</FrozenPos>
		<HashName>prop_bomb_01</HashName>
		<InitialHandle>583007</InitialHandle>
		<ObjectProperties>
			<TextureVariation>0</TextureVariation>
		</ObjectProperties>
		<OpacityLevel>255</OpacityLevel>
		<LodDistance>16960</LodDistance>
		<IsVisible>true</IsVisible>
		<MaxHealth>1000</MaxHealth>
		<Health>1000</Health>
		<HasGravity>true</HasGravity>
		<IsOnFire>false</IsOnFire>
		<IsInvincible>false</IsInvincible>
		<IsBulletProof>false</IsBulletProof>
		<IsCollisionProof>false</IsCollisionProof>
		<IsExplosionProof>false</IsExplosionProof>
		<IsFireProof>false</IsFireProof>
		<IsMeleeProof>false</IsMeleeProof>
		<IsOnlyDamagedByPlayer>false</IsOnlyDamagedByPlayer>
		<PositionRotation>
			<X>716.312195</X>
			<Y>-1082.02319</Y>
			<Z>22.1097603</Z>
			<Pitch>0.432488292</Pitch>
			<Roll>-0.483825713</Roll>
			<Yaw>-164.061661</Yaw>
		</PositionRotation>
		<Attachment isAttached="true">
			<AttachedTo>64586</AttachedTo>
			<BoneIndex>0</BoneIndex>
			<X>0.349999994</X>
			<Y>-0.200000077</Y>
			<Z>0.350000024</Z>
			<Pitch>0</Pitch>
			<Roll>0</Roll>
			<Yaw>0</Yaw>
		</Attachment>
	</Placement>
	<Placement>
		<ModelHash>0x99eae44b</ModelHash>
		<Type>3</Type>
		<Dynamic>false</Dynamic>
		<FrozenPos>true</FrozenPos>
		<HashName>prop_police_radio_main</HashName>
		<InitialHandle>584975</InitialHandle>
		<ObjectProperties>
			<TextureVariation>0</TextureVariation>
		</ObjectProperties>
		<OpacityLevel>255</OpacityLevel>
		<LodDistance>16960</LodDistance>
		<IsVisible>true</IsVisible>
		<MaxHealth>1000</MaxHealth>
		<Health>1000</Health>
		<HasGravity>true</HasGravity>
		<IsOnFire>false</IsOnFire>
		<IsInvincible>false</IsInvincible>
		<IsBulletProof>false</IsBulletProof>
		<IsCollisionProof>false</IsCollisionProof>
		<IsExplosionProof>false</IsExplosionProof>
		<IsFireProof>false</IsFireProof>
		<IsMeleeProof>false</IsMeleeProof>
		<IsOnlyDamagedByPlayer>false</IsOnlyDamagedByPlayer>
		<PositionRotation>
			<X>717.147095</X>
			<Y>-1081.68481</Y>
			<Z>21.6014385</Z>
			<Pitch>-0.418911576</Pitch>
			<Roll>-0.495627433</Roll>
			<Yaw>-82.0652847</Yaw>
		</PositionRotation>
		<Attachment isAttached="true">
			<AttachedTo>64586</AttachedTo>
			<BoneIndex>0</BoneIndex>
			<X>-0.549999833</X>
			<Y>-0.300000042</Y>
			<Z>-0.150000051</Z>
			<Pitch>0</Pitch>
			<Roll>0</Roll>
			<Yaw>442</Yaw>
		</Attachment>
	</Placement>
	<Placement>
		<ModelHash>0x0f0048b0</ModelHash>
		<Type>3</Type>
		<Dynamic>false</Dynamic>
		<FrozenPos>true</FrozenPos>
		<HashName>prop_prologue_phone</HashName>
		<InitialHandle>60209</InitialHandle>
		<ObjectProperties>
			<TextureVariation>0</TextureVariation>
		</ObjectProperties>
		<OpacityLevel>255</OpacityLevel>
		<LodDistance>16960</LodDistance>
		<IsVisible>true</IsVisible>
		<MaxHealth>1000</MaxHealth>
		<Health>1000</Health>
		<HasGravity>true</HasGravity>
		<IsOnFire>false</IsOnFire>
		<IsInvincible>false</IsInvincible>
		<IsBulletProof>false</IsBulletProof>
		<IsCollisionProof>false</IsCollisionProof>
		<IsExplosionProof>false</IsExplosionProof>
		<IsFireProof>false</IsFireProof>
		<IsMeleeProof>false</IsMeleeProof>
		<IsOnlyDamagedByPlayer>false</IsOnlyDamagedByPlayer>
		<PositionRotation>
			<X>716.552246</X>
			<Y>-1082.02783</Y>
			<Z>22.0583496</Z>
			<Pitch>-89.3513794</Pitch>
			<Roll>-40.2055969</Roll>
			<Yaw>147.730911</Yaw>
		</PositionRotation>
		<Attachment isAttached="true">
			<AttachedTo>64586</AttachedTo>
			<BoneIndex>0</BoneIndex>
			<X>0.120000035</X>
			<Y>-0.13000004</Y>
			<Z>0.300000042</Z>
			<Pitch>-90</Pitch>
			<Roll>0</Roll>
			<Yaw>352</Yaw>
		</Attachment>
	</Placement>
	<Placement>
		<ModelHash>0x47b7daed</ModelHash>
		<Type>3</Type>
		<Dynamic>false</Dynamic>
		<FrozenPos>true</FrozenPos>
		<HashName>p_michael_backpack_s</HashName>
		<InitialHandle>4643</InitialHandle>
		<ObjectProperties>
			<TextureVariation>0</TextureVariation>
		</ObjectProperties>
		<OpacityLevel>255</OpacityLevel>
		<LodDistance>16960</LodDistance>
		<IsVisible>true</IsVisible>
		<MaxHealth>1000</MaxHealth>
		<Health>1000</Health>
		<HasGravity>true</HasGravity>
		<IsOnFire>false</IsOnFire>
		<IsInvincible>false</IsInvincible>
		<IsBulletProof>false</IsBulletProof>
		<IsCollisionProof>false</IsCollisionProof>
		<IsExplosionProof>false</IsExplosionProof>
		<IsFireProof>false</IsFireProof>
		<IsMeleeProof>false</IsMeleeProof>
		<IsOnlyDamagedByPlayer>false</IsOnlyDamagedByPlayer>
		<PositionRotation>
			<X>716.133728</X>
			<Y>-1081.44153</Y>
			<Z>21.8852539</Z>
			<Pitch>39.4308319</Pitch>
			<Roll>-0.62637639</Roll>
			<Yaw>-163.667435</Yaw>
		</PositionRotation>
		<Attachment isAttached="true">
			<AttachedTo>64586</AttachedTo>
			<BoneIndex>0</BoneIndex>
			<X>0.359999985</X>
			<Y>-0.809999585</Y>
			<Z>0.130000025</Z>
			<Pitch>39.0000038</Pitch>
			<Roll>360</Roll>
			<Yaw>360</Yaw>
		</Attachment>
	</Placement>
	<Placement>
		<ModelHash>0xe7b10066</ModelHash>
		<Type>3</Type>
		<Dynamic>false</Dynamic>
		<FrozenPos>true</FrozenPos>
		<HashName>prop_michael_balaclava</HashName>
		<InitialHandle>405077</InitialHandle>
		<ObjectProperties>
			<TextureVariation>0</TextureVariation>
		</ObjectProperties>
		<OpacityLevel>255</OpacityLevel>
		<LodDistance>16960</LodDistance>
		<IsVisible>true</IsVisible>
		<MaxHealth>1000</MaxHealth>
		<Health>1000</Health>
		<HasGravity>true</HasGravity>
		<IsOnFire>false</IsOnFire>
		<IsInvincible>false</IsInvincible>
		<IsBulletProof>false</IsBulletProof>
		<IsCollisionProof>false</IsCollisionProof>
		<IsExplosionProof>false</IsExplosionProof>
		<IsFireProof>false</IsFireProof>
		<IsMeleeProof>false</IsMeleeProof>
		<IsOnlyDamagedByPlayer>false</IsOnlyDamagedByPlayer>
		<PositionRotation>
			<X>716.91748</X>
			<Y>-1082.01062</Y>
			<Z>21.5757446</Z>
			<Pitch>0.432488292</Pitch>
			<Roll>-0.483825713</Roll>
			<Yaw>-164.061661</Yaw>
		</PositionRotation>
		<Attachment isAttached="true">
			<AttachedTo>64586</AttachedTo>
			<BoneIndex>0</BoneIndex>
			<X>-0.240000084</X>
			<Y>-0.0500000119</Y>
			<Z>-0.18020007</Z>
			<Pitch>0</Pitch>
			<Roll>0</Roll>
			<Yaw>0</Yaw>
		</Attachment>
	</Placement>
	<Placement>
		<ModelHash>0x0808cdb3</ModelHash>
		<Type>3</Type>
		<Dynamic>false</Dynamic>
		<FrozenPos>true</FrozenPos>
		<HashName>prop_rub_bike_03</HashName>
		<InitialHandle>782640</InitialHandle>
		<ObjectProperties>
			<TextureVariation>0</TextureVariation>
		</ObjectProperties>
		<OpacityLevel>255</OpacityLevel>
		<LodDistance>16960</LodDistance>
		<IsVisible>true</IsVisible>
		<MaxHealth>1000</MaxHealth>
		<Health>1000</Health>
		<HasGravity>true</HasGravity>
		<IsOnFire>false</IsOnFire>
		<IsInvincible>false</IsInvincible>
		<IsBulletProof>false</IsBulletProof>
		<IsCollisionProof>false</IsCollisionProof>
		<IsExplosionProof>false</IsExplosionProof>
		<IsFireProof>false</IsFireProof>
		<IsMeleeProof>false</IsMeleeProof>
		<IsOnlyDamagedByPlayer>false</IsOnlyDamagedByPlayer>
		<PositionRotation>
			<X>717.007385</X>
			<Y>-1083.20239</Y>
			<Z>21.4868088</Z>
			<Pitch>9.63215733</Pitch>
			<Roll>-0.49072051</Roll>
			<Yaw>-163.983185</Yaw>
		</PositionRotation>
		<Attachment isAttached="true">
			<AttachedTo>64586</AttachedTo>
			<BoneIndex>0</BoneIndex>
			<X>0</X>
			<Y>1.11999929</Y>
			<Z>-0.280000061</Z>
			<Pitch>369.200012</Pitch>
			<Roll>360</Roll>
			<Yaw>0</Yaw>
		</Attachment>
	</Placement>
	<Placement>
		<ModelHash>0x5c8957b5</ModelHash>
		<Type>3</Type>
		<Dynamic>false</Dynamic>
		<FrozenPos>true</FrozenPos>
		<HashName>prop_aircon_s_03b</HashName>
		<InitialHandle>214317</InitialHandle>
		<ObjectProperties>
			<TextureVariation>0</TextureVariation>
		</ObjectProperties>
		<OpacityLevel>255</OpacityLevel>
		<LodDistance>16960</LodDistance>
		<IsVisible>true</IsVisible>
		<MaxHealth>1000</MaxHealth>
		<Health>1000</Health>
		<HasGravity>true</HasGravity>
		<IsOnFire>false</IsOnFire>
		<IsInvincible>false</IsInvincible>
		<IsBulletProof>false</IsBulletProof>
		<IsCollisionProof>false</IsCollisionProof>
		<IsExplosionProof>false</IsExplosionProof>
		<IsFireProof>false</IsFireProof>
		<IsMeleeProof>false</IsMeleeProof>
		<IsOnlyDamagedByPlayer>false</IsOnlyDamagedByPlayer>
		<PositionRotation>
			<X>716.146301</X>
			<Y>-1080.16748</Y>
			<Z>22.1029911</Z>
			<Pitch>-21.5583401</Pitch>
			<Roll>-0.512009442</Roll>
			<Yaw>-165.253433</Yaw>
		</PositionRotation>
		<Attachment isAttached="true">
			<AttachedTo>64586</AttachedTo>
			<BoneIndex>0</BoneIndex>
			<X>0</X>
			<Y>-2.02999926</Y>
			<Z>0.359999985</Z>
			<Pitch>338</Pitch>
			<Roll>0</Roll>
			<Yaw>-0.999999046</Yaw>
		</Attachment>
	</Placement>
	<Placement>
		<ModelHash>0x9a719971</ModelHash>
		<Type>3</Type>
		<Dynamic>false</Dynamic>
		<FrozenPos>true</FrozenPos>
		<HashName>ng_proc_sodacan_03a</HashName>
		<InitialHandle>441961</InitialHandle>
		<ObjectProperties>
			<TextureVariation>0</TextureVariation>
		</ObjectProperties>
		<OpacityLevel>255</OpacityLevel>
		<LodDistance>16960</LodDistance>
		<IsVisible>true</IsVisible>
		<MaxHealth>1000</MaxHealth>
		<Health>1000</Health>
		<HasGravity>true</HasGravity>
		<IsOnFire>false</IsOnFire>
		<IsInvincible>false</IsInvincible>
		<IsBulletProof>false</IsBulletProof>
		<IsCollisionProof>false</IsCollisionProof>
		<IsExplosionProof>false</IsExplosionProof>
		<IsFireProof>false</IsFireProof>
		<IsMeleeProof>false</IsMeleeProof>
		<IsOnlyDamagedByPlayer>false</IsOnlyDamagedByPlayer>
		<PositionRotation>
			<X>717.153687</X>
			<Y>-1082.03674</Y>
			<Z>21.5667667</Z>
			<Pitch>0.545513511</Pitch>
			<Roll>0.351493657</Roll>
			<Yaw>114.934837</Yaw>
		</PositionRotation>
		<Attachment isAttached="true">
			<AttachedTo>64586</AttachedTo>
			<BoneIndex>0</BoneIndex>
			<X>-0.459999889</X>
			<Y>0.0400000103</Y>
			<Z>-0.188000068</Z>
			<Pitch>0</Pitch>
			<Roll>0</Roll>
			<Yaw>279</Yaw>
		</Attachment>
	</Placement>
	<Placement>
		<ModelHash>0x2edd9003</ModelHash>
		<Type>3</Type>
		<Dynamic>false</Dynamic>
		<FrozenPos>true</FrozenPos>
		<HashName>prop_jerrycan_01a</HashName>
		<InitialHandle>414843</InitialHandle>
		<ObjectProperties>
			<TextureVariation>0</TextureVariation>
		</ObjectProperties>
		<OpacityLevel>255</OpacityLevel>
		<LodDistance>16960</LodDistance>
		<IsVisible>true</IsVisible>
		<MaxHealth>1000</MaxHealth>
		<Health>1000</Health>
		<HasGravity>true</HasGravity>
		<IsOnFire>false</IsOnFire>
		<IsInvincible>false</IsInvincible>
		<IsBulletProof>false</IsBulletProof>
		<IsCollisionProof>false</IsCollisionProof>
		<IsExplosionProof>false</IsExplosionProof>
		<IsFireProof>false</IsFireProof>
		<IsMeleeProof>false</IsMeleeProof>
		<IsOnlyDamagedByPlayer>false</IsOnlyDamagedByPlayer>
		<PositionRotation>
			<X>716.412659</X>
			<Y>-1080.76563</Y>
			<Z>22.3271236</Z>
			<Pitch>89.3516846</Pitch>
			<Roll>-125.794167</Roll>
			<Yaw>-32.2692909</Yaw>
		</PositionRotation>
		<Attachment isAttached="true">
			<AttachedTo>64586</AttachedTo>
			<BoneIndex>0</BoneIndex>
			<X>-0.0900000259</X>
			<Y>-1.37999904</Y>
			<Z>0.579999804</Z>
			<Pitch>90.0000076</Pitch>
			<Roll>366</Roll>
			<Yaw>360</Yaw>
		</Attachment>
	</Placement>
	<Placement>
		<ModelHash>0x2462ad21</ModelHash>
		<Type>3</Type>
		<Dynamic>false</Dynamic>
		<FrozenPos>true</FrozenPos>
		<HashName>prop_sgun_casing</HashName>
		<InitialHandle>199788</InitialHandle>
		<ObjectProperties>
			<TextureVariation>0</TextureVariation>
		</ObjectProperties>
		<OpacityLevel>255</OpacityLevel>
		<LodDistance>16960</LodDistance>
		<IsVisible>true</IsVisible>
		<MaxHealth>1000</MaxHealth>
		<Health>1000</Health>
		<HasGravity>true</HasGravity>
		<IsOnFire>false</IsOnFire>
		<IsInvincible>false</IsInvincible>
		<IsBulletProof>false</IsBulletProof>
		<IsCollisionProof>false</IsCollisionProof>
		<IsExplosionProof>false</IsExplosionProof>
		<IsFireProof>false</IsFireProof>
		<IsMeleeProof>false</IsMeleeProof>
		<IsOnlyDamagedByPlayer>false</IsOnlyDamagedByPlayer>
		<PositionRotation>
			<X>717.059082</X>
			<Y>-1081.81396</Y>
			<Z>21.5902061</Z>
			<Pitch>0.566442907</Pitch>
			<Roll>-0.316661894</Roll>
			<Yaw>176.93808</Yaw>
		</PositionRotation>
		<Attachment isAttached="true">
			<AttachedTo>64586</AttachedTo>
			<BoneIndex>0</BoneIndex>
			<X>-0.429999918</X>
			<Y>-0.200000077</Y>
			<Z>-0.163000062</Z>
			<Pitch>0</Pitch>
			<Roll>0</Roll>
			<Yaw>341</Yaw>
		</Attachment>
	</Placement>
	<Placement>
		<ModelHash>0xdc3661a5</ModelHash>
		<Type>3</Type>
		<Dynamic>false</Dynamic>
		<FrozenPos>true</FrozenPos>
		<HashName>v_serv_hndtrk_n2_aa_h</HashName>
		<InitialHandle>684667</InitialHandle>
		<ObjectProperties>
			<TextureVariation>0</TextureVariation>
		</ObjectProperties>
		<OpacityLevel>255</OpacityLevel>
		<LodDistance>16960</LodDistance>
		<IsVisible>true</IsVisible>
		<MaxHealth>1000</MaxHealth>
		<Health>1000</Health>
		<HasGravity>true</HasGravity>
		<IsOnFire>false</IsOnFire>
		<IsInvincible>false</IsInvincible>
		<IsBulletProof>false</IsBulletProof>
		<IsCollisionProof>false</IsCollisionProof>
		<IsExplosionProof>false</IsExplosionProof>
		<IsFireProof>false</IsFireProof>
		<IsMeleeProof>false</IsMeleeProof>
		<IsOnlyDamagedByPlayer>false</IsOnlyDamagedByPlayer>
		<PositionRotation>
			<X>716.025757</X>
			<Y>-1079.71594</Y>
			<Z>23.0594559</Z>
			<Pitch>-67.4275818</Pitch>
			<Roll>-178.739487</Roll>
			<Yaw>17.0986614</Yaw>
		</PositionRotation>
		<Attachment isAttached="true">
			<AttachedTo>64586</AttachedTo>
			<BoneIndex>0</BoneIndex>
			<X>0</X>
			<Y>-2.48999786</Y>
			<Z>1.3199991</Z>
			<Pitch>247</Pitch>
			<Roll>0</Roll>
			<Yaw>0</Yaw>
		</Attachment>
	</Placement>
	<Placement>
		<ModelHash>0xf5c9c149</ModelHash>
		<Type>3</Type>
		<Dynamic>false</Dynamic>
		<FrozenPos>true</FrozenPos>
		<HashName>w_am_fire_exting</HashName>
		<InitialHandle>113985</InitialHandle>
		<ObjectProperties>
			<TextureVariation>0</TextureVariation>
		</ObjectProperties>
		<OpacityLevel>255</OpacityLevel>
		<LodDistance>16960</LodDistance>
		<IsVisible>true</IsVisible>
		<MaxHealth>1000</MaxHealth>
		<Health>1000</Health>
		<HasGravity>true</HasGravity>
		<IsOnFire>false</IsOnFire>
		<IsInvincible>false</IsInvincible>
		<IsBulletProof>false</IsBulletProof>
		<IsCollisionProof>false</IsCollisionProof>
		<IsExplosionProof>false</IsExplosionProof>
		<IsFireProof>false</IsFireProof>
		<IsMeleeProof>false</IsMeleeProof>
		<IsOnlyDamagedByPlayer>false</IsOnlyDamagedByPlayer>
		<PositionRotation>
			<X>716.593994</X>
			<Y>-1083.19019</Y>
			<Z>22.1792374</Z>
			<Pitch>-0.132638171</Pitch>
			<Roll>0.635245323</Roll>
			<Yaw>45.9372635</Yaw>
		</PositionRotation>
		<Attachment isAttached="true">
			<AttachedTo>64586</AttachedTo>
			<BoneIndex>0</BoneIndex>
			<X>0.399999946</X>
			<Y>0.999999404</Y>
			<Z>0.409999967</Z>
			<Pitch>9.53674316e-07</Pitch>
			<Roll>0</Roll>
			<Yaw>210.000015</Yaw>
		</Attachment>
	</Placement>
	<Placement>
		<ModelHash>0x6b867a1b</ModelHash>
		<Type>3</Type>
		<Dynamic>false</Dynamic>
		<FrozenPos>true</FrozenPos>
		<HashName>prop_old_boot</HashName>
		<InitialHandle>297562</InitialHandle>
		<ObjectProperties>
			<TextureVariation>0</TextureVariation>
		</ObjectProperties>
		<OpacityLevel>255</OpacityLevel>
		<LodDistance>16960</LodDistance>
		<IsVisible>true</IsVisible>
		<MaxHealth>1000</MaxHealth>
		<Health>1000</Health>
		<HasGravity>true</HasGravity>
		<IsOnFire>false</IsOnFire>
		<IsInvincible>false</IsInvincible>
		<IsBulletProof>false</IsBulletProof>
		<IsCollisionProof>false</IsCollisionProof>
		<IsExplosionProof>false</IsExplosionProof>
		<IsFireProof>false</IsFireProof>
		<IsMeleeProof>false</IsMeleeProof>
		<IsOnlyDamagedByPlayer>false</IsOnlyDamagedByPlayer>
		<PositionRotation>
			<X>716.914917</X>
			<Y>-1080.10974</Y>
			<Z>22.6878281</Z>
			<Pitch>87.3875275</Pitch>
			<Roll>-10.675272</Roll>
			<Yaw>-153.400879</Yaw>
		</PositionRotation>
		<Attachment isAttached="true">
			<AttachedTo>64586</AttachedTo>
			<BoneIndex>0</BoneIndex>
			<X>-0.749999642</X>
			<Y>-1.86999857</Y>
			<Z>0.949999452</Z>
			<Pitch>447</Pitch>
			<Roll>0</Roll>
			<Yaw>0</Yaw>
		</Attachment>
	</Placement>
	<Placement>
		<ModelHash>0x710841e5</ModelHash>
		<Type>3</Type>
		<Dynamic>false</Dynamic>
		<FrozenPos>true</FrozenPos>
		<HashName>prop_scaffold_pole</HashName>
		<InitialHandle>24328</InitialHandle>
		<ObjectProperties>
			<TextureVariation>0</TextureVariation>
		</ObjectProperties>
		<OpacityLevel>255</OpacityLevel>
		<LodDistance>16960</LodDistance>
		<IsVisible>true</IsVisible>
		<MaxHealth>1000</MaxHealth>
		<Health>1000</Health>
		<HasGravity>true</HasGravity>
		<IsOnFire>false</IsOnFire>
		<IsInvincible>false</IsInvincible>
		<IsBulletProof>false</IsBulletProof>
		<IsCollisionProof>false</IsCollisionProof>
		<IsExplosionProof>false</IsExplosionProof>
		<IsFireProof>false</IsFireProof>
		<IsMeleeProof>false</IsMeleeProof>
		<IsOnlyDamagedByPlayer>false</IsOnlyDamagedByPlayer>
		<PositionRotation>
			<X>715.902588</X>
			<Y>-1080.89783</Y>
			<Z>22.7114983</Z>
			<Pitch>89.3516846</Pitch>
			<Roll>-131.793274</Roll>
			<Yaw>-32.2701988</Yaw>
		</PositionRotation>
		<Attachment isAttached="true">
			<AttachedTo>64586</AttachedTo>
			<BoneIndex>0</BoneIndex>
			<X>0.439999908</X>
			<Y>-1.38999903</Y>
			<Z>0.959999561</Z>
			<Pitch>450</Pitch>
			<Roll>0</Roll>
			<Yaw>0</Yaw>
		</Attachment>
	</Placement>
</SpoonerPlacements>
