<?xml version="1.0" encoding="ISO-8859-1"?>
<SpoonerPlacements>
	<Note />
	<AudioFile volume="400" />
	<ClearDatabase>false</ClearDatabase>
	<ClearWorld>0</ClearWorld>
	<ClearMarkers>false</ClearMarkers>
	<IPLsToLoad load_mp_maps="false" load_sp_maps="false" />
	<IPLsToRemove />
	<InteriorsToEnable />
	<InteriorsToCap />
	<WeatherToSet></WeatherToSet>
	<StartTaskSequencesOnLoad>true</StartTaskSequencesOnLoad>
	<ReferenceCoords>
		<X>588.852112</X>
		<Y>129.001587</Y>
		<Z>97.041481</Z>
	</ReferenceCoords>
	<Placement>
		<ModelHash>0xb802dd46</ModelHash>
		<Type>2</Type>
		<Dynamic>true</Dynamic>
		<FrozenPos>false</FrozenPos>
		<HashName>Rusty Rebel</HashName>
		<InitialHandle>193883</InitialHandle>
		<VehicleProperties>
			<Colours>
				<Primary>151</Primary>
				<Secondary>0</Secondary>
				<Pearl>0</Pearl>
				<Rim>156</Rim>
				<Mod1_a>6</Mod1_a>
				<Mod1_b>-1</Mod1_b>
				<Mod1_c>-1</Mod1_c>
				<Mod2_a>6</Mod2_a>
				<Mod2_b>-1</Mod2_b>
				<IsPrimaryColourCustom>false</IsPrimaryColourCustom>
				<IsSecondaryColourCustom>false</IsSecondaryColourCustom>
				<tyreSmoke_R>255</tyreSmoke_R>
				<tyreSmoke_G>255</tyreSmoke_G>
				<tyreSmoke_B>255</tyreSmoke_B>
				<LrInterior>0</LrInterior>
				<LrDashboard>0</LrDashboard>
			</Colours>
			<Livery>-1</Livery>
			<NumberPlateText>03AQX203</NumberPlateText>
			<NumberPlateIndex>3</NumberPlateIndex>
			<WheelType>4</WheelType>
			<WheelsInvisible>false</WheelsInvisible>
			<EngineSoundName></EngineSoundName>
			<WindowTint>-1</WindowTint>
			<BulletProofTyres>false</BulletProofTyres>
			<DirtLevel>0</DirtLevel>
			<PaintFade>0.298039228</PaintFade>
			<RoofState>0</RoofState>
			<SirenActive>false</SirenActive>
			<EngineOn>false</EngineOn>
			<EngineHealth>1000</EngineHealth>
			<LightsOn>false</LightsOn>
			<IsRadioLoud>0</IsRadioLoud>
			<LockStatus>0</LockStatus>
			<Neons>
				<Left>false</Left>
				<Right>false</Right>
				<Front>false</Front>
				<Back>false</Back>
				<R>255</R>
				<G>0</G>
				<B>255</B>
			</Neons>
			<DoorsOpen>
				<BackLeftDoor>false</BackLeftDoor>
				<BackRightDoor>false</BackRightDoor>
				<FrontLeftDoor>false</FrontLeftDoor>
				<FrontRightDoor>false</FrontRightDoor>
				<Hood>false</Hood>
				<Trunk>false</Trunk>
				<Trunk2>false</Trunk2>
			</DoorsOpen>
			<DoorsBroken>
				<BackLeftDoor>false</BackLeftDoor>
				<BackRightDoor>false</BackRightDoor>
				<FrontLeftDoor>true</FrontLeftDoor>
				<FrontRightDoor>false</FrontRightDoor>
				<Hood>false</Hood>
				<Trunk>true</Trunk>
				<Trunk2>false</Trunk2>
			</DoorsBroken>
			<TyresBursted>
				<FrontLeft>false</FrontLeft>
				<FrontRight>false</FrontRight>
				<_2>false</_2>
				<_3>false</_3>
				<BackLeft>false</BackLeft>
				<BackRight>false</BackRight>
				<_6>false</_6>
				<_7>false</_7>
				<_8>false</_8>
			</TyresBursted>
			<RpmMultiplier>1</RpmMultiplier>
			<TorqueMultiplier>1</TorqueMultiplier>
			<HeadlightIntensity>1</HeadlightIntensity>
			<ModExtras>
				<_1>true</_1>
				<_2>false</_2>
				<_10>false</_10>
				<_12>false</_12>
			</ModExtras>
			<Mods>
				<_0>-1,0</_0>
				<_1>1,0</_1>
				<_2>-1,0</_2>
				<_3>-1,0</_3>
				<_4>-1,0</_4>
				<_5>-1,0</_5>
				<_6>-1,0</_6>
				<_7>-1,0</_7>
				<_8>-1,0</_8>
				<_9>-1,0</_9>
				<_10>0,0</_10>
				<_11>3,0</_11>
				<_12>2,0</_12>
				<_13>2,0</_13>
				<_14>-1,0</_14>
				<_15>-1,0</_15>
				<_16>-1,0</_16>
				<_17>false</_17>
				<_18>false</_18>
				<_19>false</_19>
				<_20>false</_20>
				<_21>false</_21>
				<_22>false</_22>
				<_23>-1,0</_23>
				<_24>-1,0</_24>
				<_25>-1,0</_25>
				<_26>-1,0</_26>
				<_27>-1,0</_27>
				<_28>-1,0</_28>
				<_29>-1,0</_29>
				<_30>-1,0</_30>
				<_31>-1,0</_31>
				<_32>-1,0</_32>
				<_33>-1,0</_33>
				<_34>-1,0</_34>
				<_35>-1,0</_35>
				<_36>-1,0</_36>
				<_37>-1,0</_37>
				<_38>-1,0</_38>
				<_39>-1,0</_39>
				<_40>-1,0</_40>
				<_41>-1,0</_41>
				<_42>-1,0</_42>
				<_43>-1,0</_43>
				<_44>-1,0</_44>
				<_45>-1,0</_45>
				<_46>-1,0</_46>
				<_47>-1,0</_47>
				<_48>-1,0</_48>
			</Mods>
		</VehicleProperties>
		<OpacityLevel>255</OpacityLevel>
		<LodDistance>16960</LodDistance>
		<IsVisible>true</IsVisible>
		<MaxHealth>1000</MaxHealth>
		<Health>898</Health>
		<HasGravity>true</HasGravity>
		<IsOnFire>false</IsOnFire>
		<IsInvincible>false</IsInvincible>
		<IsBulletProof>false</IsBulletProof>
		<IsCollisionProof>false</IsCollisionProof>
		<IsExplosionProof>false</IsExplosionProof>
		<IsFireProof>false</IsFireProof>
		<IsMeleeProof>false</IsMeleeProof>
		<IsOnlyDamagedByPlayer>false</IsOnlyDamagedByPlayer>
		<PositionRotation>
			<X>590.759216</X>
			<Y>127.430374</Y>
			<Z>97.6239319</Z>
			<Pitch>-0.0190628245</Pitch>
			<Roll>0.00780223403</Roll>
			<Yaw>-20.5780602</Yaw>
		</PositionRotation>
		<Attachment isAttached="false" />
	</Placement>
	<Placement>
		<ModelHash>0xabb2ec9a</ModelHash>
		<Type>3</Type>
		<Dynamic>false</Dynamic>
		<FrozenPos>true</FrozenPos>
		<HashName>prop_ceramic_jug_01</HashName>
		<InitialHandle>274285</InitialHandle>
		<ObjectProperties>
			<TextureVariation>0</TextureVariation>
		</ObjectProperties>
		<OpacityLevel>255</OpacityLevel>
		<LodDistance>16960</LodDistance>
		<IsVisible>true</IsVisible>
		<MaxHealth>1000</MaxHealth>
		<Health>1000</Health>
		<HasGravity>true</HasGravity>
		<IsOnFire>false</IsOnFire>
		<IsInvincible>false</IsInvincible>
		<IsBulletProof>false</IsBulletProof>
		<IsCollisionProof>true</IsCollisionProof>
		<IsExplosionProof>false</IsExplosionProof>
		<IsFireProof>false</IsFireProof>
		<IsMeleeProof>false</IsMeleeProof>
		<IsOnlyDamagedByPlayer>false</IsOnlyDamagedByPlayer>
		<PositionRotation>
			<X>590.158813</X>
			<Y>127.367447</Y>
			<Z>97.7860947</Z>
			<Pitch>0.0540967919</Pitch>
			<Roll>0.0138699999</Roll>
			<Yaw>105.421898</Yaw>
		</PositionRotation>
		<Attachment isAttached="true">
			<AttachedTo>193883</AttachedTo>
			<BoneIndex>0</BoneIndex>
			<X>-0.539997816</X>
			<Y>-0.269997537</Y>
			<Z>0.161999419</Z>
			<Pitch>0.0365798138</Pitch>
			<Roll>0.00303387642</Roll>
			<Yaw>125.999985</Yaw>
		</Attachment>
	</Placement>
	<Placement>
		<ModelHash>0xd2251200</ModelHash>
		<Type>3</Type>
		<Dynamic>false</Dynamic>
		<FrozenPos>true</FrozenPos>
		<HashName>prop_ceramic_jug_cork</HashName>
		<InitialHandle>66412</InitialHandle>
		<ObjectProperties>
			<TextureVariation>0</TextureVariation>
		</ObjectProperties>
		<OpacityLevel>255</OpacityLevel>
		<LodDistance>16960</LodDistance>
		<IsVisible>true</IsVisible>
		<MaxHealth>1000</MaxHealth>
		<Health>1000</Health>
		<HasGravity>true</HasGravity>
		<IsOnFire>false</IsOnFire>
		<IsInvincible>false</IsInvincible>
		<IsBulletProof>false</IsBulletProof>
		<IsCollisionProof>true</IsCollisionProof>
		<IsExplosionProof>false</IsExplosionProof>
		<IsFireProof>false</IsFireProof>
		<IsMeleeProof>false</IsMeleeProof>
		<IsOnlyDamagedByPlayer>false</IsOnlyDamagedByPlayer>
		<PositionRotation>
			<X>590.154663</X>
			<Y>127.364273</Y>
			<Z>97.9630966</Z>
			<Pitch>0.0540967919</Pitch>
			<Roll>0.0138699999</Roll>
			<Yaw>105.421898</Yaw>
		</PositionRotation>
		<Attachment isAttached="true">
			<AttachedTo>274285</AttachedTo>
			<BoneIndex>0</BoneIndex>
			<X>-0.00200000033</X>
			<Y>0.00500000082</Y>
			<Z>0.177000031</Z>
			<Pitch>0</Pitch>
			<Roll>0</Roll>
			<Yaw>0</Yaw>
		</Attachment>
	</Placement>
	<Placement>
		<ModelHash>0x34950018</ModelHash>
		<Type>3</Type>
		<Dynamic>false</Dynamic>
		<FrozenPos>true</FrozenPos>
		<HashName>prop_rub_scrap_07</HashName>
		<InitialHandle>406280</InitialHandle>
		<ObjectProperties>
			<TextureVariation>0</TextureVariation>
		</ObjectProperties>
		<OpacityLevel>255</OpacityLevel>
		<LodDistance>16960</LodDistance>
		<IsVisible>true</IsVisible>
		<MaxHealth>1000</MaxHealth>
		<Health>1000</Health>
		<HasGravity>true</HasGravity>
		<IsOnFire>false</IsOnFire>
		<IsInvincible>false</IsInvincible>
		<IsBulletProof>false</IsBulletProof>
		<IsCollisionProof>true</IsCollisionProof>
		<IsExplosionProof>false</IsExplosionProof>
		<IsFireProof>false</IsFireProof>
		<IsMeleeProof>false</IsMeleeProof>
		<IsOnlyDamagedByPlayer>false</IsOnlyDamagedByPlayer>
		<PositionRotation>
			<X>590.235962</X>
			<Y>126.035934</Y>
			<Z>99.4644241</Z>
			<Pitch>50.0571938</Pitch>
			<Roll>179.96785</Roll>
			<Yaw>159.440552</Yaw>
		</PositionRotation>
		<Attachment isAttached="true">
			<AttachedTo>193883</AttachedTo>
			<BoneIndex>0</BoneIndex>
			<X>3.82383587e-06</X>
			<Y>-1.48999381</Y>
			<Z>1.83999658</Z>
			<Pitch>50.0381279</Pitch>
			<Roll>179.980026</Roll>
			<Yaw>180.009308</Yaw>
		</Attachment>
	</Placement>
	<Placement>
		<ModelHash>0xb685e324</ModelHash>
		<Type>3</Type>
		<Dynamic>false</Dynamic>
		<FrozenPos>true</FrozenPos>
		<HashName>prop_cs_bar</HashName>
		<InitialHandle>319085</InitialHandle>
		<ObjectProperties>
			<TextureVariation>0</TextureVariation>
		</ObjectProperties>
		<OpacityLevel>255</OpacityLevel>
		<LodDistance>16960</LodDistance>
		<IsVisible>true</IsVisible>
		<MaxHealth>1000</MaxHealth>
		<Health>1000</Health>
		<HasGravity>true</HasGravity>
		<IsOnFire>false</IsOnFire>
		<IsInvincible>false</IsInvincible>
		<IsBulletProof>false</IsBulletProof>
		<IsCollisionProof>true</IsCollisionProof>
		<IsExplosionProof>false</IsExplosionProof>
		<IsFireProof>false</IsFireProof>
		<IsMeleeProof>false</IsMeleeProof>
		<IsOnlyDamagedByPlayer>false</IsOnlyDamagedByPlayer>
		<PositionRotation>
			<X>589.640137</X>
			<Y>126.355492</Y>
			<Z>98.7544861</Z>
			<Pitch>-0.0218045246</Pitch>
			<Roll>17.9973907</Roll>
			<Yaw>-35.5780563</Yaw>
		</PositionRotation>
		<Attachment isAttached="true">
			<AttachedTo>193883</AttachedTo>
			<BoneIndex>0</BoneIndex>
			<X>-0.6700266</X>
			<Y>-1.40001237</Y>
			<Z>1.12999713</Z>
			<Pitch>-0.00136968493</Pitch>
			<Roll>17.994791</Roll>
			<Yaw>-14.9999924</Yaw>
		</Attachment>
	</Placement>
	<Placement>
		<ModelHash>0xb685e324</ModelHash>
		<Type>3</Type>
		<Dynamic>false</Dynamic>
		<FrozenPos>true</FrozenPos>
		<HashName>prop_cs_bar</HashName>
		<InitialHandle>160365</InitialHandle>
		<ObjectProperties>
			<TextureVariation>0</TextureVariation>
		</ObjectProperties>
		<OpacityLevel>255</OpacityLevel>
		<LodDistance>16960</LodDistance>
		<IsVisible>true</IsVisible>
		<MaxHealth>1000</MaxHealth>
		<Health>1000</Health>
		<HasGravity>true</HasGravity>
		<IsOnFire>false</IsOnFire>
		<IsInvincible>false</IsInvincible>
		<IsBulletProof>false</IsBulletProof>
		<IsCollisionProof>true</IsCollisionProof>
		<IsExplosionProof>false</IsExplosionProof>
		<IsFireProof>false</IsFireProof>
		<IsMeleeProof>false</IsMeleeProof>
		<IsOnlyDamagedByPlayer>false</IsOnlyDamagedByPlayer>
		<PositionRotation>
			<X>589.667664</X>
			<Y>126.337723</Y>
			<Z>98.8524857</Z>
			<Pitch>-0.0218045246</Pitch>
			<Roll>17.9973907</Roll>
			<Yaw>-35.5780563</Yaw>
		</PositionRotation>
		<Attachment isAttached="true">
			<AttachedTo>193883</AttachedTo>
			<BoneIndex>0</BoneIndex>
			<X>-0.638023973</X>
			<Y>-1.40700495</Y>
			<Z>1.22799885</Z>
			<Pitch>-0.00136968493</Pitch>
			<Roll>17.994791</Roll>
			<Yaw>-14.9999924</Yaw>
		</Attachment>
	</Placement>
	<Placement>
		<ModelHash>0x48d5dc1e</ModelHash>
		<Type>3</Type>
		<Dynamic>false</Dynamic>
		<FrozenPos>true</FrozenPos>
		<HashName>imp_prop_impexp_brake_caliper_01a</HashName>
		<InitialHandle>591462</InitialHandle>
		<ObjectProperties>
			<TextureVariation>0</TextureVariation>
		</ObjectProperties>
		<OpacityLevel>255</OpacityLevel>
		<LodDistance>16960</LodDistance>
		<IsVisible>true</IsVisible>
		<MaxHealth>1000</MaxHealth>
		<Health>1000</Health>
		<HasGravity>true</HasGravity>
		<IsOnFire>false</IsOnFire>
		<IsInvincible>false</IsInvincible>
		<IsBulletProof>false</IsBulletProof>
		<IsCollisionProof>true</IsCollisionProof>
		<IsExplosionProof>false</IsExplosionProof>
		<IsFireProof>false</IsFireProof>
		<IsMeleeProof>false</IsMeleeProof>
		<IsOnlyDamagedByPlayer>false</IsOnlyDamagedByPlayer>
		<PositionRotation>
			<X>590.690186</X>
			<Y>127.189415</Y>
			<Z>98.0840149</Z>
			<Pitch>90</Pitch>
			<Roll>-50.5858421</Roll>
			<Yaw>0</Yaw>
		</PositionRotation>
		<Attachment isAttached="true">
			<AttachedTo>193883</AttachedTo>
			<BoneIndex>0</BoneIndex>
			<X>0.0200042576</X>
			<Y>-0.250000775</Y>
			<Z>0.460002571</Z>
			<Pitch>90.0190659</Pitch>
			<Roll>-50.5858459</Roll>
			<Yaw>20.5780602</Yaw>
		</Attachment>
	</Placement>
	<Placement>
		<ModelHash>0xf7004a7c</ModelHash>
		<Type>3</Type>
		<Dynamic>false</Dynamic>
		<FrozenPos>true</FrozenPos>
		<HashName>imp_prop_impexp_exhaust_03</HashName>
		<InitialHandle>688482</InitialHandle>
		<ObjectProperties>
			<TextureVariation>0</TextureVariation>
		</ObjectProperties>
		<OpacityLevel>255</OpacityLevel>
		<LodDistance>16960</LodDistance>
		<IsVisible>true</IsVisible>
		<MaxHealth>1000</MaxHealth>
		<Health>1000</Health>
		<HasGravity>true</HasGravity>
		<IsOnFire>false</IsOnFire>
		<IsInvincible>false</IsInvincible>
		<IsBulletProof>false</IsBulletProof>
		<IsCollisionProof>true</IsCollisionProof>
		<IsExplosionProof>false</IsExplosionProof>
		<IsFireProof>false</IsFireProof>
		<IsMeleeProof>false</IsMeleeProof>
		<IsOnlyDamagedByPlayer>false</IsOnlyDamagedByPlayer>
		<PositionRotation>
			<X>590.975464</X>
			<Y>129.143997</Y>
			<Z>98.4934235</Z>
			<Pitch>-18.0190678</Pitch>
			<Roll>64.0086136</Roll>
			<Yaw>-20.5729771</Yaw>
		</PositionRotation>
		<Attachment isAttached="true">
			<AttachedTo>193883</AttachedTo>
			<BoneIndex>0</BoneIndex>
			<X>-0.399978459</X>
			<Y>1.68000185</Y>
			<Z>0.86999613</Z>
			<Pitch>-18.0000038</Pitch>
			<Roll>64.0004044</Roll>
			<Yaw>0.00254249573</Yaw>
		</Attachment>
	</Placement>
	<Placement>
		<ModelHash>0x0c437502</ModelHash>
		<Type>3</Type>
		<Dynamic>false</Dynamic>
		<FrozenPos>true</FrozenPos>
		<HashName>imp_prop_impexp_exhaust_04</HashName>
		<InitialHandle>577643</InitialHandle>
		<ObjectProperties>
			<TextureVariation>0</TextureVariation>
		</ObjectProperties>
		<OpacityLevel>255</OpacityLevel>
		<LodDistance>16960</LodDistance>
		<IsVisible>true</IsVisible>
		<MaxHealth>1000</MaxHealth>
		<Health>1000</Health>
		<HasGravity>true</HasGravity>
		<IsOnFire>false</IsOnFire>
		<IsInvincible>false</IsInvincible>
		<IsBulletProof>false</IsBulletProof>
		<IsCollisionProof>true</IsCollisionProof>
		<IsExplosionProof>false</IsExplosionProof>
		<IsFireProof>false</IsFireProof>
		<IsMeleeProof>false</IsMeleeProof>
		<IsOnlyDamagedByPlayer>false</IsOnlyDamagedByPlayer>
		<PositionRotation>
			<X>589.334167</X>
			<Y>126.84938</Y>
			<Z>98.2004318</Z>
			<Pitch>-66.0215988</Pitch>
			<Roll>22.0084896</Roll>
			<Yaw>-33.5631714</Yaw>
		</PositionRotation>
		<Attachment isAttached="true">
			<AttachedTo>193883</AttachedTo>
			<BoneIndex>0</BoneIndex>
			<X>-1.12999141</X>
			<Y>-1.04499531</Y>
			<Z>0.575998425</Z>
			<Pitch>-66.0012817</Pitch>
			<Roll>22.0003357</Roll>
			<Yaw>-12.9925652</Yaw>
		</Attachment>
	</Placement>
	<Placement>
		<ModelHash>0xdf1c9a9d</ModelHash>
		<Type>3</Type>
		<Dynamic>false</Dynamic>
		<FrozenPos>true</FrozenPos>
		<HashName>imp_prop_impexp_exhaust_06</HashName>
		<InitialHandle>173933</InitialHandle>
		<ObjectProperties>
			<TextureVariation>0</TextureVariation>
		</ObjectProperties>
		<OpacityLevel>255</OpacityLevel>
		<LodDistance>16960</LodDistance>
		<IsVisible>true</IsVisible>
		<MaxHealth>1000</MaxHealth>
		<Health>1000</Health>
		<HasGravity>true</HasGravity>
		<IsOnFire>false</IsOnFire>
		<IsInvincible>false</IsInvincible>
		<IsBulletProof>false</IsBulletProof>
		<IsCollisionProof>true</IsCollisionProof>
		<IsExplosionProof>false</IsExplosionProof>
		<IsFireProof>false</IsFireProof>
		<IsMeleeProof>false</IsMeleeProof>
		<IsOnlyDamagedByPlayer>false</IsOnlyDamagedByPlayer>
		<PositionRotation>
			<X>590.769592</X>
			<Y>129.317093</Y>
			<Z>99.0713959</Z>
			<Pitch>-1.61478889</Pitch>
			<Roll>69.3418198</Roll>
			<Yaw>-13.0439587</Yaw>
		</PositionRotation>
		<Attachment isAttached="true">
			<AttachedTo>126056</AttachedTo>
			<BoneIndex>0</BoneIndex>
			<X>-0.0379999951</X>
			<Y>0.141000047</Y>
			<Z>0.330000013</Z>
			<Pitch>4.00000048</Pitch>
			<Roll>90.0000076</Roll>
			<Yaw>0</Yaw>
		</Attachment>
	</Placement>
	<Placement>
		<ModelHash>0xf312394f</ModelHash>
		<Type>3</Type>
		<Dynamic>false</Dynamic>
		<FrozenPos>true</FrozenPos>
		<HashName>lr_prop_carburettor_01</HashName>
		<InitialHandle>126056</InitialHandle>
		<ObjectProperties>
			<TextureVariation>0</TextureVariation>
		</ObjectProperties>
		<OpacityLevel>255</OpacityLevel>
		<LodDistance>16960</LodDistance>
		<IsVisible>true</IsVisible>
		<MaxHealth>1000</MaxHealth>
		<Health>1000</Health>
		<HasGravity>true</HasGravity>
		<IsOnFire>false</IsOnFire>
		<IsInvincible>false</IsInvincible>
		<IsBulletProof>false</IsBulletProof>
		<IsCollisionProof>true</IsCollisionProof>
		<IsExplosionProof>false</IsExplosionProof>
		<IsFireProof>false</IsFireProof>
		<IsMeleeProof>false</IsMeleeProof>
		<IsOnlyDamagedByPlayer>false</IsOnlyDamagedByPlayer>
		<PositionRotation>
			<X>590.875244</X>
			<Y>129.116409</Y>
			<Z>98.7907028</Z>
			<Pitch>-5.3567276</Pitch>
			<Roll>-20.7443466</Roll>
			<Yaw>-14.4603119</Yaw>
		</PositionRotation>
		<Attachment isAttached="true">
			<AttachedTo>688482</AttachedTo>
			<BoneIndex>0</BoneIndex>
			<X>-0.274000019</X>
			<Y>-0.150000051</Y>
			<Z>0.0400000028</Z>
			<Pitch>0</Pitch>
			<Roll>-86.0000076</Roll>
			<Yaw>14.0000019</Yaw>
		</Attachment>
	</Placement>
	<Placement>
		<ModelHash>0x1f5a3957</ModelHash>
		<Type>3</Type>
		<Dynamic>false</Dynamic>
		<FrozenPos>true</FrozenPos>
		<HashName>prop_fnclink_01gate1</HashName>
		<InitialHandle>730478</InitialHandle>
		<ObjectProperties>
			<TextureVariation>0</TextureVariation>
		</ObjectProperties>
		<OpacityLevel>255</OpacityLevel>
		<LodDistance>16960</LodDistance>
		<IsVisible>true</IsVisible>
		<MaxHealth>1000</MaxHealth>
		<Health>1000</Health>
		<HasGravity>true</HasGravity>
		<IsOnFire>false</IsOnFire>
		<IsInvincible>false</IsInvincible>
		<IsBulletProof>false</IsBulletProof>
		<IsCollisionProof>true</IsCollisionProof>
		<IsExplosionProof>false</IsExplosionProof>
		<IsFireProof>false</IsFireProof>
		<IsMeleeProof>false</IsMeleeProof>
		<IsOnlyDamagedByPlayer>false</IsOnlyDamagedByPlayer>
		<PositionRotation>
			<X>589.970154</X>
			<Y>125.157814</Y>
			<Z>97.9147263</Z>
			<Pitch>-21.0190601</Pitch>
			<Roll>90.0088959</Roll>
			<Yaw>-20.5720654</Yaw>
		</PositionRotation>
		<Attachment isAttached="true">
			<AttachedTo>193883</AttachedTo>
			<BoneIndex>0</BoneIndex>
			<X>0.0600114241</X>
			<Y>-2.4049964</Y>
			<Z>0.290002376</Z>
			<Pitch>-21.0000019</Pitch>
			<Roll>90.0005493</Roll>
			<Yaw>0.00299835205</Yaw>
		</Attachment>
	</Placement>
	<Placement>
		<ModelHash>0xaa00e4cf</ModelHash>
		<Type>3</Type>
		<Dynamic>false</Dynamic>
		<FrozenPos>true</FrozenPos>
		<HashName>prop_fncsec_01gate</HashName>
		<InitialHandle>613997</InitialHandle>
		<ObjectProperties>
			<TextureVariation>0</TextureVariation>
		</ObjectProperties>
		<OpacityLevel>255</OpacityLevel>
		<LodDistance>16960</LodDistance>
		<IsVisible>true</IsVisible>
		<MaxHealth>1000</MaxHealth>
		<Health>1000</Health>
		<HasGravity>true</HasGravity>
		<IsOnFire>false</IsOnFire>
		<IsInvincible>false</IsInvincible>
		<IsBulletProof>false</IsBulletProof>
		<IsCollisionProof>true</IsCollisionProof>
		<IsExplosionProof>false</IsExplosionProof>
		<IsFireProof>false</IsFireProof>
		<IsMeleeProof>false</IsMeleeProof>
		<IsOnlyDamagedByPlayer>false</IsOnlyDamagedByPlayer>
		<PositionRotation>
			<X>591.740417</X>
			<Y>128.27977</Y>
			<Z>97.8134689</Z>
			<Pitch>-90</Pitch>
			<Roll>20.570261</Roll>
			<Yaw>0</Yaw>
		</PositionRotation>
		<Attachment isAttached="true">
			<AttachedTo>193883</AttachedTo>
			<BoneIndex>0</BoneIndex>
			<X>0.620020688</X>
			<Y>1.14001191</Y>
			<Z>0.190000787</Z>
			<Pitch>-89.9809341</Pitch>
			<Roll>20.5702572</Roll>
			<Yaw>20.5780602</Yaw>
		</Attachment>
	</Placement>
	<Placement>
		<ModelHash>0xb685e324</ModelHash>
		<Type>3</Type>
		<Dynamic>false</Dynamic>
		<FrozenPos>true</FrozenPos>
		<HashName>prop_cs_bar</HashName>
		<InitialHandle>588649</InitialHandle>
		<ObjectProperties>
			<TextureVariation>0</TextureVariation>
		</ObjectProperties>
		<OpacityLevel>255</OpacityLevel>
		<LodDistance>16960</LodDistance>
		<IsVisible>true</IsVisible>
		<MaxHealth>1000</MaxHealth>
		<Health>1000</Health>
		<HasGravity>true</HasGravity>
		<IsOnFire>false</IsOnFire>
		<IsInvincible>false</IsInvincible>
		<IsBulletProof>false</IsBulletProof>
		<IsCollisionProof>true</IsCollisionProof>
		<IsExplosionProof>false</IsExplosionProof>
		<IsFireProof>false</IsFireProof>
		<IsMeleeProof>false</IsMeleeProof>
		<IsOnlyDamagedByPlayer>false</IsOnlyDamagedByPlayer>
		<PositionRotation>
			<X>590.813965</X>
			<Y>126.010979</Y>
			<Z>98.8942947</Z>
			<Pitch>47.9779282</Pitch>
			<Roll>-0.00429681828</Roll>
			<Yaw>-39.5806694</Yaw>
		</PositionRotation>
		<Attachment isAttached="true">
			<AttachedTo>193883</AttachedTo>
			<BoneIndex>0</BoneIndex>
			<X>0.549975991</X>
			<Y>-1.31000912</Y>
			<Z>1.27000189</Z>
			<Pitch>47.9984856</Pitch>
			<Roll>-0.00604850939</Roll>
			<Yaw>-19.0013084</Yaw>
		</Attachment>
	</Placement>
	<Placement>
		<ModelHash>0xb685e324</ModelHash>
		<Type>3</Type>
		<Dynamic>false</Dynamic>
		<FrozenPos>true</FrozenPos>
		<HashName>prop_cs_bar</HashName>
		<InitialHandle>517477</InitialHandle>
		<ObjectProperties>
			<TextureVariation>0</TextureVariation>
		</ObjectProperties>
		<OpacityLevel>255</OpacityLevel>
		<LodDistance>16960</LodDistance>
		<IsVisible>true</IsVisible>
		<MaxHealth>1000</MaxHealth>
		<Health>1000</Health>
		<HasGravity>true</HasGravity>
		<IsOnFire>false</IsOnFire>
		<IsInvincible>false</IsInvincible>
		<IsBulletProof>false</IsBulletProof>
		<IsCollisionProof>true</IsCollisionProof>
		<IsExplosionProof>false</IsExplosionProof>
		<IsFireProof>false</IsFireProof>
		<IsMeleeProof>false</IsMeleeProof>
		<IsOnlyDamagedByPlayer>false</IsOnlyDamagedByPlayer>
		<PositionRotation>
			<X>590.851196</X>
			<Y>126.050392</Y>
			<Z>98.8442688</Z>
			<Pitch>47.9779282</Pitch>
			<Roll>-0.00429681828</Roll>
			<Yaw>-39.5806694</Yaw>
		</PositionRotation>
		<Attachment isAttached="true">
			<AttachedTo>193883</AttachedTo>
			<BoneIndex>0</BoneIndex>
			<X>0.570985436</X>
			<Y>-1.26000762</Y>
			<Z>1.2199955</Z>
			<Pitch>47.9984856</Pitch>
			<Roll>-0.00604850939</Roll>
			<Yaw>-19.0013084</Yaw>
		</Attachment>
	</Placement>
	<Placement>
		<ModelHash>0xf2f47da7</ModelHash>
		<Type>3</Type>
		<Dynamic>false</Dynamic>
		<FrozenPos>true</FrozenPos>
		<HashName>w_lr_rpg</HashName>
		<InitialHandle>8559</InitialHandle>
		<ObjectProperties>
			<TextureVariation>0</TextureVariation>
		</ObjectProperties>
		<OpacityLevel>255</OpacityLevel>
		<LodDistance>16960</LodDistance>
		<IsVisible>true</IsVisible>
		<MaxHealth>1000</MaxHealth>
		<Health>1000</Health>
		<HasGravity>true</HasGravity>
		<IsOnFire>false</IsOnFire>
		<IsInvincible>false</IsInvincible>
		<IsBulletProof>false</IsBulletProof>
		<IsCollisionProof>true</IsCollisionProof>
		<IsExplosionProof>false</IsExplosionProof>
		<IsFireProof>false</IsFireProof>
		<IsMeleeProof>false</IsMeleeProof>
		<IsOnlyDamagedByPlayer>false</IsOnlyDamagedByPlayer>
		<PositionRotation>
			<X>592.374573</X>
			<Y>128.810837</Y>
			<Z>98.0641708</Z>
			<Pitch>66.0034561</Pitch>
			<Roll>179.898422</Roll>
			<Yaw>-110.492371</Yaw>
		</PositionRotation>
		<Attachment isAttached="true">
			<AttachedTo>193883</AttachedTo>
			<BoneIndex>0</BoneIndex>
			<X>1.02701783</X>
			<Y>1.86000514</Y>
			<Z>0.44099766</Z>
			<Pitch>66.0112534</Pitch>
			<Roll>179.945297</Roll>
			<Yaw>-89.9571533</Yaw>
		</Attachment>
	</Placement>
	<Placement>
		<ModelHash>0x9a3207b7</ModelHash>
		<Type>3</Type>
		<Dynamic>false</Dynamic>
		<FrozenPos>true</FrozenPos>
		<HashName>w_lr_rpg_rocket</HashName>
		<InitialHandle>481287</InitialHandle>
		<ObjectProperties>
			<TextureVariation>0</TextureVariation>
		</ObjectProperties>
		<OpacityLevel>255</OpacityLevel>
		<LodDistance>16960</LodDistance>
		<IsVisible>true</IsVisible>
		<MaxHealth>1000</MaxHealth>
		<Health>1000</Health>
		<HasGravity>true</HasGravity>
		<IsOnFire>false</IsOnFire>
		<IsInvincible>false</IsInvincible>
		<IsBulletProof>false</IsBulletProof>
		<IsCollisionProof>true</IsCollisionProof>
		<IsExplosionProof>false</IsExplosionProof>
		<IsFireProof>false</IsFireProof>
		<IsMeleeProof>false</IsMeleeProof>
		<IsOnlyDamagedByPlayer>false</IsOnlyDamagedByPlayer>
		<PositionRotation>
			<X>592.502869</X>
			<Y>129.069229</Y>
			<Z>98.0509491</Z>
			<Pitch>-0.0413017273</Pitch>
			<Roll>113.996529</Roll>
			<Yaw>-20.5851784</Yaw>
		</PositionRotation>
		<Attachment isAttached="true">
			<AttachedTo>8559</AttachedTo>
			<BoneIndex>0</BoneIndex>
			<X>0.286999971</X>
			<Y>0</Y>
			<Z>0.0320000052</Z>
			<Pitch>0</Pitch>
			<Roll>0</Roll>
			<Yaw>-90.0000076</Yaw>
		</Attachment>
	</Placement>
	<Placement>
		<ModelHash>0xc17c1428</ModelHash>
		<Type>3</Type>
		<Dynamic>false</Dynamic>
		<FrozenPos>true</FrozenPos>
		<HashName>prop_rub_tyre_01</HashName>
		<InitialHandle>490247</InitialHandle>
		<ObjectProperties>
			<TextureVariation>0</TextureVariation>
		</ObjectProperties>
		<OpacityLevel>255</OpacityLevel>
		<LodDistance>16960</LodDistance>
		<IsVisible>true</IsVisible>
		<MaxHealth>1000</MaxHealth>
		<Health>1000</Health>
		<HasGravity>true</HasGravity>
		<IsOnFire>false</IsOnFire>
		<IsInvincible>false</IsInvincible>
		<IsBulletProof>false</IsBulletProof>
		<IsCollisionProof>true</IsCollisionProof>
		<IsExplosionProof>false</IsExplosionProof>
		<IsFireProof>false</IsFireProof>
		<IsMeleeProof>false</IsMeleeProof>
		<IsOnlyDamagedByPlayer>false</IsOnlyDamagedByPlayer>
		<PositionRotation>
			<X>591.833862</X>
			<Y>127.597542</Y>
			<Z>97.9983597</Z>
			<Pitch>0.0556812957</Pitch>
			<Roll>0.0514455959</Roll>
			<Yaw>69.4218826</Yaw>
		</PositionRotation>
		<Attachment isAttached="true">
			<AttachedTo>193883</AttachedTo>
			<BoneIndex>0</BoneIndex>
			<X>0.947269678</X>
			<Y>0.534096777</Y>
			<Z>0.374734521</Z>
			<Pitch>0.0478790812</Pitch>
			<Roll>0.0323827676</Roll>
			<Yaw>89.9999695</Yaw>
		</Attachment>
	</Placement>
	<Placement>
		<ModelHash>0x59df96b5</ModelHash>
		<Type>3</Type>
		<Dynamic>false</Dynamic>
		<FrozenPos>true</FrozenPos>
		<HashName>prop_ld_rubble_04</HashName>
		<InitialHandle>488199</InitialHandle>
		<ObjectProperties>
			<TextureVariation>0</TextureVariation>
		</ObjectProperties>
		<OpacityLevel>255</OpacityLevel>
		<LodDistance>16960</LodDistance>
		<IsVisible>true</IsVisible>
		<MaxHealth>1000</MaxHealth>
		<Health>1000</Health>
		<HasGravity>true</HasGravity>
		<IsOnFire>false</IsOnFire>
		<IsInvincible>false</IsInvincible>
		<IsBulletProof>false</IsBulletProof>
		<IsCollisionProof>true</IsCollisionProof>
		<IsExplosionProof>false</IsExplosionProof>
		<IsFireProof>false</IsFireProof>
		<IsMeleeProof>false</IsMeleeProof>
		<IsOnlyDamagedByPlayer>false</IsOnlyDamagedByPlayer>
		<PositionRotation>
			<X>590.213013</X>
			<Y>128.052231</Y>
			<Z>98.2238998</Z>
			<Pitch>-90</Pitch>
			<Roll>-69.4297256</Roll>
			<Yaw>0</Yaw>
		</PositionRotation>
		<Attachment isAttached="true">
			<AttachedTo>193883</AttachedTo>
			<BoneIndex>0</BoneIndex>
			<X>-0.730006576</X>
			<Y>0.389997602</Y>
			<Z>0.599998295</Z>
			<Pitch>-89.9809341</Pitch>
			<Roll>-69.4297333</Roll>
			<Yaw>20.5780602</Yaw>
		</Attachment>
	</Placement>
	<Placement>
		<ModelHash>0xdb8f1a1a</ModelHash>
		<Type>3</Type>
		<Dynamic>false</Dynamic>
		<FrozenPos>true</FrozenPos>
		<HashName>prop_ld_rubble_03</HashName>
		<InitialHandle>43365</InitialHandle>
		<ObjectProperties>
			<TextureVariation>0</TextureVariation>
		</ObjectProperties>
		<OpacityLevel>255</OpacityLevel>
		<LodDistance>16960</LodDistance>
		<IsVisible>true</IsVisible>
		<MaxHealth>1000</MaxHealth>
		<Health>1000</Health>
		<HasGravity>true</HasGravity>
		<IsOnFire>false</IsOnFire>
		<IsInvincible>false</IsInvincible>
		<IsBulletProof>false</IsBulletProof>
		<IsCollisionProof>true</IsCollisionProof>
		<IsExplosionProof>false</IsExplosionProof>
		<IsFireProof>false</IsFireProof>
		<IsMeleeProof>false</IsMeleeProof>
		<IsOnlyDamagedByPlayer>false</IsOnlyDamagedByPlayer>
		<PositionRotation>
			<X>590.350098</X>
			<Y>128.417343</Y>
			<Z>98.2237701</Z>
			<Pitch>-90</Pitch>
			<Roll>-69.429718</Roll>
			<Yaw>0</Yaw>
		</PositionRotation>
		<Attachment isAttached="true">
			<AttachedTo>193883</AttachedTo>
			<BoneIndex>0</BoneIndex>
			<X>-0.729999185</X>
			<Y>0.779996634</Y>
			<Z>0.599998355</Z>
			<Pitch>-89.9809341</Pitch>
			<Roll>-69.4297256</Roll>
			<Yaw>20.5780602</Yaw>
		</Attachment>
	</Placement>
	<Placement>
		<ModelHash>0x6e883264</ModelHash>
		<Type>3</Type>
		<Dynamic>false</Dynamic>
		<FrozenPos>true</FrozenPos>
		<HashName>prop_rub_trainers_01b</HashName>
		<InitialHandle>370440</InitialHandle>
		<ObjectProperties>
			<TextureVariation>0</TextureVariation>
		</ObjectProperties>
		<OpacityLevel>255</OpacityLevel>
		<LodDistance>16960</LodDistance>
		<IsVisible>true</IsVisible>
		<MaxHealth>1000</MaxHealth>
		<Health>1000</Health>
		<HasGravity>true</HasGravity>
		<IsOnFire>false</IsOnFire>
		<IsInvincible>false</IsInvincible>
		<IsBulletProof>false</IsBulletProof>
		<IsCollisionProof>true</IsCollisionProof>
		<IsExplosionProof>false</IsExplosionProof>
		<IsFireProof>false</IsFireProof>
		<IsMeleeProof>false</IsMeleeProof>
		<IsOnlyDamagedByPlayer>false</IsOnlyDamagedByPlayer>
		<PositionRotation>
			<X>592.440796</X>
			<Y>130.1745</Y>
			<Z>97.7964249</Z>
			<Pitch>-0.00120673608</Pitch>
			<Roll>0.0145029733</Roll>
			<Yaw>-20.5702629</Yaw>
		</PositionRotation>
		<Attachment isAttached="true">
			<AttachedTo>613997</AttachedTo>
			<BoneIndex>0</BoneIndex>
			<X>-0.0100000016</X>
			<Y>0.0170014389</Y>
			<Z>2.02000022</Z>
			<Pitch>90.0000076</Pitch>
			<Roll>0</Roll>
			<Yaw>0</Yaw>
		</Attachment>
	</Placement>
	<Placement>
		<ModelHash>0x46a578b5</ModelHash>
		<Type>3</Type>
		<Dynamic>false</Dynamic>
		<FrozenPos>true</FrozenPos>
		<HashName>prop_ld_rope_t</HashName>
		<InitialHandle>591207</InitialHandle>
		<ObjectProperties>
			<TextureVariation>0</TextureVariation>
		</ObjectProperties>
		<OpacityLevel>255</OpacityLevel>
		<LodDistance>16960</LodDistance>
		<IsVisible>true</IsVisible>
		<MaxHealth>1000</MaxHealth>
		<Health>1000</Health>
		<HasGravity>true</HasGravity>
		<IsOnFire>false</IsOnFire>
		<IsInvincible>false</IsInvincible>
		<IsBulletProof>false</IsBulletProof>
		<IsCollisionProof>true</IsCollisionProof>
		<IsExplosionProof>false</IsExplosionProof>
		<IsFireProof>false</IsFireProof>
		<IsMeleeProof>false</IsMeleeProof>
		<IsOnlyDamagedByPlayer>false</IsOnlyDamagedByPlayer>
		<PositionRotation>
			<X>589.419006</X>
			<Y>126.876274</Y>
			<Z>98.2294083</Z>
			<Pitch>-48.9401398</Pitch>
			<Roll>-179.999313</Roll>
			<Yaw>129.428268</Yaw>
		</PositionRotation>
		<Attachment isAttached="true">
			<AttachedTo>193883</AttachedTo>
			<BoneIndex>0</BoneIndex>
			<X>-1.06002235</X>
			<Y>-0.990007877</Y>
			<Z>0.605002642</Z>
			<Pitch>-48.9605446</Pitch>
			<Roll>-180.00354</Roll>
			<Yaw>150.003159</Yaw>
		</Attachment>
	</Placement>
	<Placement>
		<ModelHash>0xe60466f4</ModelHash>
		<Type>3</Type>
		<Dynamic>false</Dynamic>
		<FrozenPos>true</FrozenPos>
		<HashName>prop_tv_05</HashName>
		<InitialHandle>621418</InitialHandle>
		<ObjectProperties>
			<TextureVariation>0</TextureVariation>
		</ObjectProperties>
		<OpacityLevel>255</OpacityLevel>
		<LodDistance>16960</LodDistance>
		<IsVisible>true</IsVisible>
		<MaxHealth>1000</MaxHealth>
		<Health>1000</Health>
		<HasGravity>true</HasGravity>
		<IsOnFire>false</IsOnFire>
		<IsInvincible>false</IsInvincible>
		<IsBulletProof>false</IsBulletProof>
		<IsCollisionProof>true</IsCollisionProof>
		<IsExplosionProof>false</IsExplosionProof>
		<IsFireProof>false</IsFireProof>
		<IsMeleeProof>false</IsMeleeProof>
		<IsOnlyDamagedByPlayer>false</IsOnlyDamagedByPlayer>
		<PositionRotation>
			<X>591.10791</X>
			<Y>127.107269</Y>
			<Z>97.8629303</Z>
			<Pitch>0.0542780012</Pitch>
			<Roll>-0.0291787572</Roll>
			<Yaw>168.421921</Yaw>
		</PositionRotation>
		<Attachment isAttached="true">
			<AttachedTo>193883</AttachedTo>
			<BoneIndex>0</BoneIndex>
			<X>0.43997854</X>
			<Y>-0.180008352</Y>
			<Z>0.238998458</Z>
			<Pitch>0.0366704091</Pitch>
			<Roll>-0.0184905007</Roll>
			<Yaw>188.999985</Yaw>
		</Attachment>
	</Placement>
	<Placement>
		<ModelHash>0xd1db5101</ModelHash>
		<Type>3</Type>
		<Dynamic>false</Dynamic>
		<FrozenPos>true</FrozenPos>
		<HashName>prop_bumper_05</HashName>
		<InitialHandle>454760</InitialHandle>
		<ObjectProperties>
			<TextureVariation>0</TextureVariation>
		</ObjectProperties>
		<OpacityLevel>255</OpacityLevel>
		<LodDistance>16960</LodDistance>
		<IsVisible>true</IsVisible>
		<MaxHealth>1000</MaxHealth>
		<Health>1000</Health>
		<HasGravity>true</HasGravity>
		<IsOnFire>false</IsOnFire>
		<IsInvincible>false</IsInvincible>
		<IsBulletProof>false</IsBulletProof>
		<IsCollisionProof>true</IsCollisionProof>
		<IsExplosionProof>false</IsExplosionProof>
		<IsFireProof>false</IsFireProof>
		<IsMeleeProof>false</IsMeleeProof>
		<IsOnlyDamagedByPlayer>false</IsOnlyDamagedByPlayer>
		<PositionRotation>
			<X>591.602295</X>
			<Y>129.562103</Y>
			<Z>97.7661667</Z>
			<Pitch>43.0571671</Pitch>
			<Roll>6.97084618</Roll>
			<Yaw>159.436478</Yaw>
		</PositionRotation>
		<Attachment isAttached="true">
			<AttachedTo>193883</AttachedTo>
			<BoneIndex>0</BoneIndex>
			<X>0.0399988927</X>
			<Y>2.29199314</Y>
			<Z>0.143002823</Z>
			<Pitch>43.0381165</Pitch>
			<Roll>6.98152828</Roll>
			<Yaw>180.007263</Yaw>
		</Attachment>
	</Placement>
	<Placement>
		<ModelHash>0xcc302825</ModelHash>
		<Type>3</Type>
		<Dynamic>false</Dynamic>
		<FrozenPos>true</FrozenPos>
		<HashName>prop_wall_vent_05</HashName>
		<InitialHandle>548921</InitialHandle>
		<ObjectProperties>
			<TextureVariation>0</TextureVariation>
		</ObjectProperties>
		<OpacityLevel>255</OpacityLevel>
		<LodDistance>16960</LodDistance>
		<IsVisible>true</IsVisible>
		<MaxHealth>1000</MaxHealth>
		<Health>1000</Health>
		<HasGravity>true</HasGravity>
		<IsOnFire>false</IsOnFire>
		<IsInvincible>false</IsInvincible>
		<IsBulletProof>false</IsBulletProof>
		<IsCollisionProof>true</IsCollisionProof>
		<IsExplosionProof>false</IsExplosionProof>
		<IsFireProof>false</IsFireProof>
		<IsMeleeProof>false</IsMeleeProof>
		<IsOnlyDamagedByPlayer>false</IsOnlyDamagedByPlayer>
		<PositionRotation>
			<X>591.647888</X>
			<Y>129.569626</Y>
			<Z>97.9531479</Z>
			<Pitch>-45.9428329</Pitch>
			<Roll>-0.0302477684</Roll>
			<Yaw>159.405807</Yaw>
		</PositionRotation>
		<Attachment isAttached="true">
			<AttachedTo>193883</AttachedTo>
			<BoneIndex>0</BoneIndex>
			<X>0.0800135061</X>
			<Y>2.31499863</Y>
			<Z>0.329997122</Z>
			<Pitch>-45.9618912</Pitch>
			<Roll>-0.0190307051</Roll>
			<Yaw>179.991943</Yaw>
		</Attachment>
	</Placement>
	<Placement>
		<ModelHash>0x36dac2c6</ModelHash>
		<Type>3</Type>
		<Dynamic>false</Dynamic>
		<FrozenPos>true</FrozenPos>
		<HashName>prop_gascyl_ramp_door_01</HashName>
		<InitialHandle>304750</InitialHandle>
		<ObjectProperties>
			<TextureVariation>0</TextureVariation>
		</ObjectProperties>
		<OpacityLevel>255</OpacityLevel>
		<LodDistance>16960</LodDistance>
		<IsVisible>true</IsVisible>
		<MaxHealth>1000</MaxHealth>
		<Health>1000</Health>
		<HasGravity>true</HasGravity>
		<IsOnFire>false</IsOnFire>
		<IsInvincible>false</IsInvincible>
		<IsBulletProof>false</IsBulletProof>
		<IsCollisionProof>true</IsCollisionProof>
		<IsExplosionProof>false</IsExplosionProof>
		<IsFireProof>false</IsFireProof>
		<IsMeleeProof>false</IsMeleeProof>
		<IsOnlyDamagedByPlayer>false</IsOnlyDamagedByPlayer>
		<PositionRotation>
			<X>591.661926</X>
			<Y>129.834625</Y>
			<Z>98.0130768</Z>
			<Pitch>-32.0190697</Pitch>
			<Roll>0.0106022898</Roll>
			<Yaw>-20.5683079</Yaw>
		</PositionRotation>
		<Attachment isAttached="true">
			<AttachedTo>193883</AttachedTo>
			<BoneIndex>0</BoneIndex>
			<X>4.88443766e-06</X>
			<Y>2.56800365</Y>
			<Z>0.38999933</Z>
			<Pitch>-32.0000076</Pitch>
			<Roll>0.00139836688</Roll>
			<Yaw>0.00487518311</Yaw>
		</Attachment>
	</Placement>
	<Placement>
		<ModelHash>0x1108971f</ModelHash>
		<Type>3</Type>
		<Dynamic>false</Dynamic>
		<FrozenPos>true</FrozenPos>
		<HashName>p_gaffer_tape_strip_s</HashName>
		<InitialHandle>647530</InitialHandle>
		<ObjectProperties>
			<TextureVariation>0</TextureVariation>
		</ObjectProperties>
		<OpacityLevel>255</OpacityLevel>
		<LodDistance>16960</LodDistance>
		<IsVisible>true</IsVisible>
		<MaxHealth>1000</MaxHealth>
		<Health>1000</Health>
		<HasGravity>true</HasGravity>
		<IsOnFire>false</IsOnFire>
		<IsInvincible>false</IsInvincible>
		<IsBulletProof>false</IsBulletProof>
		<IsCollisionProof>true</IsCollisionProof>
		<IsExplosionProof>false</IsExplosionProof>
		<IsFireProof>false</IsFireProof>
		<IsMeleeProof>false</IsMeleeProof>
		<IsOnlyDamagedByPlayer>false</IsOnlyDamagedByPlayer>
		<PositionRotation>
			<X>591.884888</X>
			<Y>129.432648</Y>
			<Z>98.1131287</Z>
			<Pitch>-90</Pitch>
			<Roll>110.570236</Roll>
			<Yaw>0</Yaw>
		</PositionRotation>
		<Attachment isAttached="true">
			<AttachedTo>193883</AttachedTo>
			<BoneIndex>0</BoneIndex>
			<X>0.350014776</X>
			<Y>2.27000833</Y>
			<Z>0.489999712</Z>
			<Pitch>-89.9809341</Pitch>
			<Roll>110.570244</Roll>
			<Yaw>20.5780602</Yaw>
		</Attachment>
	</Placement>
	<Placement>
		<ModelHash>0x2d7b68fb</ModelHash>
		<Type>3</Type>
		<Dynamic>false</Dynamic>
		<FrozenPos>true</FrozenPos>
		<HashName>p_stinger_piece_02</HashName>
		<InitialHandle>240232</InitialHandle>
		<ObjectProperties>
			<TextureVariation>0</TextureVariation>
		</ObjectProperties>
		<OpacityLevel>255</OpacityLevel>
		<LodDistance>16960</LodDistance>
		<IsVisible>true</IsVisible>
		<MaxHealth>1000</MaxHealth>
		<Health>1000</Health>
		<HasGravity>true</HasGravity>
		<IsOnFire>false</IsOnFire>
		<IsInvincible>false</IsInvincible>
		<IsBulletProof>false</IsBulletProof>
		<IsCollisionProof>false</IsCollisionProof>
		<IsExplosionProof>false</IsExplosionProof>
		<IsFireProof>false</IsFireProof>
		<IsMeleeProof>false</IsMeleeProof>
		<IsOnlyDamagedByPlayer>false</IsOnlyDamagedByPlayer>
		<PositionRotation>
			<X>591.93634</X>
			<Y>129.562897</Y>
			<Z>98.2370834</Z>
			<Pitch>-10.0190592</Pitch>
			<Roll>90.0080261</Roll>
			<Yaw>-20.5752945</Yaw>
		</PositionRotation>
		<Attachment isAttached="true">
			<AttachedTo>193883</AttachedTo>
			<BoneIndex>0</BoneIndex>
			<X>0.352387249</X>
			<Y>2.40999031</Y>
			<Z>0.614001393</Z>
			<Pitch>-9.99999809</Pitch>
			<Roll>90.0000992</Roll>
			<Yaw>0.00138473511</Yaw>
		</Attachment>
	</Placement>
	<Placement>
		<ModelHash>0x9684d59f</ModelHash>
		<Type>3</Type>
		<Dynamic>false</Dynamic>
		<FrozenPos>true</FrozenPos>
		<HashName>prop_fncwood_13c</HashName>
		<InitialHandle>400135</InitialHandle>
		<ObjectProperties>
			<TextureVariation>0</TextureVariation>
		</ObjectProperties>
		<OpacityLevel>255</OpacityLevel>
		<LodDistance>16960</LodDistance>
		<IsVisible>true</IsVisible>
		<MaxHealth>1000</MaxHealth>
		<Health>1000</Health>
		<HasGravity>true</HasGravity>
		<IsOnFire>false</IsOnFire>
		<IsInvincible>false</IsInvincible>
		<IsBulletProof>false</IsBulletProof>
		<IsCollisionProof>false</IsCollisionProof>
		<IsExplosionProof>false</IsExplosionProof>
		<IsFireProof>false</IsFireProof>
		<IsMeleeProof>false</IsMeleeProof>
		<IsOnlyDamagedByPlayer>false</IsOnlyDamagedByPlayer>
		<PositionRotation>
			<X>591.62915</X>
			<Y>127.706528</Y>
			<Z>98.200386</Z>
			<Pitch>-0.0190628264</Pitch>
			<Roll>90.0077591</Roll>
			<Yaw>-20.5780582</Yaw>
		</PositionRotation>
		<Attachment isAttached="true">
			<AttachedTo>193883</AttachedTo>
			<BoneIndex>0</BoneIndex>
			<X>0.717285335</X>
			<Y>0.564108729</Y>
			<Z>0.57673955</Z>
			<Pitch>-1.86264515e-09</Pitch>
			<Roll>89.9999619</Roll>
			<Yaw>1.90734863e-06</Yaw>
		</Attachment>
	</Placement>
	<Placement>
		<ModelHash>0x1108971f</ModelHash>
		<Type>3</Type>
		<Dynamic>false</Dynamic>
		<FrozenPos>true</FrozenPos>
		<HashName>p_gaffer_tape_strip_s</HashName>
		<InitialHandle>708973</InitialHandle>
		<ObjectProperties>
			<TextureVariation>0</TextureVariation>
		</ObjectProperties>
		<OpacityLevel>255</OpacityLevel>
		<LodDistance>16960</LodDistance>
		<IsVisible>true</IsVisible>
		<MaxHealth>1000</MaxHealth>
		<Health>1000</Health>
		<HasGravity>true</HasGravity>
		<IsOnFire>false</IsOnFire>
		<IsInvincible>false</IsInvincible>
		<IsBulletProof>false</IsBulletProof>
		<IsCollisionProof>true</IsCollisionProof>
		<IsExplosionProof>false</IsExplosionProof>
		<IsFireProof>false</IsFireProof>
		<IsMeleeProof>false</IsMeleeProof>
		<IsOnlyDamagedByPlayer>false</IsOnlyDamagedByPlayer>
		<PositionRotation>
			<X>591.891907</X>
			<Y>129.451355</Y>
			<Z>98.0731201</Z>
			<Pitch>85.9812546</Pitch>
			<Roll>90.2142029</Roll>
			<Yaw>-20.7995262</Yaw>
		</PositionRotation>
		<Attachment isAttached="true">
			<AttachedTo>193883</AttachedTo>
			<BoneIndex>0</BoneIndex>
			<X>0.350016236</X>
			<Y>2.29000258</Y>
			<Z>0.449997842</Z>
			<Pitch>86.0003204</Pitch>
			<Roll>90.103508</Roll>
			<Yaw>-0.111034393</Yaw>
		</Attachment>
	</Placement>
	<Placement>
		<ModelHash>0xb685e324</ModelHash>
		<Type>3</Type>
		<Dynamic>false</Dynamic>
		<FrozenPos>true</FrozenPos>
		<HashName>prop_cs_bar</HashName>
		<InitialHandle>621675</InitialHandle>
		<ObjectProperties>
			<TextureVariation>0</TextureVariation>
		</ObjectProperties>
		<OpacityLevel>255</OpacityLevel>
		<LodDistance>16960</LodDistance>
		<IsVisible>true</IsVisible>
		<MaxHealth>1000</MaxHealth>
		<Health>1000</Health>
		<HasGravity>true</HasGravity>
		<IsOnFire>false</IsOnFire>
		<IsInvincible>false</IsInvincible>
		<IsBulletProof>false</IsBulletProof>
		<IsCollisionProof>true</IsCollisionProof>
		<IsExplosionProof>false</IsExplosionProof>
		<IsFireProof>false</IsFireProof>
		<IsMeleeProof>false</IsMeleeProof>
		<IsOnlyDamagedByPlayer>false</IsOnlyDamagedByPlayer>
		<PositionRotation>
			<X>591.349609</X>
			<Y>125.531822</Y>
			<Z>97.9262848</Z>
			<Pitch>-0.0190604962</Pitch>
			<Roll>-60.9921799</Roll>
			<Yaw>-20.5780487</Yaw>
		</PositionRotation>
		<Attachment isAttached="true">
			<AttachedTo>193883</AttachedTo>
			<BoneIndex>0</BoneIndex>
			<X>1.21999061</X>
			<Y>-1.57000053</Y>
			<Z>0.301996678</Z>
			<Pitch>1.47521496e-06</Pitch>
			<Roll>-60.9999886</Roll>
			<Yaw>7.62939453e-06</Yaw>
		</Attachment>
	</Placement>
	<Placement>
		<ModelHash>0xb685e324</ModelHash>
		<Type>3</Type>
		<Dynamic>false</Dynamic>
		<FrozenPos>true</FrozenPos>
		<HashName>prop_cs_bar</HashName>
		<InitialHandle>264559</InitialHandle>
		<ObjectProperties>
			<TextureVariation>0</TextureVariation>
		</ObjectProperties>
		<OpacityLevel>255</OpacityLevel>
		<LodDistance>16960</LodDistance>
		<IsVisible>true</IsVisible>
		<MaxHealth>1000</MaxHealth>
		<Health>1000</Health>
		<HasGravity>true</HasGravity>
		<IsOnFire>false</IsOnFire>
		<IsInvincible>false</IsInvincible>
		<IsBulletProof>false</IsBulletProof>
		<IsCollisionProof>true</IsCollisionProof>
		<IsExplosionProof>false</IsExplosionProof>
		<IsFireProof>false</IsFireProof>
		<IsMeleeProof>false</IsMeleeProof>
		<IsOnlyDamagedByPlayer>false</IsOnlyDamagedByPlayer>
		<PositionRotation>
			<X>591.597351</X>
			<Y>126.020943</Y>
			<Z>97.8760986</Z>
			<Pitch>-0.0190604962</Pitch>
			<Roll>-60.9921799</Roll>
			<Yaw>-20.5780487</Yaw>
		</PositionRotation>
		<Attachment isAttached="true">
			<AttachedTo>193883</AttachedTo>
			<BoneIndex>0</BoneIndex>
			<X>1.28001404</X>
			<Y>-1.02499509</Y>
			<Z>0.252000034</Z>
			<Pitch>1.47521496e-06</Pitch>
			<Roll>-60.9999886</Roll>
			<Yaw>7.62939453e-06</Yaw>
		</Attachment>
	</Placement>
	<Placement>
		<ModelHash>0xafb678fe</ModelHash>
		<Type>3</Type>
		<Dynamic>false</Dynamic>
		<FrozenPos>true</FrozenPos>
		<HashName>bkr_prop_biker_safedoor_01a</HashName>
		<InitialHandle>117864</InitialHandle>
		<ObjectProperties>
			<TextureVariation>0</TextureVariation>
		</ObjectProperties>
		<OpacityLevel>255</OpacityLevel>
		<LodDistance>16960</LodDistance>
		<IsVisible>true</IsVisible>
		<MaxHealth>1000</MaxHealth>
		<Health>1000</Health>
		<HasGravity>true</HasGravity>
		<IsOnFire>false</IsOnFire>
		<IsInvincible>false</IsInvincible>
		<IsBulletProof>false</IsBulletProof>
		<IsCollisionProof>true</IsCollisionProof>
		<IsExplosionProof>false</IsExplosionProof>
		<IsFireProof>false</IsFireProof>
		<IsMeleeProof>false</IsMeleeProof>
		<IsOnlyDamagedByPlayer>false</IsOnlyDamagedByPlayer>
		<PositionRotation>
			<X>590.054382</X>
			<Y>128.133224</Y>
			<Z>98.4439163</Z>
			<Pitch>0.00345532852</Pitch>
			<Roll>-86.0459137</Roll>
			<Yaw>-110.578049</Yaw>
		</PositionRotation>
		<Attachment isAttached="true">
			<AttachedTo>193883</AttachedTo>
			<BoneIndex>0</BoneIndex>
			<X>-0.907013178</X>
			<Y>0.409994245</Y>
			<Z>0.81999737</Z>
			<Pitch>0.0112623218</Pitch>
			<Roll>-86.0268707</Roll>
			<Yaw>-90</Yaw>
		</Attachment>
	</Placement>
	<Placement>
		<ModelHash>0x1108971f</ModelHash>
		<Type>3</Type>
		<Dynamic>false</Dynamic>
		<FrozenPos>true</FrozenPos>
		<HashName>p_gaffer_tape_strip_s</HashName>
		<InitialHandle>627047</InitialHandle>
		<ObjectProperties>
			<TextureVariation>0</TextureVariation>
		</ObjectProperties>
		<OpacityLevel>255</OpacityLevel>
		<LodDistance>16960</LodDistance>
		<IsVisible>true</IsVisible>
		<MaxHealth>1000</MaxHealth>
		<Health>1000</Health>
		<HasGravity>true</HasGravity>
		<IsOnFire>false</IsOnFire>
		<IsInvincible>false</IsInvincible>
		<IsBulletProof>false</IsBulletProof>
		<IsCollisionProof>true</IsCollisionProof>
		<IsExplosionProof>false</IsExplosionProof>
		<IsFireProof>false</IsFireProof>
		<IsMeleeProof>false</IsMeleeProof>
		<IsOnlyDamagedByPlayer>false</IsOnlyDamagedByPlayer>
		<PositionRotation>
			<X>591.343323</X>
			<Y>129.500595</Y>
			<Z>98.2849274</Z>
			<Pitch>-3.0571692</Pitch>
			<Roll>90.0210495</Roll>
			<Yaw>-20.5713158</Yaw>
		</PositionRotation>
		<Attachment isAttached="true">
			<AttachedTo>548921</AttachedTo>
			<BoneIndex>0</BoneIndex>
			<X>0.261000186</X>
			<Y>-0.118999988</Y>
			<Z>0.354000211</Z>
			<Pitch>-131</Pitch>
			<Roll>-90.0000076</Roll>
			<Yaw>0</Yaw>
		</Attachment>
	</Placement>
	<Placement>
		<ModelHash>0xe8147d73</ModelHash>
		<Type>3</Type>
		<Dynamic>false</Dynamic>
		<FrozenPos>true</FrozenPos>
		<HashName>prop_bumper_06</HashName>
		<InitialHandle>546412</InitialHandle>
		<ObjectProperties>
			<TextureVariation>0</TextureVariation>
		</ObjectProperties>
		<OpacityLevel>255</OpacityLevel>
		<LodDistance>16960</LodDistance>
		<IsVisible>true</IsVisible>
		<MaxHealth>1000</MaxHealth>
		<Health>1000</Health>
		<HasGravity>true</HasGravity>
		<IsOnFire>false</IsOnFire>
		<IsInvincible>false</IsInvincible>
		<IsBulletProof>false</IsBulletProof>
		<IsCollisionProof>true</IsCollisionProof>
		<IsExplosionProof>false</IsExplosionProof>
		<IsFireProof>false</IsFireProof>
		<IsMeleeProof>false</IsMeleeProof>
		<IsOnlyDamagedByPlayer>false</IsOnlyDamagedByPlayer>
		<PositionRotation>
			<X>589.927795</X>
			<Y>127.690666</Y>
			<Z>97.8308182</Z>
			<Pitch>1.00107062</Pitch>
			<Roll>-34.0453033</Roll>
			<Yaw>-110.647011</Yaw>
		</PositionRotation>
		<Attachment isAttached="true">
			<AttachedTo>117864</AttachedTo>
			<BoneIndex>0</BoneIndex>
			<X>-0.579999804</X>
			<Y>0.0370000117</Y>
			<Z>-0.499999881</Z>
			<Pitch>0</Pitch>
			<Roll>52.0000076</Roll>
			<Yaw>-0.999999404</Yaw>
		</Attachment>
	</Placement>
	<Placement>
		<ModelHash>0x0c9fcd09</ModelHash>
		<Type>3</Type>
		<Dynamic>false</Dynamic>
		<FrozenPos>true</FrozenPos>
		<HashName>prop_rub_carpart_02</HashName>
		<InitialHandle>357383</InitialHandle>
		<ObjectProperties>
			<TextureVariation>0</TextureVariation>
		</ObjectProperties>
		<OpacityLevel>255</OpacityLevel>
		<LodDistance>16960</LodDistance>
		<IsVisible>true</IsVisible>
		<MaxHealth>1000</MaxHealth>
		<Health>1000</Health>
		<HasGravity>true</HasGravity>
		<IsOnFire>false</IsOnFire>
		<IsInvincible>false</IsInvincible>
		<IsBulletProof>false</IsBulletProof>
		<IsCollisionProof>true</IsCollisionProof>
		<IsExplosionProof>false</IsExplosionProof>
		<IsFireProof>false</IsFireProof>
		<IsMeleeProof>false</IsMeleeProof>
		<IsOnlyDamagedByPlayer>false</IsOnlyDamagedByPlayer>
		<PositionRotation>
			<X>591.237488</X>
			<Y>125.830322</Y>
			<Z>98.0425873</Z>
			<Pitch>60.9279327</Pitch>
			<Roll>176.35939</Roll>
			<Yaw>-106.424973</Yaw>
		</PositionRotation>
		<Attachment isAttached="true">
			<AttachedTo>621675</AttachedTo>
			<BoneIndex>0</BoneIndex>
			<X>0</X>
			<Y>0.240000084</Y>
			<Z>0.240000084</Z>
			<Pitch>0</Pitch>
			<Roll>179.999985</Roll>
			<Yaw>-88.0000076</Yaw>
		</Attachment>
	</Placement>
	<Placement>
		<ModelHash>0xb685e324</ModelHash>
		<Type>3</Type>
		<Dynamic>false</Dynamic>
		<FrozenPos>true</FrozenPos>
		<HashName>prop_cs_bar</HashName>
		<InitialHandle>700266</InitialHandle>
		<ObjectProperties>
			<TextureVariation>0</TextureVariation>
		</ObjectProperties>
		<OpacityLevel>255</OpacityLevel>
		<LodDistance>16960</LodDistance>
		<IsVisible>true</IsVisible>
		<MaxHealth>1000</MaxHealth>
		<Health>1000</Health>
		<HasGravity>true</HasGravity>
		<IsOnFire>false</IsOnFire>
		<IsInvincible>false</IsInvincible>
		<IsBulletProof>false</IsBulletProof>
		<IsCollisionProof>true</IsCollisionProof>
		<IsExplosionProof>false</IsExplosionProof>
		<IsFireProof>false</IsFireProof>
		<IsMeleeProof>false</IsMeleeProof>
		<IsOnlyDamagedByPlayer>false</IsOnlyDamagedByPlayer>
		<PositionRotation>
			<X>589.158936</X>
			<Y>126.354309</Y>
			<Z>97.9866104</Z>
			<Pitch>0.0571891777</Pitch>
			<Roll>-61.0233994</Roll>
			<Yaw>159.421967</Yaw>
		</PositionRotation>
		<Attachment isAttached="true">
			<AttachedTo>193883</AttachedTo>
			<BoneIndex>0</BoneIndex>
			<X>-1.12000418</X>
			<Y>-1.56999815</Y>
			<Z>0.362003684</Z>
			<Pitch>0.0381267369</Pitch>
			<Roll>-61.0156021</Roll>
			<Yaw>180.000015</Yaw>
		</Attachment>
	</Placement>
	<Placement>
		<ModelHash>0xb685e324</ModelHash>
		<Type>3</Type>
		<Dynamic>false</Dynamic>
		<FrozenPos>true</FrozenPos>
		<HashName>prop_cs_bar</HashName>
		<InitialHandle>357127</InitialHandle>
		<ObjectProperties>
			<TextureVariation>0</TextureVariation>
		</ObjectProperties>
		<OpacityLevel>255</OpacityLevel>
		<LodDistance>16960</LodDistance>
		<IsVisible>true</IsVisible>
		<MaxHealth>1000</MaxHealth>
		<Health>1000</Health>
		<HasGravity>true</HasGravity>
		<IsOnFire>false</IsOnFire>
		<IsInvincible>false</IsInvincible>
		<IsBulletProof>false</IsBulletProof>
		<IsCollisionProof>true</IsCollisionProof>
		<IsExplosionProof>false</IsExplosionProof>
		<IsFireProof>false</IsFireProof>
		<IsMeleeProof>false</IsMeleeProof>
		<IsOnlyDamagedByPlayer>false</IsOnlyDamagedByPlayer>
		<PositionRotation>
			<X>589.255127</X>
			<Y>126.894981</Y>
			<Z>97.9264374</Z>
			<Pitch>0.0571891777</Pitch>
			<Roll>-61.0233994</Roll>
			<Yaw>159.421967</Yaw>
		</PositionRotation>
		<Attachment isAttached="true">
			<AttachedTo>193883</AttachedTo>
			<BoneIndex>0</BoneIndex>
			<X>-1.21997929</X>
			<Y>-1.02999425</Y>
			<Z>0.301996678</Z>
			<Pitch>0.0381267369</Pitch>
			<Roll>-61.0156021</Roll>
			<Yaw>180.000015</Yaw>
		</Attachment>
	</Placement>
	<Placement>
		<ModelHash>0x99fe0df3</ModelHash>
		<Type>3</Type>
		<Dynamic>false</Dynamic>
		<FrozenPos>true</FrozenPos>
		<HashName>prop_barbell_02</HashName>
		<InitialHandle>635747</InitialHandle>
		<ObjectProperties>
			<TextureVariation>0</TextureVariation>
		</ObjectProperties>
		<OpacityLevel>255</OpacityLevel>
		<LodDistance>16960</LodDistance>
		<IsVisible>true</IsVisible>
		<MaxHealth>1000</MaxHealth>
		<Health>1000</Health>
		<HasGravity>true</HasGravity>
		<IsOnFire>false</IsOnFire>
		<IsInvincible>false</IsInvincible>
		<IsBulletProof>false</IsBulletProof>
		<IsCollisionProof>true</IsCollisionProof>
		<IsExplosionProof>false</IsExplosionProof>
		<IsFireProof>false</IsFireProof>
		<IsMeleeProof>false</IsMeleeProof>
		<IsOnlyDamagedByPlayer>false</IsOnlyDamagedByPlayer>
		<PositionRotation>
			<X>591.794739</X>
			<Y>130.188446</Y>
			<Z>97.7809525</Z>
			<Pitch>40.0571747</Pitch>
			<Roll>178.971771</Roll>
			<Yaw>159.435028</Yaw>
		</PositionRotation>
		<Attachment isAttached="true">
			<AttachedTo>193883</AttachedTo>
			<BoneIndex>0</BoneIndex>
			<X>1.27116346e-05</X>
			<Y>2.94600701</Y>
			<Z>0.158000737</Z>
			<Pitch>40.0381165</Pitch>
			<Roll>178.981979</Roll>
			<Yaw>180.006546</Yaw>
		</Attachment>
	</Placement>
	<Placement>
		<ModelHash>0x19b9e373</ModelHash>
		<Type>3</Type>
		<Dynamic>false</Dynamic>
		<FrozenPos>true</FrozenPos>
		<HashName>bkr_prop_fakeid_deskfan_01a</HashName>
		<InitialHandle>369516</InitialHandle>
		<ObjectProperties>
			<TextureVariation>0</TextureVariation>
		</ObjectProperties>
		<OpacityLevel>255</OpacityLevel>
		<LodDistance>16960</LodDistance>
		<IsVisible>true</IsVisible>
		<MaxHealth>1000</MaxHealth>
		<Health>1000</Health>
		<HasGravity>true</HasGravity>
		<IsOnFire>false</IsOnFire>
		<IsInvincible>false</IsInvincible>
		<IsBulletProof>false</IsBulletProof>
		<IsCollisionProof>true</IsCollisionProof>
		<IsExplosionProof>false</IsExplosionProof>
		<IsFireProof>false</IsFireProof>
		<IsMeleeProof>false</IsMeleeProof>
		<IsOnlyDamagedByPlayer>false</IsOnlyDamagedByPlayer>
		<PositionRotation>
			<X>590.738464</X>
			<Y>127.363541</Y>
			<Z>98.029953</Z>
			<Pitch>0.0375991762</Pitch>
			<Roll>-0.0445917398</Roll>
			<Yaw>-159.578064</Yaw>
		</PositionRotation>
		<Attachment isAttached="true">
			<AttachedTo>193883</AttachedTo>
			<BoneIndex>0</BoneIndex>
			<X>0.00400770549</X>
			<Y>-0.0699981749</Y>
			<Z>0.405998409</Z>
			<Pitch>0.0283309966</Pitch>
			<Roll>-0.0261969864</Roll>
			<Yaw>-139.000015</Yaw>
		</Attachment>
	</Placement>
	<Placement>
		<ModelHash>0x0a22cea2</ModelHash>
		<Type>3</Type>
		<Dynamic>false</Dynamic>
		<FrozenPos>true</FrozenPos>
		<HashName>prop_cs_bowie_knife</HashName>
		<InitialHandle>771688</InitialHandle>
		<ObjectProperties>
			<TextureVariation>0</TextureVariation>
		</ObjectProperties>
		<OpacityLevel>255</OpacityLevel>
		<LodDistance>16960</LodDistance>
		<IsVisible>true</IsVisible>
		<MaxHealth>1000</MaxHealth>
		<Health>1000</Health>
		<HasGravity>true</HasGravity>
		<IsOnFire>false</IsOnFire>
		<IsInvincible>false</IsInvincible>
		<IsBulletProof>false</IsBulletProof>
		<IsCollisionProof>true</IsCollisionProof>
		<IsExplosionProof>false</IsExplosionProof>
		<IsFireProof>false</IsFireProof>
		<IsMeleeProof>false</IsMeleeProof>
		<IsOnlyDamagedByPlayer>false</IsOnlyDamagedByPlayer>
		<PositionRotation>
			<X>591.460876</X>
			<Y>128.08696</Y>
			<Z>98.5635834</Z>
			<Pitch>-0.0190630574</Pitch>
			<Roll>-167.992157</Roll>
			<Yaw>-20.5780602</Yaw>
		</PositionRotation>
		<Attachment isAttached="true">
			<AttachedTo>193883</AttachedTo>
			<BoneIndex>0</BoneIndex>
			<X>0.42598331</X>
			<Y>0.861000776</Y>
			<Z>0.939996004</Z>
			<Pitch>-2.32830644e-07</Pitch>
			<Roll>-167.999969</Roll>
			<Yaw>0</Yaw>
		</Attachment>
	</Placement>
	<Placement>
		<ModelHash>0x1053c3fd</ModelHash>
		<Type>3</Type>
		<Dynamic>false</Dynamic>
		<FrozenPos>true</FrozenPos>
		<HashName>w_ar_assaultrifle</HashName>
		<InitialHandle>376118</InitialHandle>
		<ObjectProperties>
			<TextureVariation>0</TextureVariation>
		</ObjectProperties>
		<OpacityLevel>255</OpacityLevel>
		<LodDistance>16960</LodDistance>
		<IsVisible>true</IsVisible>
		<MaxHealth>1000</MaxHealth>
		<Health>1000</Health>
		<HasGravity>true</HasGravity>
		<IsOnFire>false</IsOnFire>
		<IsInvincible>false</IsInvincible>
		<IsBulletProof>false</IsBulletProof>
		<IsCollisionProof>true</IsCollisionProof>
		<IsExplosionProof>false</IsExplosionProof>
		<IsFireProof>false</IsFireProof>
		<IsMeleeProof>false</IsMeleeProof>
		<IsOnlyDamagedByPlayer>false</IsOnlyDamagedByPlayer>
		<PositionRotation>
			<X>591.107361</X>
			<Y>128.357422</Y>
			<Z>98.4505997</Z>
			<Pitch>-86.0217209</Pitch>
			<Roll>0.0879490152</Roll>
			<Yaw>-33.4825401</Yaw>
		</PositionRotation>
		<Attachment isAttached="true">
			<AttachedTo>193883</AttachedTo>
			<BoneIndex>0</BoneIndex>
			<X>-2.3402652e-05</X>
			<Y>0.989988565</Y>
			<Z>0.826997221</Z>
			<Pitch>-86.0014191</Pitch>
			<Roll>0.0399416126</Roll>
			<Yaw>-12.9523697</Yaw>
		</Attachment>
	</Placement>
	<Placement>
		<ModelHash>0x3e3c351e</ModelHash>
		<Type>3</Type>
		<Dynamic>false</Dynamic>
		<FrozenPos>true</FrozenPos>
		<HashName>w_ar_assaultrifle_mag1</HashName>
		<InitialHandle>380167</InitialHandle>
		<ObjectProperties>
			<TextureVariation>0</TextureVariation>
		</ObjectProperties>
		<OpacityLevel>255</OpacityLevel>
		<LodDistance>16960</LodDistance>
		<IsVisible>true</IsVisible>
		<MaxHealth>1000</MaxHealth>
		<Health>1000</Health>
		<HasGravity>true</HasGravity>
		<IsOnFire>false</IsOnFire>
		<IsInvincible>false</IsInvincible>
		<IsBulletProof>false</IsBulletProof>
		<IsCollisionProof>true</IsCollisionProof>
		<IsExplosionProof>false</IsExplosionProof>
		<IsFireProof>false</IsFireProof>
		<IsMeleeProof>false</IsMeleeProof>
		<IsOnlyDamagedByPlayer>false</IsOnlyDamagedByPlayer>
		<PositionRotation>
			<X>591.215881</X>
			<Y>128.312943</Y>
			<Z>98.4521866</Z>
			<Pitch>-86.0217209</Pitch>
			<Roll>0.0879490152</Roll>
			<Yaw>-33.4825401</Yaw>
		</PositionRotation>
		<Attachment isAttached="true">
			<AttachedTo>376118</AttachedTo>
			<BoneIndex>0</BoneIndex>
			<X>0.115000039</X>
			<Y>0</Y>
			<Z>0.0230000038</Z>
			<Pitch>0</Pitch>
			<Roll>0</Roll>
			<Yaw>0</Yaw>
		</Attachment>
	</Placement>
	<Placement>
		<ModelHash>0x3e3c351e</ModelHash>
		<Type>3</Type>
		<Dynamic>false</Dynamic>
		<FrozenPos>true</FrozenPos>
		<HashName>w_ar_assaultrifle_mag1</HashName>
		<InitialHandle>411400</InitialHandle>
		<ObjectProperties>
			<TextureVariation>0</TextureVariation>
		</ObjectProperties>
		<OpacityLevel>255</OpacityLevel>
		<LodDistance>16960</LodDistance>
		<IsVisible>true</IsVisible>
		<MaxHealth>1000</MaxHealth>
		<Health>1000</Health>
		<HasGravity>true</HasGravity>
		<IsOnFire>false</IsOnFire>
		<IsInvincible>false</IsInvincible>
		<IsBulletProof>false</IsBulletProof>
		<IsCollisionProof>true</IsCollisionProof>
		<IsExplosionProof>false</IsExplosionProof>
		<IsFireProof>false</IsFireProof>
		<IsMeleeProof>false</IsMeleeProof>
		<IsOnlyDamagedByPlayer>false</IsOnlyDamagedByPlayer>
		<PositionRotation>
			<X>590.895264</X>
			<Y>127.849442</Y>
			<Z>98.057785</Z>
			<Pitch>-90</Pitch>
			<Roll>10.5702591</Roll>
			<Yaw>0</Yaw>
		</PositionRotation>
		<Attachment isAttached="true">
			<AttachedTo>193883</AttachedTo>
			<BoneIndex>0</BoneIndex>
			<X>-0.01998749</X>
			<Y>0.440002441</Y>
			<Z>0.433996856</Z>
			<Pitch>-89.9809341</Pitch>
			<Roll>10.5702553</Roll>
			<Yaw>20.5780602</Yaw>
		</Attachment>
	</Placement>
	<Placement>
		<ModelHash>0xe241037a</ModelHash>
		<Type>3</Type>
		<Dynamic>false</Dynamic>
		<FrozenPos>true</FrozenPos>
		<HashName>ng_proc_cigpak01b</HashName>
		<InitialHandle>400391</InitialHandle>
		<ObjectProperties>
			<TextureVariation>0</TextureVariation>
		</ObjectProperties>
		<OpacityLevel>255</OpacityLevel>
		<LodDistance>16960</LodDistance>
		<IsVisible>true</IsVisible>
		<MaxHealth>1000</MaxHealth>
		<Health>1000</Health>
		<HasGravity>true</HasGravity>
		<IsOnFire>false</IsOnFire>
		<IsInvincible>false</IsInvincible>
		<IsBulletProof>false</IsBulletProof>
		<IsCollisionProof>true</IsCollisionProof>
		<IsExplosionProof>false</IsExplosionProof>
		<IsFireProof>false</IsFireProof>
		<IsMeleeProof>false</IsMeleeProof>
		<IsOnlyDamagedByPlayer>false</IsOnlyDamagedByPlayer>
		<PositionRotation>
			<X>590.986755</X>
			<Y>128.263824</Y>
			<Z>98.3957596</Z>
			<Pitch>-18.9436817</Pitch>
			<Roll>-0.0263880249</Roll>
			<Yaw>162.415909</Yaw>
		</PositionRotation>
		<Attachment isAttached="true">
			<AttachedTo>193883</AttachedTo>
			<BoneIndex>0</BoneIndex>
			<X>-0.0800281689</X>
			<Y>0.859990656</Y>
			<Z>0.772102952</Z>
			<Pitch>-18.9623127</Pitch>
			<Roll>-0.0170972571</Roll>
			<Yaw>182.996994</Yaw>
		</Attachment>
	</Placement>
	<Placement>
		<ModelHash>0xa6180d13</ModelHash>
		<Type>3</Type>
		<Dynamic>false</Dynamic>
		<FrozenPos>true</FrozenPos>
		<HashName>ng_proc_litter_plasbot3</HashName>
		<InitialHandle>673128</InitialHandle>
		<ObjectProperties>
			<TextureVariation>0</TextureVariation>
		</ObjectProperties>
		<OpacityLevel>255</OpacityLevel>
		<LodDistance>16960</LodDistance>
		<IsVisible>true</IsVisible>
		<MaxHealth>1000</MaxHealth>
		<Health>1000</Health>
		<HasGravity>true</HasGravity>
		<IsOnFire>false</IsOnFire>
		<IsInvincible>false</IsInvincible>
		<IsBulletProof>false</IsBulletProof>
		<IsCollisionProof>true</IsCollisionProof>
		<IsExplosionProof>false</IsExplosionProof>
		<IsFireProof>false</IsFireProof>
		<IsMeleeProof>false</IsMeleeProof>
		<IsOnlyDamagedByPlayer>false</IsOnlyDamagedByPlayer>
		<PositionRotation>
			<X>590.355408</X>
			<Y>127.379044</Y>
			<Z>97.6840439</Z>
			<Pitch>0.000526486489</Pitch>
			<Roll>0.0289872773</Roll>
			<Yaw>20.4219341</Yaw>
		</PositionRotation>
		<Attachment isAttached="true">
			<AttachedTo>193883</AttachedTo>
			<BoneIndex>0</BoneIndex>
			<X>-0.36000964</X>
			<Y>-0.190007299</Y>
			<Z>0.059999764</Z>
			<Pitch>0.00979465712</Pitch>
			<Roll>0.0105925212</Roll>
			<Yaw>41</Yaw>
		</Attachment>
	</Placement>
	<Placement>
		<ModelHash>0x8856dc70</ModelHash>
		<Type>3</Type>
		<Dynamic>false</Dynamic>
		<FrozenPos>true</FrozenPos>
		<HashName>ng_proc_wood_01a</HashName>
		<InitialHandle>206957</InitialHandle>
		<ObjectProperties>
			<TextureVariation>0</TextureVariation>
		</ObjectProperties>
		<OpacityLevel>255</OpacityLevel>
		<LodDistance>16960</LodDistance>
		<IsVisible>true</IsVisible>
		<MaxHealth>1000</MaxHealth>
		<Health>1000</Health>
		<HasGravity>true</HasGravity>
		<IsOnFire>false</IsOnFire>
		<IsInvincible>false</IsInvincible>
		<IsBulletProof>false</IsBulletProof>
		<IsCollisionProof>true</IsCollisionProof>
		<IsExplosionProof>false</IsExplosionProof>
		<IsFireProof>false</IsFireProof>
		<IsMeleeProof>false</IsMeleeProof>
		<IsOnlyDamagedByPlayer>false</IsOnlyDamagedByPlayer>
		<PositionRotation>
			<X>592.016602</X>
			<Y>127.51516</Y>
			<Z>98.3103409</Z>
			<Pitch>0.00776125723</Pitch>
			<Roll>-89.980957</Roll>
			<Yaw>69.4219437</Yaw>
		</PositionRotation>
		<Attachment isAttached="true">
			<AttachedTo>400135</AttachedTo>
			<BoneIndex>0</BoneIndex>
			<X>-0.110000014</X>
			<Y>-0.0430000052</Y>
			<Z>0.429999948</Z>
			<Pitch>-90.0000076</Pitch>
			<Roll>179.999985</Roll>
			<Yaw>0</Yaw>
		</Attachment>
	</Placement>
	<Placement>
		<ModelHash>0xf40efa4c</ModelHash>
		<Type>3</Type>
		<Dynamic>false</Dynamic>
		<FrozenPos>true</FrozenPos>
		<HashName>ng_proc_cigbuts03a</HashName>
		<InitialHandle>365931</InitialHandle>
		<ObjectProperties>
			<TextureVariation>0</TextureVariation>
		</ObjectProperties>
		<OpacityLevel>255</OpacityLevel>
		<LodDistance>16960</LodDistance>
		<IsVisible>true</IsVisible>
		<MaxHealth>1000</MaxHealth>
		<Health>1000</Health>
		<HasGravity>true</HasGravity>
		<IsOnFire>false</IsOnFire>
		<IsInvincible>false</IsInvincible>
		<IsBulletProof>false</IsBulletProof>
		<IsCollisionProof>true</IsCollisionProof>
		<IsExplosionProof>false</IsExplosionProof>
		<IsFireProof>false</IsFireProof>
		<IsMeleeProof>false</IsMeleeProof>
		<IsOnlyDamagedByPlayer>false</IsOnlyDamagedByPlayer>
		<PositionRotation>
			<X>590.861267</X>
			<Y>127.701981</Y>
			<Z>98.0408325</Z>
			<Pitch>-0.0190628245</Pitch>
			<Roll>0.00780223403</Roll>
			<Yaw>-20.5780602</Yaw>
		</PositionRotation>
		<Attachment isAttached="true">
			<AttachedTo>193883</AttachedTo>
			<BoneIndex>0</BoneIndex>
			<X>1.74662855e-05</X>
			<Y>0.290006787</Y>
			<Z>0.416997135</Z>
			<Pitch>0</Pitch>
			<Roll>0</Roll>
			<Yaw>0</Yaw>
		</Attachment>
	</Placement>
	<Placement>
		<ModelHash>0xc9b509d3</ModelHash>
		<Type>3</Type>
		<Dynamic>false</Dynamic>
		<FrozenPos>true</FrozenPos>
		<HashName>prop_tool_screwdvr02</HashName>
		<InitialHandle>158570</InitialHandle>
		<ObjectProperties>
			<TextureVariation>0</TextureVariation>
		</ObjectProperties>
		<OpacityLevel>255</OpacityLevel>
		<LodDistance>16960</LodDistance>
		<IsVisible>true</IsVisible>
		<MaxHealth>1000</MaxHealth>
		<Health>1000</Health>
		<HasGravity>true</HasGravity>
		<IsOnFire>false</IsOnFire>
		<IsInvincible>false</IsInvincible>
		<IsBulletProof>false</IsBulletProof>
		<IsCollisionProof>true</IsCollisionProof>
		<IsExplosionProof>false</IsExplosionProof>
		<IsFireProof>false</IsFireProof>
		<IsMeleeProof>false</IsMeleeProof>
		<IsOnlyDamagedByPlayer>false</IsOnlyDamagedByPlayer>
		<PositionRotation>
			<X>590.993225</X>
			<Y>128.284134</Y>
			<Z>98.4876556</Z>
			<Pitch>4.05630779</Pitch>
			<Roll>3.97497511</Roll>
			<Yaw>162.426254</Yaw>
		</PositionRotation>
		<Attachment isAttached="true">
			<AttachedTo>400391</AttachedTo>
			<BoneIndex>0</BoneIndex>
			<X>0</X>
			<Y>-0.0500000045</Y>
			<Z>0.0800000131</Z>
			<Pitch>23.0000019</Pitch>
			<Roll>4</Roll>
			<Yaw>0</Yaw>
		</Attachment>
	</Placement>
	<Placement>
		<ModelHash>0x9866a5db</ModelHash>
		<Type>3</Type>
		<Dynamic>false</Dynamic>
		<FrozenPos>true</FrozenPos>
		<HashName>prop_barrel_01a</HashName>
		<InitialHandle>78445</InitialHandle>
		<ObjectProperties>
			<TextureVariation>0</TextureVariation>
		</ObjectProperties>
		<OpacityLevel>255</OpacityLevel>
		<LodDistance>16960</LodDistance>
		<IsVisible>true</IsVisible>
		<MaxHealth>1000</MaxHealth>
		<Health>1000</Health>
		<HasGravity>true</HasGravity>
		<IsOnFire>false</IsOnFire>
		<IsInvincible>false</IsInvincible>
		<IsBulletProof>false</IsBulletProof>
		<IsCollisionProof>true</IsCollisionProof>
		<IsExplosionProof>false</IsExplosionProof>
		<IsFireProof>false</IsFireProof>
		<IsMeleeProof>false</IsMeleeProof>
		<IsOnlyDamagedByPlayer>false</IsOnlyDamagedByPlayer>
		<PositionRotation>
			<X>590.174316</X>
			<Y>125.87191</Y>
			<Z>98.7354813</Z>
			<Pitch>-90</Pitch>
			<Roll>110.562424</Roll>
			<Yaw>0</Yaw>
		</PositionRotation>
		<Attachment isAttached="true">
			<AttachedTo>193883</AttachedTo>
			<BoneIndex>0</BoneIndex>
			<X>4.27078776e-05</X>
			<Y>-1.66497719</Y>
			<Z>1.11099541</Z>
			<Pitch>-89.9809341</Pitch>
			<Roll>110.562431</Roll>
			<Yaw>20.5780602</Yaw>
		</Attachment>
	</Placement>
	<Placement>
		<ModelHash>0xafdd8cbb</ModelHash>
		<Type>3</Type>
		<Dynamic>false</Dynamic>
		<FrozenPos>true</FrozenPos>
		<HashName>prop_barrel_exp_01a</HashName>
		<InitialHandle>713574</InitialHandle>
		<ObjectProperties>
			<TextureVariation>0</TextureVariation>
		</ObjectProperties>
		<OpacityLevel>255</OpacityLevel>
		<LodDistance>16960</LodDistance>
		<IsVisible>true</IsVisible>
		<MaxHealth>1000</MaxHealth>
		<Health>1000</Health>
		<HasGravity>true</HasGravity>
		<IsOnFire>false</IsOnFire>
		<IsInvincible>false</IsInvincible>
		<IsBulletProof>false</IsBulletProof>
		<IsCollisionProof>true</IsCollisionProof>
		<IsExplosionProof>false</IsExplosionProof>
		<IsFireProof>false</IsFireProof>
		<IsMeleeProof>false</IsMeleeProof>
		<IsOnlyDamagedByPlayer>false</IsOnlyDamagedByPlayer>
		<PositionRotation>
			<X>590.387939</X>
			<Y>126.441109</Y>
			<Z>98.733284</Z>
			<Pitch>-0.0190628283</Pitch>
			<Roll>-89.9921799</Roll>
			<Yaw>-20.5780582</Yaw>
		</PositionRotation>
		<Attachment isAttached="true">
			<AttachedTo>193883</AttachedTo>
			<BoneIndex>0</BoneIndex>
			<X>-2.80714594e-05</X>
			<Y>-1.05701113</Y>
			<Z>1.10900044</Z>
			<Pitch>0</Pitch>
			<Roll>-89.9999924</Roll>
			<Yaw>1.90734863e-06</Yaw>
		</Attachment>
	</Placement>
	<Placement>
		<ModelHash>0xbf1b2b36</ModelHash>
		<Type>3</Type>
		<Dynamic>false</Dynamic>
		<FrozenPos>true</FrozenPos>
		<HashName>prop_barrel_exp_01b</HashName>
		<InitialHandle>254061</InitialHandle>
		<ObjectProperties>
			<TextureVariation>0</TextureVariation>
		</ObjectProperties>
		<OpacityLevel>255</OpacityLevel>
		<LodDistance>16960</LodDistance>
		<IsVisible>true</IsVisible>
		<MaxHealth>1000</MaxHealth>
		<Health>1000</Health>
		<HasGravity>true</HasGravity>
		<IsOnFire>false</IsOnFire>
		<IsInvincible>false</IsInvincible>
		<IsBulletProof>false</IsBulletProof>
		<IsCollisionProof>true</IsCollisionProof>
		<IsExplosionProof>false</IsExplosionProof>
		<IsFireProof>false</IsFireProof>
		<IsMeleeProof>false</IsMeleeProof>
		<IsOnlyDamagedByPlayer>false</IsOnlyDamagedByPlayer>
		<PositionRotation>
			<X>590.493286</X>
			<Y>126.72184</Y>
			<Z>98.2341843</Z>
			<Pitch>-0.0190628245</Pitch>
			<Roll>90.0077744</Roll>
			<Yaw>-20.5780582</Yaw>
		</PositionRotation>
		<Attachment isAttached="true">
			<AttachedTo>193883</AttachedTo>
			<BoneIndex>0</BoneIndex>
			<X>-7.47751619e-06</X>
			<Y>-0.756998599</Y>
			<Z>0.610000551</Z>
			<Pitch>0</Pitch>
			<Roll>89.9999771</Roll>
			<Yaw>1.90734863e-06</Yaw>
		</Attachment>
	</Placement>
	<Placement>
		<ModelHash>0x8c9fc63c</ModelHash>
		<Type>3</Type>
		<Dynamic>false</Dynamic>
		<FrozenPos>true</FrozenPos>
		<HashName>prop_barrel_exp_01c</HashName>
		<InitialHandle>429126</InitialHandle>
		<ObjectProperties>
			<TextureVariation>0</TextureVariation>
		</ObjectProperties>
		<OpacityLevel>255</OpacityLevel>
		<LodDistance>16960</LodDistance>
		<IsVisible>true</IsVisible>
		<MaxHealth>1000</MaxHealth>
		<Health>1000</Health>
		<HasGravity>true</HasGravity>
		<IsOnFire>false</IsOnFire>
		<IsInvincible>false</IsInvincible>
		<IsBulletProof>false</IsBulletProof>
		<IsCollisionProof>true</IsCollisionProof>
		<IsExplosionProof>false</IsExplosionProof>
		<IsFireProof>false</IsFireProof>
		<IsMeleeProof>false</IsMeleeProof>
		<IsOnlyDamagedByPlayer>false</IsOnlyDamagedByPlayer>
		<PositionRotation>
			<X>590.067627</X>
			<Y>125.588104</Y>
			<Z>98.2345886</Z>
			<Pitch>-0.0190628283</Pitch>
			<Roll>-89.9921799</Roll>
			<Yaw>-20.5780582</Yaw>
		</PositionRotation>
		<Attachment isAttached="true">
			<AttachedTo>193883</AttachedTo>
			<BoneIndex>0</BoneIndex>
			<X>-1.81273062e-05</X>
			<Y>-1.96800745</Y>
			<Z>0.610001981</Z>
			<Pitch>0</Pitch>
			<Roll>-89.9999924</Roll>
			<Yaw>1.90734863e-06</Yaw>
		</Attachment>
	</Placement>
	<Placement>
		<ModelHash>0x9866a5db</ModelHash>
		<Type>3</Type>
		<Dynamic>false</Dynamic>
		<FrozenPos>true</FrozenPos>
		<HashName>prop_barrel_01a</HashName>
		<InitialHandle>513637</InitialHandle>
		<ObjectProperties>
			<TextureVariation>0</TextureVariation>
		</ObjectProperties>
		<OpacityLevel>255</OpacityLevel>
		<LodDistance>16960</LodDistance>
		<IsVisible>true</IsVisible>
		<MaxHealth>1000</MaxHealth>
		<Health>1000</Health>
		<HasGravity>true</HasGravity>
		<IsOnFire>false</IsOnFire>
		<IsInvincible>false</IsInvincible>
		<IsBulletProof>false</IsBulletProof>
		<IsCollisionProof>true</IsCollisionProof>
		<IsExplosionProof>false</IsExplosionProof>
		<IsFireProof>false</IsFireProof>
		<IsMeleeProof>false</IsMeleeProof>
		<IsOnlyDamagedByPlayer>false</IsOnlyDamagedByPlayer>
		<PositionRotation>
			<X>590.281372</X>
			<Y>126.15731</Y>
			<Z>98.2343826</Z>
			<Pitch>-90</Pitch>
			<Roll>-69.4375381</Roll>
			<Yaw>0</Yaw>
		</PositionRotation>
		<Attachment isAttached="true">
			<AttachedTo>193883</AttachedTo>
			<BoneIndex>0</BoneIndex>
			<X>2.2402106e-05</X>
			<Y>-1.35999203</Y>
			<Z>0.609998286</Z>
			<Pitch>-89.9809341</Pitch>
			<Roll>-69.4375381</Roll>
			<Yaw>20.5780602</Yaw>
		</Attachment>
	</Placement>
	<Placement>
		<ModelHash>0x91e8569c</ModelHash>
		<Type>3</Type>
		<Dynamic>false</Dynamic>
		<FrozenPos>true</FrozenPos>
		<HashName>p_int_jewel_mirror</HashName>
		<InitialHandle>32610</InitialHandle>
		<ObjectProperties>
			<TextureVariation>0</TextureVariation>
		</ObjectProperties>
		<OpacityLevel>255</OpacityLevel>
		<LodDistance>16960</LodDistance>
		<IsVisible>true</IsVisible>
		<MaxHealth>1000</MaxHealth>
		<Health>1000</Health>
		<HasGravity>true</HasGravity>
		<IsOnFire>false</IsOnFire>
		<IsInvincible>false</IsInvincible>
		<IsBulletProof>false</IsBulletProof>
		<IsCollisionProof>true</IsCollisionProof>
		<IsExplosionProof>false</IsExplosionProof>
		<IsFireProof>false</IsFireProof>
		<IsMeleeProof>false</IsMeleeProof>
		<IsOnlyDamagedByPlayer>false</IsOnlyDamagedByPlayer>
		<PositionRotation>
			<X>590.5354</X>
			<Y>129.479996</Y>
			<Z>98.1734467</Z>
			<Pitch>-0.0190609228</Pitch>
			<Roll>-23.692194</Roll>
			<Yaw>-20.5780602</Yaw>
		</PositionRotation>
		<Attachment isAttached="true">
			<AttachedTo>193883</AttachedTo>
			<BoneIndex>0</BoneIndex>
			<X>-0.930017591</X>
			<Y>1.83999324</Y>
			<Z>0.55000031</Z>
			<Pitch>1.47521496e-06</Pitch>
			<Roll>-23.7000008</Roll>
			<Yaw>0</Yaw>
		</Attachment>
	</Placement>
	<Placement>
		<ModelHash>0x8ae99900</ModelHash>
		<Type>3</Type>
		<Dynamic>false</Dynamic>
		<FrozenPos>true</FrozenPos>
		<HashName>prop_cs_hand_radio</HashName>
		<InitialHandle>489991</InitialHandle>
		<ObjectProperties>
			<TextureVariation>0</TextureVariation>
		</ObjectProperties>
		<OpacityLevel>255</OpacityLevel>
		<LodDistance>16960</LodDistance>
		<IsVisible>true</IsVisible>
		<MaxHealth>1000</MaxHealth>
		<Health>1000</Health>
		<HasGravity>true</HasGravity>
		<IsOnFire>false</IsOnFire>
		<IsInvincible>false</IsInvincible>
		<IsBulletProof>false</IsBulletProof>
		<IsCollisionProof>true</IsCollisionProof>
		<IsExplosionProof>false</IsExplosionProof>
		<IsFireProof>false</IsFireProof>
		<IsMeleeProof>false</IsMeleeProof>
		<IsOnlyDamagedByPlayer>false</IsOnlyDamagedByPlayer>
		<PositionRotation>
			<X>590.672058</X>
			<Y>128.563583</Y>
			<Z>98.4636536</Z>
			<Pitch>-86.9550247</Pitch>
			<Roll>0.594319761</Roll>
			<Yaw>87.0232162</Yaw>
		</PositionRotation>
		<Attachment isAttached="true">
			<AttachedTo>193883</AttachedTo>
			<BoneIndex>0</BoneIndex>
			<X>-0.480015397</X>
			<Y>1.02998972</Y>
			<Z>0.83999902</Z>
			<Pitch>-86.9682007</Pitch>
			<Roll>0.295562536</Roll>
			<Yaw>107.302948</Yaw>
		</Attachment>
	</Placement>
	<Placement>
		<ModelHash>0x76b77b76</ModelHash>
		<Type>3</Type>
		<Dynamic>false</Dynamic>
		<FrozenPos>true</FrozenPos>
		<HashName>p_stinger_piece_01</HashName>
		<InitialHandle>687723</InitialHandle>
		<ObjectProperties>
			<TextureVariation>0</TextureVariation>
		</ObjectProperties>
		<OpacityLevel>255</OpacityLevel>
		<LodDistance>16960</LodDistance>
		<IsVisible>true</IsVisible>
		<MaxHealth>1000</MaxHealth>
		<Health>1000</Health>
		<HasGravity>true</HasGravity>
		<IsOnFire>false</IsOnFire>
		<IsInvincible>false</IsInvincible>
		<IsBulletProof>false</IsBulletProof>
		<IsCollisionProof>true</IsCollisionProof>
		<IsExplosionProof>false</IsExplosionProof>
		<IsFireProof>false</IsFireProof>
		<IsMeleeProof>false</IsMeleeProof>
		<IsOnlyDamagedByPlayer>false</IsOnlyDamagedByPlayer>
		<PositionRotation>
			<X>591.252502</X>
			<Y>126.116318</Y>
			<Z>98.1670456</Z>
			<Pitch>2.40328288</Pitch>
			<Roll>28.9167309</Roll>
			<Yaw>-16.2027359</Yaw>
		</PositionRotation>
		<Attachment isAttached="true">
			<AttachedTo>621675</AttachedTo>
			<BoneIndex>0</BoneIndex>
			<X>0.0670001805</X>
			<Y>0.512996972</Y>
			<Z>0.375998825</Z>
			<Pitch>5.00000048</Pitch>
			<Roll>90.0000076</Roll>
			<Yaw>0</Yaw>
		</Attachment>
	</Placement>
	<Placement>
		<ModelHash>0x5831c3a8</ModelHash>
		<Type>3</Type>
		<Dynamic>false</Dynamic>
		<FrozenPos>true</FrozenPos>
		<HashName>ng_proc_cigbuts02a</HashName>
		<InitialHandle>699976</InitialHandle>
		<ObjectProperties>
			<TextureVariation>0</TextureVariation>
		</ObjectProperties>
		<OpacityLevel>255</OpacityLevel>
		<LodDistance>16960</LodDistance>
		<IsVisible>true</IsVisible>
		<MaxHealth>1000</MaxHealth>
		<Health>1000</Health>
		<HasGravity>true</HasGravity>
		<IsOnFire>false</IsOnFire>
		<IsInvincible>false</IsInvincible>
		<IsBulletProof>false</IsBulletProof>
		<IsCollisionProof>true</IsCollisionProof>
		<IsExplosionProof>false</IsExplosionProof>
		<IsFireProof>false</IsFireProof>
		<IsMeleeProof>false</IsMeleeProof>
		<IsOnlyDamagedByPlayer>false</IsOnlyDamagedByPlayer>
		<PositionRotation>
			<X>590.863647</X>
			<Y>128.529083</Y>
			<Z>98.447197</Z>
			<Pitch>-5.9782486</Pitch>
			<Roll>-179.006134</Roll>
			<Yaw>146.429077</Yaw>
		</PositionRotation>
		<Attachment isAttached="true">
			<AttachedTo>376118</AttachedTo>
			<BoneIndex>0</BoneIndex>
			<X>-0.298000187</X>
			<Y>0.00400000066</Y>
			<Z>0.00800000131</Z>
			<Pitch>-88.0000076</Pitch>
			<Roll>0.999996543</Roll>
			<Yaw>0</Yaw>
		</Attachment>
	</Placement>
	<Placement>
		<ModelHash>0x460da56c</ModelHash>
		<Type>3</Type>
		<Dynamic>false</Dynamic>
		<FrozenPos>true</FrozenPos>
		<HashName>ng_proc_cigbuts01a</HashName>
		<InitialHandle>714088</InitialHandle>
		<ObjectProperties>
			<TextureVariation>0</TextureVariation>
		</ObjectProperties>
		<OpacityLevel>255</OpacityLevel>
		<LodDistance>16960</LodDistance>
		<IsVisible>true</IsVisible>
		<MaxHealth>1000</MaxHealth>
		<Health>1000</Health>
		<HasGravity>true</HasGravity>
		<IsOnFire>false</IsOnFire>
		<IsInvincible>false</IsInvincible>
		<IsBulletProof>false</IsBulletProof>
		<IsCollisionProof>true</IsCollisionProof>
		<IsExplosionProof>false</IsExplosionProof>
		<IsFireProof>false</IsFireProof>
		<IsMeleeProof>false</IsMeleeProof>
		<IsOnlyDamagedByPlayer>false</IsOnlyDamagedByPlayer>
		<PositionRotation>
			<X>591.59259</X>
			<Y>128.083054</Y>
			<Z>98.4563065</Z>
			<Pitch>84.3651428</Pitch>
			<Roll>45.0429993</Roll>
			<Yaw>101.24752</Yaw>
		</PositionRotation>
		<Attachment isAttached="true">
			<AttachedTo>376118</AttachedTo>
			<BoneIndex>0</BoneIndex>
			<X>0.555999994</X>
			<Y>-0.00300000049</Y>
			<Z>0.0400000066</Z>
			<Pitch>0</Pitch>
			<Roll>0</Roll>
			<Yaw>176.000015</Yaw>
		</Attachment>
	</Placement>
	<Placement>
		<ModelHash>0x460da56c</ModelHash>
		<Type>3</Type>
		<Dynamic>false</Dynamic>
		<FrozenPos>true</FrozenPos>
		<HashName>ng_proc_cigbuts01a</HashName>
		<InitialHandle>463935</InitialHandle>
		<ObjectProperties>
			<TextureVariation>0</TextureVariation>
		</ObjectProperties>
		<OpacityLevel>255</OpacityLevel>
		<LodDistance>16960</LodDistance>
		<IsVisible>true</IsVisible>
		<MaxHealth>1000</MaxHealth>
		<Health>1000</Health>
		<HasGravity>true</HasGravity>
		<IsOnFire>false</IsOnFire>
		<IsInvincible>false</IsInvincible>
		<IsBulletProof>false</IsBulletProof>
		<IsCollisionProof>true</IsCollisionProof>
		<IsExplosionProof>false</IsExplosionProof>
		<IsFireProof>false</IsFireProof>
		<IsMeleeProof>false</IsMeleeProof>
		<IsOnlyDamagedByPlayer>false</IsOnlyDamagedByPlayer>
		<PositionRotation>
			<X>590.669922</X>
			<Y>128.521637</Y>
			<Z>98.4536362</Z>
			<Pitch>13.3189392</Pitch>
			<Roll>178.747986</Roll>
			<Yaw>168.922058</Yaw>
		</PositionRotation>
		<Attachment isAttached="true">
			<AttachedTo>489991</AttachedTo>
			<BoneIndex>0</BoneIndex>
			<X>-0.0420000255</X>
			<Y>0.0100000016</Y>
			<Z>-0.00100000016</Z>
			<Pitch>171.999985</Pitch>
			<Roll>-90.0000076</Roll>
			<Yaw>-77</Yaw>
		</Attachment>
	</Placement>
	<Placement>
		<ModelHash>0x3b5f7e01</ModelHash>
		<Type>3</Type>
		<Dynamic>false</Dynamic>
		<FrozenPos>true</FrozenPos>
		<HashName>prop_ashtray_01</HashName>
		<InitialHandle>157802</InitialHandle>
		<ObjectProperties>
			<TextureVariation>0</TextureVariation>
		</ObjectProperties>
		<OpacityLevel>255</OpacityLevel>
		<LodDistance>16960</LodDistance>
		<IsVisible>true</IsVisible>
		<MaxHealth>1000</MaxHealth>
		<Health>1000</Health>
		<HasGravity>true</HasGravity>
		<IsOnFire>false</IsOnFire>
		<IsInvincible>false</IsInvincible>
		<IsBulletProof>false</IsBulletProof>
		<IsCollisionProof>true</IsCollisionProof>
		<IsExplosionProof>false</IsExplosionProof>
		<IsFireProof>false</IsFireProof>
		<IsMeleeProof>false</IsMeleeProof>
		<IsOnlyDamagedByPlayer>false</IsOnlyDamagedByPlayer>
		<PositionRotation>
			<X>590.932739</X>
			<Y>127.92083</Y>
			<Z>98.0647583</Z>
			<Pitch>-0.0104411207</Pitch>
			<Roll>0.0209480915</Roll>
			<Yaw>1.42193913</Yaw>
		</PositionRotation>
		<Attachment isAttached="true">
			<AttachedTo>193883</AttachedTo>
			<BoneIndex>0</BoneIndex>
			<X>-0.00999578089</X>
			<Y>0.520005405</Y>
			<Z>0.440998107</Z>
			<Pitch>0.00431085378</Pitch>
			<Roll>0.00657292921</Roll>
			<Yaw>22</Yaw>
		</Attachment>
	</Placement>
	<Placement>
		<ModelHash>0xdb8f1a1a</ModelHash>
		<Type>3</Type>
		<Dynamic>false</Dynamic>
		<FrozenPos>true</FrozenPos>
		<HashName>prop_ld_rubble_03</HashName>
		<InitialHandle>512876</InitialHandle>
		<ObjectProperties>
			<TextureVariation>0</TextureVariation>
		</ObjectProperties>
		<OpacityLevel>255</OpacityLevel>
		<LodDistance>16960</LodDistance>
		<IsVisible>true</IsVisible>
		<MaxHealth>1000</MaxHealth>
		<Health>1000</Health>
		<HasGravity>true</HasGravity>
		<IsOnFire>false</IsOnFire>
		<IsInvincible>false</IsInvincible>
		<IsBulletProof>false</IsBulletProof>
		<IsCollisionProof>true</IsCollisionProof>
		<IsExplosionProof>false</IsExplosionProof>
		<IsFireProof>false</IsFireProof>
		<IsMeleeProof>false</IsMeleeProof>
		<IsOnlyDamagedByPlayer>false</IsOnlyDamagedByPlayer>
		<PositionRotation>
			<X>590.257385</X>
			<Y>125.012535</Y>
			<Z>97.7746887</Z>
			<Pitch>-81.9413376</Pitch>
			<Roll>0.914751947</Roll>
			<Yaw>152.345215</Yaw>
		</PositionRotation>
		<Attachment isAttached="true">
			<AttachedTo>193883</AttachedTo>
			<BoneIndex>0</BoneIndex>
			<X>0.379997998</X>
			<Y>-2.44000196</Y>
			<Z>0.149996772</Z>
			<Pitch>-81.9611511</Pitch>
			<Roll>0.953332186</Roll>
			<Yaw>172.961487</Yaw>
		</Attachment>
	</Placement>
	<Placement>
		<ModelHash>0x59df96b5</ModelHash>
		<Type>3</Type>
		<Dynamic>false</Dynamic>
		<FrozenPos>true</FrozenPos>
		<HashName>prop_ld_rubble_04</HashName>
		<InitialHandle>200807</InitialHandle>
		<ObjectProperties>
			<TextureVariation>0</TextureVariation>
		</ObjectProperties>
		<OpacityLevel>255</OpacityLevel>
		<LodDistance>16960</LodDistance>
		<IsVisible>true</IsVisible>
		<MaxHealth>1000</MaxHealth>
		<Health>1000</Health>
		<HasGravity>true</HasGravity>
		<IsOnFire>false</IsOnFire>
		<IsInvincible>false</IsInvincible>
		<IsBulletProof>false</IsBulletProof>
		<IsCollisionProof>true</IsCollisionProof>
		<IsExplosionProof>false</IsExplosionProof>
		<IsFireProof>false</IsFireProof>
		<IsMeleeProof>false</IsMeleeProof>
		<IsOnlyDamagedByPlayer>false</IsOnlyDamagedByPlayer>
		<PositionRotation>
			<X>589.545898</X>
			<Y>125.279686</Y>
			<Z>97.8447952</Z>
			<Pitch>84.0562363</Pitch>
			<Roll>177.816422</Roll>
			<Yaw>163.596664</Yaw>
		</PositionRotation>
		<Attachment isAttached="true">
			<AttachedTo>193883</AttachedTo>
			<BoneIndex>0</BoneIndex>
			<X>-0.380000323</X>
			<Y>-2.43999577</Y>
			<Z>0.219999805</Z>
			<Pitch>84.0376968</Pitch>
			<Roll>177.904709</Roll>
			<Yaw>184.086945</Yaw>
		</Attachment>
	</Placement>
	<Placement>
		<ModelHash>0xb2b4cbc8</ModelHash>
		<Type>3</Type>
		<Dynamic>false</Dynamic>
		<FrozenPos>true</FrozenPos>
		<HashName>prop_bottle_cap_01</HashName>
		<InitialHandle>348422</InitialHandle>
		<ObjectProperties>
			<TextureVariation>0</TextureVariation>
		</ObjectProperties>
		<OpacityLevel>255</OpacityLevel>
		<LodDistance>16960</LodDistance>
		<IsVisible>true</IsVisible>
		<MaxHealth>1000</MaxHealth>
		<Health>1000</Health>
		<HasGravity>true</HasGravity>
		<IsOnFire>false</IsOnFire>
		<IsInvincible>false</IsInvincible>
		<IsBulletProof>false</IsBulletProof>
		<IsCollisionProof>true</IsCollisionProof>
		<IsExplosionProof>false</IsExplosionProof>
		<IsFireProof>false</IsFireProof>
		<IsMeleeProof>false</IsMeleeProof>
		<IsOnlyDamagedByPlayer>false</IsOnlyDamagedByPlayer>
		<PositionRotation>
			<X>590.497253</X>
			<Y>129.569061</Y>
			<Z>98.1320114</Z>
			<Pitch>-0.0190609228</Pitch>
			<Roll>-23.692194</Roll>
			<Yaw>-20.5780602</Yaw>
		</PositionRotation>
		<Attachment isAttached="true">
			<AttachedTo>32610</AttachedTo>
			<BoneIndex>0</BoneIndex>
			<X>-0.0779999793</X>
			<Y>0.0699999928</Y>
			<Z>-0.0109999999</Z>
			<Pitch>0</Pitch>
			<Roll>0</Roll>
			<Yaw>0</Yaw>
		</Attachment>
	</Placement>
	<Placement>
		<ModelHash>0xb2b4cbc8</ModelHash>
		<Type>3</Type>
		<Dynamic>false</Dynamic>
		<FrozenPos>true</FrozenPos>
		<HashName>prop_bottle_cap_01</HashName>
		<InitialHandle>622693</InitialHandle>
		<ObjectProperties>
			<TextureVariation>0</TextureVariation>
		</ObjectProperties>
		<OpacityLevel>255</OpacityLevel>
		<LodDistance>16960</LodDistance>
		<IsVisible>true</IsVisible>
		<MaxHealth>1000</MaxHealth>
		<Health>1000</Health>
		<HasGravity>true</HasGravity>
		<IsOnFire>false</IsOnFire>
		<IsInvincible>false</IsInvincible>
		<IsBulletProof>false</IsBulletProof>
		<IsCollisionProof>true</IsCollisionProof>
		<IsExplosionProof>false</IsExplosionProof>
		<IsFireProof>false</IsFireProof>
		<IsMeleeProof>false</IsMeleeProof>
		<IsOnlyDamagedByPlayer>false</IsOnlyDamagedByPlayer>
		<PositionRotation>
			<X>590.621582</X>
			<Y>129.522415</Y>
			<Z>98.1902695</Z>
			<Pitch>-0.0190609228</Pitch>
			<Roll>-23.692194</Roll>
			<Yaw>-20.5780602</Yaw>
		</PositionRotation>
		<Attachment isAttached="true">
			<AttachedTo>32610</AttachedTo>
			<BoneIndex>0</BoneIndex>
			<X>0.0669999644</X>
			<Y>0.0699999928</Y>
			<Z>-0.0109999999</Z>
			<Pitch>0</Pitch>
			<Roll>0</Roll>
			<Yaw>0</Yaw>
		</Attachment>
	</Placement>
	<Placement>
		<ModelHash>0xb2b4cbc8</ModelHash>
		<Type>3</Type>
		<Dynamic>false</Dynamic>
		<FrozenPos>true</FrozenPos>
		<HashName>prop_bottle_cap_01</HashName>
		<InitialHandle>36958</InitialHandle>
		<ObjectProperties>
			<TextureVariation>0</TextureVariation>
		</ObjectProperties>
		<OpacityLevel>255</OpacityLevel>
		<LodDistance>16960</LodDistance>
		<IsVisible>true</IsVisible>
		<MaxHealth>1000</MaxHealth>
		<Health>1000</Health>
		<HasGravity>true</HasGravity>
		<IsOnFire>false</IsOnFire>
		<IsInvincible>false</IsInvincible>
		<IsBulletProof>false</IsBulletProof>
		<IsCollisionProof>true</IsCollisionProof>
		<IsExplosionProof>false</IsExplosionProof>
		<IsFireProof>false</IsFireProof>
		<IsMeleeProof>false</IsMeleeProof>
		<IsOnlyDamagedByPlayer>false</IsOnlyDamagedByPlayer>
		<PositionRotation>
			<X>590.535706</X>
			<Y>129.40831</Y>
			<Z>98.1726379</Z>
			<Pitch>-0.0190609228</Pitch>
			<Roll>-23.692194</Roll>
			<Yaw>-20.5780602</Yaw>
		</PositionRotation>
		<Attachment isAttached="true">
			<AttachedTo>32610</AttachedTo>
			<BoneIndex>0</BoneIndex>
			<X>0.0230000075</X>
			<Y>-0.0669999346</Y>
			<Z>-0.0109999999</Z>
			<Pitch>0</Pitch>
			<Roll>0</Roll>
			<Yaw>0</Yaw>
		</Attachment>
	</Placement>
	<Placement>
		<ModelHash>0x0e727aa0</ModelHash>
		<Type>3</Type>
		<Dynamic>false</Dynamic>
		<FrozenPos>true</FrozenPos>
		<HashName>w_am_jerrycan</HashName>
		<InitialHandle>324703</InitialHandle>
		<ObjectProperties>
			<TextureVariation>0</TextureVariation>
		</ObjectProperties>
		<OpacityLevel>255</OpacityLevel>
		<LodDistance>16960</LodDistance>
		<IsVisible>true</IsVisible>
		<MaxHealth>1000</MaxHealth>
		<Health>1000</Health>
		<HasGravity>true</HasGravity>
		<IsOnFire>false</IsOnFire>
		<IsInvincible>false</IsInvincible>
		<IsBulletProof>false</IsBulletProof>
		<IsCollisionProof>true</IsCollisionProof>
		<IsExplosionProof>false</IsExplosionProof>
		<IsFireProof>false</IsFireProof>
		<IsMeleeProof>false</IsMeleeProof>
		<IsOnlyDamagedByPlayer>false</IsOnlyDamagedByPlayer>
		<PositionRotation>
			<X>591.510376</X>
			<Y>126.859055</Y>
			<Z>98.108902</Z>
			<Pitch>0.0346664116</Pitch>
			<Roll>-6.96967316</Roll>
			<Yaw>69.4219437</Yaw>
		</PositionRotation>
		<Attachment isAttached="true">
			<AttachedTo>193883</AttachedTo>
			<BoneIndex>0</BoneIndex>
			<X>0.903974533</X>
			<Y>-0.271007419</Y>
			<Z>0.485003054</Z>
			<Pitch>0.0268648211</Pitch>
			<Roll>-6.98873568</Roll>
			<Yaw>90.0000153</Yaw>
		</Attachment>
	</Placement>
	<Placement>
		<ModelHash>0x3a49ebd1</ModelHash>
		<Type>3</Type>
		<Dynamic>false</Dynamic>
		<FrozenPos>true</FrozenPos>
		<HashName>p_car_keys_01</HashName>
		<InitialHandle>169060</InitialHandle>
		<ObjectProperties>
			<TextureVariation>0</TextureVariation>
		</ObjectProperties>
		<OpacityLevel>255</OpacityLevel>
		<LodDistance>16960</LodDistance>
		<IsVisible>true</IsVisible>
		<MaxHealth>1000</MaxHealth>
		<Health>1000</Health>
		<HasGravity>true</HasGravity>
		<IsOnFire>false</IsOnFire>
		<IsInvincible>false</IsInvincible>
		<IsBulletProof>false</IsBulletProof>
		<IsCollisionProof>true</IsCollisionProof>
		<IsExplosionProof>false</IsExplosionProof>
		<IsFireProof>false</IsFireProof>
		<IsMeleeProof>false</IsMeleeProof>
		<IsOnlyDamagedByPlayer>false</IsOnlyDamagedByPlayer>
		<PositionRotation>
			<X>591.397278</X>
			<Y>128.045593</Y>
			<Z>98.2846146</Z>
			<Pitch>-20.9428196</Pitch>
			<Roll>81.9754715</Roll>
			<Yaw>159.415878</Yaw>
		</PositionRotation>
		<Attachment isAttached="true">
			<AttachedTo>193883</AttachedTo>
			<BoneIndex>0</BoneIndex>
			<X>0.381020278</X>
			<Y>0.800012589</Y>
			<Z>0.661000788</Z>
			<Pitch>-20.9618816</Pitch>
			<Roll>81.9838333</Roll>
			<Yaw>179.996948</Yaw>
		</Attachment>
	</Placement>
	<Placement>
		<ModelHash>0x18fcd344</ModelHash>
		<Type>3</Type>
		<Dynamic>false</Dynamic>
		<FrozenPos>true</FrozenPos>
		<HashName>prop_gaffer_tape_strip</HashName>
		<InitialHandle>229220</InitialHandle>
		<ObjectProperties>
			<TextureVariation>0</TextureVariation>
		</ObjectProperties>
		<OpacityLevel>255</OpacityLevel>
		<LodDistance>16960</LodDistance>
		<IsVisible>true</IsVisible>
		<MaxHealth>1000</MaxHealth>
		<Health>1000</Health>
		<HasGravity>true</HasGravity>
		<IsOnFire>false</IsOnFire>
		<IsInvincible>false</IsInvincible>
		<IsBulletProof>false</IsBulletProof>
		<IsCollisionProof>true</IsCollisionProof>
		<IsExplosionProof>false</IsExplosionProof>
		<IsFireProof>false</IsFireProof>
		<IsMeleeProof>false</IsMeleeProof>
		<IsOnlyDamagedByPlayer>false</IsOnlyDamagedByPlayer>
		<PositionRotation>
			<X>591.613953</X>
			<Y>127.66304</Y>
			<Z>98.3468628</Z>
			<Pitch>-1.01906264</Pitch>
			<Roll>-90.7921677</Roll>
			<Yaw>-20.5777969</Yaw>
		</PositionRotation>
		<Attachment isAttached="true">
			<AttachedTo>193883</AttachedTo>
			<BoneIndex>0</BoneIndex>
			<X>0.718322515</X>
			<Y>0.51800549</Y>
			<Z>0.723201096</Z>
			<Pitch>-1.00000024</Pitch>
			<Roll>-90.7999725</Roll>
			<Yaw>0.000127792358</Yaw>
		</Attachment>
	</Placement>
	<Placement>
		<ModelHash>0x8856dc70</ModelHash>
		<Type>3</Type>
		<Dynamic>false</Dynamic>
		<FrozenPos>true</FrozenPos>
		<HashName>ng_proc_wood_01a</HashName>
		<InitialHandle>453229</InitialHandle>
		<ObjectProperties>
			<TextureVariation>0</TextureVariation>
		</ObjectProperties>
		<OpacityLevel>255</OpacityLevel>
		<LodDistance>16960</LodDistance>
		<IsVisible>true</IsVisible>
		<MaxHealth>1000</MaxHealth>
		<Health>1000</Health>
		<HasGravity>true</HasGravity>
		<IsOnFire>false</IsOnFire>
		<IsInvincible>false</IsInvincible>
		<IsBulletProof>false</IsBulletProof>
		<IsCollisionProof>true</IsCollisionProof>
		<IsExplosionProof>false</IsExplosionProof>
		<IsFireProof>false</IsFireProof>
		<IsMeleeProof>false</IsMeleeProof>
		<IsOnlyDamagedByPlayer>false</IsOnlyDamagedByPlayer>
		<PositionRotation>
			<X>591.353149</X>
			<Y>126.895264</Y>
			<Z>98.283699</Z>
			<Pitch>-6.96967268</Pitch>
			<Roll>-0.0349275023</Roll>
			<Yaw>159.417679</Yaw>
		</PositionRotation>
		<Attachment isAttached="true">
			<AttachedTo>324703</AttachedTo>
			<BoneIndex>0</BoneIndex>
			<X>0</X>
			<Y>0.160000056</Y>
			<Z>0.176000059</Z>
			<Pitch>0</Pitch>
			<Roll>0</Roll>
			<Yaw>89.9999847</Yaw>
		</Attachment>
	</Placement>
	<Placement>
		<ModelHash>0x89d650bf</ModelHash>
		<Type>3</Type>
		<Dynamic>false</Dynamic>
		<FrozenPos>true</FrozenPos>
		<HashName>w_me_knife_01</HashName>
		<InitialHandle>171104</InitialHandle>
		<ObjectProperties>
			<TextureVariation>0</TextureVariation>
		</ObjectProperties>
		<OpacityLevel>255</OpacityLevel>
		<LodDistance>16960</LodDistance>
		<IsVisible>true</IsVisible>
		<MaxHealth>1000</MaxHealth>
		<Health>1000</Health>
		<HasGravity>true</HasGravity>
		<IsOnFire>false</IsOnFire>
		<IsInvincible>false</IsInvincible>
		<IsBulletProof>false</IsBulletProof>
		<IsCollisionProof>true</IsCollisionProof>
		<IsExplosionProof>false</IsExplosionProof>
		<IsFireProof>false</IsFireProof>
		<IsMeleeProof>false</IsMeleeProof>
		<IsOnlyDamagedByPlayer>false</IsOnlyDamagedByPlayer>
		<PositionRotation>
			<X>591.581726</X>
			<Y>126.792595</Y>
			<Z>98.41259</Z>
			<Pitch>1.00198412</Pitch>
			<Roll>173.102249</Roll>
			<Yaw>61.4801903</Yaw>
		</PositionRotation>
		<Attachment isAttached="true">
			<AttachedTo>453229</AttachedTo>
			<BoneIndex>0</BoneIndex>
			<X>-0.250000089</X>
			<Y>0</Y>
			<Z>0.13000004</Z>
			<Pitch>0</Pitch>
			<Roll>179.999985</Roll>
			<Yaw>-98.0000076</Yaw>
		</Attachment>
	</Placement>
	<Placement>
		<ModelHash>0xcf821d72</ModelHash>
		<Type>3</Type>
		<Dynamic>false</Dynamic>
		<FrozenPos>true</FrozenPos>
		<HashName>prop_wall_light_13a</HashName>
		<InitialHandle>240492</InitialHandle>
		<ObjectProperties>
			<TextureVariation>0</TextureVariation>
		</ObjectProperties>
		<OpacityLevel>255</OpacityLevel>
		<LodDistance>16960</LodDistance>
		<IsVisible>true</IsVisible>
		<MaxHealth>1000</MaxHealth>
		<Health>1000</Health>
		<HasGravity>true</HasGravity>
		<IsOnFire>false</IsOnFire>
		<IsInvincible>false</IsInvincible>
		<IsBulletProof>false</IsBulletProof>
		<IsCollisionProof>true</IsCollisionProof>
		<IsExplosionProof>false</IsExplosionProof>
		<IsFireProof>false</IsFireProof>
		<IsMeleeProof>false</IsMeleeProof>
		<IsOnlyDamagedByPlayer>false</IsOnlyDamagedByPlayer>
		<PositionRotation>
			<X>592.322327</X>
			<Y>128.777039</Y>
			<Z>98.0941925</Z>
			<Pitch>-7.94280958</Pitch>
			<Roll>-20.0235558</Roll>
			<Yaw>159.419724</Yaw>
		</PositionRotation>
		<Attachment isAttached="true">
			<AttachedTo>193883</AttachedTo>
			<BoneIndex>0</BoneIndex>
			<X>0.989980876</X>
			<Y>1.80998993</Y>
			<Z>0.470997661</Z>
			<Pitch>-7.96187258</Pitch>
			<Roll>-20.0156803</Roll>
			<Yaw>179.998886</Yaw>
		</Attachment>
	</Placement>
	<Placement>
		<ModelHash>0x393ac1ea</ModelHash>
		<Type>3</Type>
		<Dynamic>false</Dynamic>
		<FrozenPos>true</FrozenPos>
		<HashName>prop_headphones_01</HashName>
		<InitialHandle>195436</InitialHandle>
		<ObjectProperties>
			<TextureVariation>0</TextureVariation>
		</ObjectProperties>
		<OpacityLevel>255</OpacityLevel>
		<LodDistance>16960</LodDistance>
		<IsVisible>true</IsVisible>
		<MaxHealth>1000</MaxHealth>
		<Health>1000</Health>
		<HasGravity>true</HasGravity>
		<IsOnFire>false</IsOnFire>
		<IsInvincible>false</IsInvincible>
		<IsBulletProof>false</IsBulletProof>
		<IsCollisionProof>true</IsCollisionProof>
		<IsExplosionProof>false</IsExplosionProof>
		<IsFireProof>false</IsFireProof>
		<IsMeleeProof>false</IsMeleeProof>
		<IsOnlyDamagedByPlayer>false</IsOnlyDamagedByPlayer>
		<PositionRotation>
			<X>591.98584</X>
			<Y>128.463654</Y>
			<Z>98.2948303</Z>
			<Pitch>8.16845036</Pitch>
			<Roll>-19.9357166</Roll>
			<Yaw>117.262077</Yaw>
		</PositionRotation>
		<Attachment isAttached="true">
			<AttachedTo>240492</AttachedTo>
			<BoneIndex>0</BoneIndex>
			<X>0.280000061</X>
			<Y>0.379999995</Y>
			<Z>0.170000061</Z>
			<Pitch>0</Pitch>
			<Roll>0</Roll>
			<Yaw>-45.0000038</Yaw>
		</Attachment>
	</Placement>
</SpoonerPlacements>
