<?xml version="1.0"?>
<Vehicle menyoo_ver="0.999876776b">
	<ModelHash>0x744ca80d</ModelHash>
	<InitialHandle>217347</InitialHandle>
	<VehicleProperties>
		<Colours>
			<Primary>111</Primary>
			<Secondary>111</Secondary>
			<Pearl>111</Pearl>
			<Rim>156</Rim>
			<Mod1_a>0</Mod1_a>
			<Mod1_b>0</Mod1_b>
			<Mod1_c>13968</Mod1_c>
			<Mod2_a>0</Mod2_a>
			<Mod2_b>18196</Mod2_b>
			<IsPrimaryColourCustom>false</IsPrimaryColourCustom>
			<IsSecondaryColourCustom>false</IsSecondaryColourCustom>
			<tyreSmoke_R>255</tyreSmoke_R>
			<tyreSmoke_G>255</tyreSmoke_G>
			<tyreSmoke_B>255</tyreSmoke_B>
			<LrInterior>0</LrInterior>
			<LrDashboard>0</LrDashboard>
		</Colours>
		<Livery>-1</Livery>
		<NumberPlateText> MENYOO </NumberPlateText>
		<NumberPlateIndex>5</NumberPlateIndex>
		<WheelType>0</WheelType>
		<WheelsInvisible>false</WheelsInvisible>
		<EngineSoundName />
		<WindowTint>-1</WindowTint>
		<BulletProofTyres>true</BulletProofTyres>
		<DirtLevel>0.0473504253</DirtLevel>
		<PaintFade>0.298039228</PaintFade>
		<RoofState>0</RoofState>
		<SirenActive>false</SirenActive>
		<EngineOn>true</EngineOn>
		<EngineHealth>10000</EngineHealth>
		<LightsOn>true</LightsOn>
		<IsRadioLoud>0</IsRadioLoud>
		<LockStatus>1</LockStatus>
		<Neons>
			<Left>false</Left>
			<Right>false</Right>
			<Front>false</Front>
			<Back>false</Back>
			<R>255</R>
			<G>0</G>
			<B>255</B>
		</Neons>
		<ModExtras>
			<_1>false</_1>
		</ModExtras>
		<Mods>
			<_0>-1,0</_0>
			<_1>-1,0</_1>
			<_2>-1,0</_2>
			<_3>-1,0</_3>
			<_4>-1,0</_4>
			<_5>-1,0</_5>
			<_6>-1,0</_6>
			<_7>-1,0</_7>
			<_8>-1,0</_8>
			<_9>-1,0</_9>
			<_10>-1,0</_10>
			<_11>-1,0</_11>
			<_12>-1,0</_12>
			<_13>-1,0</_13>
			<_14>-1,0</_14>
			<_15>-1,0</_15>
			<_16>-1,0</_16>
			<_17>false</_17>
			<_18>false</_18>
			<_19>false</_19>
			<_20>false</_20>
			<_21>false</_21>
			<_22>false</_22>
			<_23>-1,0</_23>
			<_24>-1,0</_24>
			<_25>-1,0</_25>
			<_26>-1,0</_26>
			<_27>-1,0</_27>
			<_28>-1,0</_28>
			<_29>-1,0</_29>
			<_30>-1,0</_30>
			<_31>-1,0</_31>
			<_32>-1,0</_32>
			<_33>-1,0</_33>
			<_34>-1,0</_34>
			<_35>-1,0</_35>
			<_36>-1,0</_36>
			<_37>-1,0</_37>
			<_38>-1,0</_38>
			<_39>-1,0</_39>
			<_40>-1,0</_40>
			<_41>-1,0</_41>
			<_42>-1,0</_42>
			<_43>-1,0</_43>
			<_44>-1,0</_44>
			<_45>-1,0</_45>
			<_46>-1,0</_46>
			<_47>-1,0</_47>
			<_48>-1,0</_48>
		</Mods>
		<DoorsOpen>
			<BackLeftDoor>false</BackLeftDoor>
			<BackRightDoor>false</BackRightDoor>
			<FrontLeftDoor>false</FrontLeftDoor>
			<FrontRightDoor>false</FrontRightDoor>
			<Hood>false</Hood>
			<Trunk>false</Trunk>
			<Trunk2>false</Trunk2>
		</DoorsOpen>
		<DoorsBroken>
			<BackLeftDoor>false</BackLeftDoor>
			<BackRightDoor>false</BackRightDoor>
			<FrontLeftDoor>false</FrontLeftDoor>
			<FrontRightDoor>false</FrontRightDoor>
			<Hood>false</Hood>
			<Trunk>false</Trunk>
			<Trunk2>false</Trunk2>
		</DoorsBroken>
		<TyresBursted>
			<FrontLeft>false</FrontLeft>
			<FrontRight>false</FrontRight>
			<_2>false</_2>
			<_3>false</_3>
			<BackLeft>false</BackLeft>
			<BackRight>false</BackRight>
			<_6>false</_6>
			<_7>false</_7>
			<_8>false</_8>
		</TyresBursted>
	</VehicleProperties>
	<OpacityLevel>255</OpacityLevel>
	<LodDistance>650</LodDistance>
	<IsVisible>true</IsVisible>
	<IsDriverVisible>true</IsDriverVisible>
	<MaxHealth>1000</MaxHealth>
	<Health>10000</Health>
	<HasGravity>true</HasGravity>
	<IsOnFire>false</IsOnFire>
	<IsInvincible>false</IsInvincible>
	<IsBulletProof>true</IsBulletProof>
	<IsExplosionProof>true</IsExplosionProof>
	<IsFireProof>true</IsFireProof>
	<IsMeleeProof>true</IsMeleeProof>
	<IsOnlyDamagedByPlayer>false</IsOnlyDamagedByPlayer>
	<SpoonerAttachments SetAttachmentsPersistentAndAddToSpoonerDatabase="false" StartTaskSequencesOnLoad="true">
		<Attachment>
			<ModelHash>0x4eb1e082</ModelHash>
			<Type>3</Type>
			<Dynamic>false</Dynamic>
			<FrozenPos>true</FrozenPos>
			<HashName>hei_prop_carrier_light_01</HashName>
			<InitialHandle>512005</InitialHandle>
			<ObjectProperties>
				<TextureVariation>0</TextureVariation>
			</ObjectProperties>
			<OpacityLevel>255</OpacityLevel>
			<LodDistance>16960</LodDistance>
			<IsVisible>true</IsVisible>
			<MaxHealth>1000</MaxHealth>
			<Health>1000</Health>
			<HasGravity>true</HasGravity>
			<IsOnFire>false</IsOnFire>
			<IsInvincible>false</IsInvincible>
			<IsBulletProof>false</IsBulletProof>
			<IsCollisionProof>false</IsCollisionProof>
			<IsExplosionProof>false</IsExplosionProof>
			<IsFireProof>false</IsFireProof>
			<IsMeleeProof>false</IsMeleeProof>
			<IsOnlyDamagedByPlayer>false</IsOnlyDamagedByPlayer>
			<PositionRotation>
				<X>181.221817</X>
				<Y>-60.3987083</Y>
				<Z>70.4363022</Z>
				<Pitch>-1.22553968</Pitch>
				<Roll>-0.101664126</Roll>
				<Yaw>76.8461456</Yaw>
			</PositionRotation>
			<Attachment isAttached="true">
				<AttachedTo>217347</AttachedTo>
				<BoneIndex>0</BoneIndex>
				<X>-0.899999976</X>
				<Y>4.6999979</Y>
				<Z>2.10000014</Z>
				<Pitch>0</Pitch>
				<Roll>0</Roll>
				<Yaw>-179.999985</Yaw>
			</Attachment>
		</Attachment>
		<Attachment>
			<ModelHash>0x4eb1e082</ModelHash>
			<Type>3</Type>
			<Dynamic>false</Dynamic>
			<FrozenPos>true</FrozenPos>
			<HashName>hei_prop_carrier_light_01</HashName>
			<InitialHandle>539909</InitialHandle>
			<ObjectProperties>
				<TextureVariation>0</TextureVariation>
			</ObjectProperties>
			<OpacityLevel>255</OpacityLevel>
			<LodDistance>16960</LodDistance>
			<IsVisible>true</IsVisible>
			<MaxHealth>1000</MaxHealth>
			<Health>1000</Health>
			<HasGravity>true</HasGravity>
			<IsOnFire>false</IsOnFire>
			<IsInvincible>false</IsInvincible>
			<IsBulletProof>false</IsBulletProof>
			<IsCollisionProof>false</IsCollisionProof>
			<IsExplosionProof>false</IsExplosionProof>
			<IsFireProof>false</IsFireProof>
			<IsMeleeProof>false</IsMeleeProof>
			<IsOnlyDamagedByPlayer>false</IsOnlyDamagedByPlayer>
			<PositionRotation>
				<X>180.812271</X>
				<Y>-62.1514969</Y>
				<Z>70.4331055</Z>
				<Pitch>-1.22553968</Pitch>
				<Roll>-0.101664126</Roll>
				<Yaw>76.8461456</Yaw>
			</PositionRotation>
			<Attachment isAttached="true">
				<AttachedTo>217347</AttachedTo>
				<BoneIndex>0</BoneIndex>
				<X>0.899999976</X>
				<Y>4.6999979</Y>
				<Z>2.10000014</Z>
				<Pitch>0</Pitch>
				<Roll>0</Roll>
				<Yaw>-179.999985</Yaw>
			</Attachment>
		</Attachment>
		<Attachment>
			<ModelHash>0x376cb307</ModelHash>
			<Type>3</Type>
			<Dynamic>false</Dynamic>
			<FrozenPos>true</FrozenPos>
			<HashName>prop_rub_buswreck_06</HashName>
			<InitialHandle>741133</InitialHandle>
			<ObjectProperties>
				<TextureVariation>0</TextureVariation>
			</ObjectProperties>
			<OpacityLevel>255</OpacityLevel>
			<LodDistance>16960</LodDistance>
			<IsVisible>true</IsVisible>
			<MaxHealth>1000</MaxHealth>
			<Health>1000</Health>
			<HasGravity>true</HasGravity>
			<IsOnFire>false</IsOnFire>
			<IsInvincible>false</IsInvincible>
			<IsBulletProof>false</IsBulletProof>
			<IsCollisionProof>false</IsCollisionProof>
			<IsExplosionProof>false</IsExplosionProof>
			<IsFireProof>false</IsFireProof>
			<IsMeleeProof>false</IsMeleeProof>
			<IsOnlyDamagedByPlayer>false</IsOnlyDamagedByPlayer>
			<PositionRotation>
				<X>175.142151</X>
				<Y>-59.8966789</Y>
				<Z>67.3049316</Z>
				<Pitch>1.2255398</Pitch>
				<Roll>0.10166458</Roll>
				<Yaw>-103.15387</Yaw>
			</PositionRotation>
			<Attachment isAttached="true">
				<AttachedTo>217347</AttachedTo>
				<BoneIndex>0</BoneIndex>
				<X>0</X>
				<Y>-1.40000033</Y>
				<Z>-0.899999976</Z>
				<Pitch>0</Pitch>
				<Roll>0</Roll>
				<Yaw>0</Yaw>
			</Attachment>
		</Attachment>
		<Attachment>
			<ModelHash>0x01e52097</ModelHash>
			<Type>3</Type>
			<Dynamic>false</Dynamic>
			<FrozenPos>true</FrozenPos>
			<HashName>hei_prop_carrier_lightset_1</HashName>
			<InitialHandle>271895</InitialHandle>
			<ObjectProperties>
				<TextureVariation>0</TextureVariation>
			</ObjectProperties>
			<OpacityLevel>255</OpacityLevel>
			<LodDistance>16960</LodDistance>
			<IsVisible>true</IsVisible>
			<MaxHealth>1000</MaxHealth>
			<Health>1000</Health>
			<HasGravity>true</HasGravity>
			<IsOnFire>false</IsOnFire>
			<IsInvincible>false</IsInvincible>
			<IsBulletProof>false</IsBulletProof>
			<IsCollisionProof>false</IsCollisionProof>
			<IsExplosionProof>false</IsExplosionProof>
			<IsFireProof>false</IsFireProof>
			<IsMeleeProof>false</IsMeleeProof>
			<IsOnlyDamagedByPlayer>false</IsOnlyDamagedByPlayer>
			<PositionRotation>
				<X>176.147736</X>
				<Y>-61.4719963</Y>
				<Z>70.2318954</Z>
				<Pitch>0.101641491</Pitch>
				<Roll>-1.22554147</Roll>
				<Yaw>-13.1517048</Yaw>
			</PositionRotation>
			<Attachment isAttached="true">
				<AttachedTo>217347</AttachedTo>
				<BoneIndex>0</BoneIndex>
				<X>1.30000007</X>
				<Y>0</Y>
				<Z>2.00000024</Z>
				<Pitch>0</Pitch>
				<Roll>0</Roll>
				<Yaw>90</Yaw>
			</Attachment>
		</Attachment>
		<Attachment>
			<ModelHash>0x01e52097</ModelHash>
			<Type>3</Type>
			<Dynamic>false</Dynamic>
			<FrozenPos>true</FrozenPos>
			<HashName>hei_prop_carrier_lightset_1</HashName>
			<InitialHandle>305941</InitialHandle>
			<ObjectProperties>
				<TextureVariation>0</TextureVariation>
			</ObjectProperties>
			<OpacityLevel>255</OpacityLevel>
			<LodDistance>16960</LodDistance>
			<IsVisible>true</IsVisible>
			<MaxHealth>1000</MaxHealth>
			<Health>1000</Health>
			<HasGravity>true</HasGravity>
			<IsOnFire>false</IsOnFire>
			<IsInvincible>false</IsInvincible>
			<IsBulletProof>false</IsBulletProof>
			<IsCollisionProof>false</IsCollisionProof>
			<IsExplosionProof>false</IsExplosionProof>
			<IsFireProof>false</IsFireProof>
			<IsMeleeProof>false</IsMeleeProof>
			<IsOnlyDamagedByPlayer>false</IsOnlyDamagedByPlayer>
			<PositionRotation>
				<X>176.671066</X>
				<Y>-59.2323265</Y>
				<Z>70.2359772</Z>
				<Pitch>-0.101641171</Pitch>
				<Roll>1.22554147</Roll>
				<Yaw>166.848297</Yaw>
			</PositionRotation>
			<Attachment isAttached="true">
				<AttachedTo>217347</AttachedTo>
				<BoneIndex>0</BoneIndex>
				<X>-1</X>
				<Y>0</Y>
				<Z>1.99999988</Z>
				<Pitch>0</Pitch>
				<Roll>0</Roll>
				<Yaw>-90</Yaw>
			</Attachment>
		</Attachment>
		<Attachment>
			<ModelHash>0xd05525a1</ModelHash>
			<Type>3</Type>
			<Dynamic>false</Dynamic>
			<FrozenPos>true</FrozenPos>
			<HashName>apa_mp_h_din_table_06</HashName>
			<InitialHandle>141345</InitialHandle>
			<ObjectProperties>
				<TextureVariation>0</TextureVariation>
			</ObjectProperties>
			<OpacityLevel>255</OpacityLevel>
			<LodDistance>16960</LodDistance>
			<IsVisible>true</IsVisible>
			<MaxHealth>1000</MaxHealth>
			<Health>1000</Health>
			<HasGravity>true</HasGravity>
			<IsOnFire>false</IsOnFire>
			<IsInvincible>false</IsInvincible>
			<IsBulletProof>false</IsBulletProof>
			<IsCollisionProof>false</IsCollisionProof>
			<IsExplosionProof>false</IsExplosionProof>
			<IsFireProof>false</IsFireProof>
			<IsMeleeProof>false</IsMeleeProof>
			<IsOnlyDamagedByPlayer>false</IsOnlyDamagedByPlayer>
			<PositionRotation>
				<X>170.547943</X>
				<Y>-59.7480011</Y>
				<Z>67.6069946</Z>
				<Pitch>-0.101641029</Pitch>
				<Roll>1.22554147</Roll>
				<Yaw>166.848297</Yaw>
			</PositionRotation>
			<Attachment isAttached="true">
				<AttachedTo>217347</AttachedTo>
				<BoneIndex>0</BoneIndex>
				<X>0.900000095</X>
				<Y>-5.89999676</Y>
				<Z>-0.49999997</Z>
				<Pitch>0</Pitch>
				<Roll>0</Roll>
				<Yaw>-89.9999924</Yaw>
			</Attachment>
		</Attachment>
		<Attachment>
			<ModelHash>0x28070c33</ModelHash>
			<Type>3</Type>
			<Dynamic>false</Dynamic>
			<FrozenPos>true</FrozenPos>
			<HashName>apa_mp_h_yacht_side_table_02</HashName>
			<InitialHandle>752161</InitialHandle>
			<ObjectProperties>
				<TextureVariation>0</TextureVariation>
			</ObjectProperties>
			<OpacityLevel>255</OpacityLevel>
			<LodDistance>16960</LodDistance>
			<IsVisible>true</IsVisible>
			<MaxHealth>1000</MaxHealth>
			<Health>1000</Health>
			<HasGravity>true</HasGravity>
			<IsOnFire>false</IsOnFire>
			<IsInvincible>false</IsInvincible>
			<IsBulletProof>false</IsBulletProof>
			<IsCollisionProof>false</IsCollisionProof>
			<IsExplosionProof>false</IsExplosionProof>
			<IsFireProof>false</IsFireProof>
			<IsMeleeProof>false</IsMeleeProof>
			<IsOnlyDamagedByPlayer>false</IsOnlyDamagedByPlayer>
			<PositionRotation>
				<X>180.595535</X>
				<Y>-60.247612</Y>
				<Z>67.8219299</Z>
				<Pitch>1.2255398</Pitch>
				<Roll>0.10166458</Roll>
				<Yaw>-103.15387</Yaw>
			</PositionRotation>
			<Attachment isAttached="true">
				<AttachedTo>217347</AttachedTo>
				<BoneIndex>0</BoneIndex>
				<X>-0.899999976</X>
				<Y>3.99999857</Y>
				<Z>-0.49999997</Z>
				<Pitch>0</Pitch>
				<Roll>0</Roll>
				<Yaw>0</Yaw>
			</Attachment>
		</Attachment>
		<Attachment>
			<ModelHash>0x28070c33</ModelHash>
			<Type>3</Type>
			<Dynamic>false</Dynamic>
			<FrozenPos>true</FrozenPos>
			<HashName>apa_mp_h_yacht_side_table_02</HashName>
			<InitialHandle>631329</InitialHandle>
			<ObjectProperties>
				<TextureVariation>0</TextureVariation>
			</ObjectProperties>
			<OpacityLevel>255</OpacityLevel>
			<LodDistance>16960</LodDistance>
			<IsVisible>true</IsVisible>
			<MaxHealth>1000</MaxHealth>
			<Health>1000</Health>
			<HasGravity>true</HasGravity>
			<IsOnFire>false</IsOnFire>
			<IsInvincible>false</IsInvincible>
			<IsBulletProof>false</IsBulletProof>
			<IsCollisionProof>false</IsCollisionProof>
			<IsExplosionProof>false</IsExplosionProof>
			<IsFireProof>false</IsFireProof>
			<IsMeleeProof>false</IsMeleeProof>
			<IsOnlyDamagedByPlayer>false</IsOnlyDamagedByPlayer>
			<PositionRotation>
				<X>171.856445</X>
				<Y>-58.1026001</Y>
				<Z>67.6296158</Z>
				<Pitch>1.2255398</Pitch>
				<Roll>0.10166458</Roll>
				<Yaw>-103.15387</Yaw>
			</PositionRotation>
			<Attachment isAttached="true">
				<AttachedTo>217347</AttachedTo>
				<BoneIndex>0</BoneIndex>
				<X>-1</X>
				<Y>-4.99999762</Y>
				<Z>-0.499999911</Z>
				<Pitch>0</Pitch>
				<Roll>0</Roll>
				<Yaw>0</Yaw>
			</Attachment>
		</Attachment>
		<Attachment>
			<ModelHash>0x395d5d6f</ModelHash>
			<Type>3</Type>
			<Dynamic>false</Dynamic>
			<FrozenPos>true</FrozenPos>
			<HashName>prop_wall_light_01a</HashName>
			<InitialHandle>529448</InitialHandle>
			<ObjectProperties>
				<TextureVariation>0</TextureVariation>
			</ObjectProperties>
			<OpacityLevel>255</OpacityLevel>
			<LodDistance>16960</LodDistance>
			<IsVisible>true</IsVisible>
			<MaxHealth>1000</MaxHealth>
			<Health>1000</Health>
			<HasGravity>true</HasGravity>
			<IsOnFire>false</IsOnFire>
			<IsInvincible>false</IsInvincible>
			<IsBulletProof>false</IsBulletProof>
			<IsCollisionProof>false</IsCollisionProof>
			<IsExplosionProof>false</IsExplosionProof>
			<IsFireProof>false</IsFireProof>
			<IsMeleeProof>false</IsMeleeProof>
			<IsOnlyDamagedByPlayer>false</IsOnlyDamagedByPlayer>
			<PositionRotation>
				<X>176.553726</X>
				<Y>-58.5854607</Y>
				<Z>68.4310379</Z>
				<Pitch>-0.10164164</Pitch>
				<Roll>1.22554147</Roll>
				<Yaw>166.848282</Yaw>
			</PositionRotation>
			<Attachment isAttached="true">
				<AttachedTo>217347</AttachedTo>
				<BoneIndex>0</BoneIndex>
				<X>-1.59999979</X>
				<Y>-0.299999982</Y>
				<Z>0.199999988</Z>
				<Pitch>0</Pitch>
				<Roll>0</Roll>
				<Yaw>-90.0000153</Yaw>
			</Attachment>
		</Attachment>
		<Attachment>
			<ModelHash>0x395d5d6f</ModelHash>
			<Type>3</Type>
			<Dynamic>false</Dynamic>
			<FrozenPos>true</FrozenPos>
			<HashName>prop_wall_light_01a</HashName>
			<InitialHandle>92466</InitialHandle>
			<ObjectProperties>
				<TextureVariation>0</TextureVariation>
			</ObjectProperties>
			<OpacityLevel>255</OpacityLevel>
			<LodDistance>16960</LodDistance>
			<IsVisible>true</IsVisible>
			<MaxHealth>1000</MaxHealth>
			<Health>1000</Health>
			<HasGravity>true</HasGravity>
			<IsOnFire>false</IsOnFire>
			<IsInvincible>false</IsInvincible>
			<IsBulletProof>false</IsBulletProof>
			<IsCollisionProof>false</IsCollisionProof>
			<IsExplosionProof>false</IsExplosionProof>
			<IsFireProof>false</IsFireProof>
			<IsMeleeProof>false</IsMeleeProof>
			<IsOnlyDamagedByPlayer>false</IsOnlyDamagedByPlayer>
			<PositionRotation>
				<X>174.411942</X>
				<Y>-58.0849304</Y>
				<Z>68.3839874</Z>
				<Pitch>-0.10164164</Pitch>
				<Roll>1.22554147</Roll>
				<Yaw>166.848282</Yaw>
			</PositionRotation>
			<Attachment isAttached="true">
				<AttachedTo>217347</AttachedTo>
				<BoneIndex>0</BoneIndex>
				<X>-1.59999979</X>
				<Y>-2.49999976</Y>
				<Z>0.199999988</Z>
				<Pitch>0</Pitch>
				<Roll>0</Roll>
				<Yaw>-90.0000153</Yaw>
			</Attachment>
		</Attachment>
		<Attachment>
			<ModelHash>0x395d5d6f</ModelHash>
			<Type>3</Type>
			<Dynamic>false</Dynamic>
			<FrozenPos>true</FrozenPos>
			<HashName>prop_wall_light_01a</HashName>
			<InitialHandle>538419</InitialHandle>
			<ObjectProperties>
				<TextureVariation>0</TextureVariation>
			</ObjectProperties>
			<OpacityLevel>255</OpacityLevel>
			<LodDistance>16960</LodDistance>
			<IsVisible>true</IsVisible>
			<MaxHealth>1000</MaxHealth>
			<Health>1000</Health>
			<HasGravity>true</HasGravity>
			<IsOnFire>false</IsOnFire>
			<IsInvincible>false</IsInvincible>
			<IsBulletProof>false</IsBulletProof>
			<IsCollisionProof>false</IsCollisionProof>
			<IsExplosionProof>false</IsExplosionProof>
			<IsFireProof>false</IsFireProof>
			<IsMeleeProof>false</IsMeleeProof>
			<IsOnlyDamagedByPlayer>false</IsOnlyDamagedByPlayer>
			<PositionRotation>
				<X>172.270157</X>
				<Y>-57.5843964</Y>
				<Z>68.336937</Z>
				<Pitch>-0.10164164</Pitch>
				<Roll>1.22554147</Roll>
				<Yaw>166.848282</Yaw>
			</PositionRotation>
			<Attachment isAttached="true">
				<AttachedTo>217347</AttachedTo>
				<BoneIndex>0</BoneIndex>
				<X>-1.59999979</X>
				<Y>-4.6999979</Y>
				<Z>0.199999988</Z>
				<Pitch>0</Pitch>
				<Roll>0</Roll>
				<Yaw>-90.0000153</Yaw>
			</Attachment>
		</Attachment>
		<Attachment>
			<ModelHash>0x395d5d6f</ModelHash>
			<Type>3</Type>
			<Dynamic>false</Dynamic>
			<FrozenPos>true</FrozenPos>
			<HashName>prop_wall_light_01a</HashName>
			<InitialHandle>328501</InitialHandle>
			<ObjectProperties>
				<TextureVariation>0</TextureVariation>
			</ObjectProperties>
			<OpacityLevel>255</OpacityLevel>
			<LodDistance>16960</LodDistance>
			<IsVisible>true</IsVisible>
			<MaxHealth>1000</MaxHealth>
			<Health>1000</Health>
			<HasGravity>true</HasGravity>
			<IsOnFire>false</IsOnFire>
			<IsInvincible>false</IsInvincible>
			<IsBulletProof>false</IsBulletProof>
			<IsCollisionProof>false</IsCollisionProof>
			<IsExplosionProof>false</IsExplosionProof>
			<IsFireProof>false</IsFireProof>
			<IsMeleeProof>false</IsMeleeProof>
			<IsOnlyDamagedByPlayer>false</IsOnlyDamagedByPlayer>
			<PositionRotation>
				<X>180.739944</X>
				<Y>-59.5637779</Y>
				<Z>68.5230103</Z>
				<Pitch>-0.10164164</Pitch>
				<Roll>1.22554147</Roll>
				<Yaw>166.848282</Yaw>
			</PositionRotation>
			<Attachment isAttached="true">
				<AttachedTo>217347</AttachedTo>
				<BoneIndex>0</BoneIndex>
				<X>-1.59999979</X>
				<Y>3.99999833</Y>
				<Z>0.199999988</Z>
				<Pitch>0</Pitch>
				<Roll>0</Roll>
				<Yaw>-90.0000153</Yaw>
			</Attachment>
		</Attachment>
		<Attachment>
			<ModelHash>0x395d5d6f</ModelHash>
			<Type>3</Type>
			<Dynamic>false</Dynamic>
			<FrozenPos>true</FrozenPos>
			<HashName>prop_wall_light_01a</HashName>
			<InitialHandle>487221</InitialHandle>
			<ObjectProperties>
				<TextureVariation>0</TextureVariation>
			</ObjectProperties>
			<OpacityLevel>255</OpacityLevel>
			<LodDistance>16960</LodDistance>
			<IsVisible>true</IsVisible>
			<MaxHealth>1000</MaxHealth>
			<Health>1000</Health>
			<HasGravity>true</HasGravity>
			<IsOnFire>false</IsOnFire>
			<IsInvincible>false</IsInvincible>
			<IsBulletProof>false</IsBulletProof>
			<IsCollisionProof>false</IsCollisionProof>
			<IsExplosionProof>false</IsExplosionProof>
			<IsFireProof>false</IsFireProof>
			<IsMeleeProof>false</IsMeleeProof>
			<IsOnlyDamagedByPlayer>false</IsOnlyDamagedByPlayer>
			<PositionRotation>
				<X>181.786514</X>
				<Y>-60.8345718</Y>
				<Z>68.1491318</Z>
				<Pitch>-1.22553968</Pitch>
				<Roll>-0.101665042</Roll>
				<Yaw>76.8460999</Yaw>
			</PositionRotation>
			<Attachment isAttached="true">
				<AttachedTo>217347</AttachedTo>
				<BoneIndex>0</BoneIndex>
				<X>-0.599999547</X>
				<Y>5.29999733</Y>
				<Z>-0.199999988</Z>
				<Pitch>0</Pitch>
				<Roll>0</Roll>
				<Yaw>179.999985</Yaw>
			</Attachment>
		</Attachment>
		<Attachment>
			<ModelHash>0x395d5d6f</ModelHash>
			<Type>3</Type>
			<Dynamic>false</Dynamic>
			<FrozenPos>true</FrozenPos>
			<HashName>prop_wall_light_01a</HashName>
			<InitialHandle>183606</InitialHandle>
			<ObjectProperties>
				<TextureVariation>0</TextureVariation>
			</ObjectProperties>
			<OpacityLevel>255</OpacityLevel>
			<LodDistance>16960</LodDistance>
			<IsVisible>true</IsVisible>
			<MaxHealth>1000</MaxHealth>
			<Health>1000</Health>
			<HasGravity>true</HasGravity>
			<IsOnFire>false</IsOnFire>
			<IsInvincible>false</IsInvincible>
			<IsBulletProof>false</IsBulletProof>
			<IsCollisionProof>false</IsCollisionProof>
			<IsExplosionProof>false</IsExplosionProof>
			<IsFireProof>false</IsFireProof>
			<IsMeleeProof>false</IsMeleeProof>
			<IsOnlyDamagedByPlayer>false</IsOnlyDamagedByPlayer>
			<PositionRotation>
				<X>181.513474</X>
				<Y>-62.0030937</Y>
				<Z>68.1470032</Z>
				<Pitch>-1.22553968</Pitch>
				<Roll>-0.101665042</Roll>
				<Yaw>76.8460999</Yaw>
			</PositionRotation>
			<Attachment isAttached="true">
				<AttachedTo>217347</AttachedTo>
				<BoneIndex>0</BoneIndex>
				<X>0.600000381</X>
				<Y>5.29999733</Y>
				<Z>-0.199999988</Z>
				<Pitch>0</Pitch>
				<Roll>0</Roll>
				<Yaw>179.999985</Yaw>
			</Attachment>
		</Attachment>
		<Attachment>
			<ModelHash>0x395d5d6f</ModelHash>
			<Type>3</Type>
			<Dynamic>false</Dynamic>
			<FrozenPos>true</FrozenPos>
			<HashName>prop_wall_light_01a</HashName>
			<InitialHandle>643639</InitialHandle>
			<ObjectProperties>
				<TextureVariation>0</TextureVariation>
			</ObjectProperties>
			<OpacityLevel>255</OpacityLevel>
			<LodDistance>16960</LodDistance>
			<IsVisible>true</IsVisible>
			<MaxHealth>1000</MaxHealth>
			<Health>1000</Health>
			<HasGravity>true</HasGravity>
			<IsOnFire>false</IsOnFire>
			<IsInvincible>false</IsInvincible>
			<IsBulletProof>false</IsBulletProof>
			<IsCollisionProof>false</IsCollisionProof>
			<IsExplosionProof>false</IsExplosionProof>
			<IsFireProof>false</IsFireProof>
			<IsMeleeProof>false</IsMeleeProof>
			<IsOnlyDamagedByPlayer>false</IsOnlyDamagedByPlayer>
			<PositionRotation>
				<X>169.813553</X>
				<Y>-57.1129875</Y>
				<Z>68.283287</Z>
				<Pitch>-0.10164164</Pitch>
				<Roll>1.22554147</Roll>
				<Yaw>166.848282</Yaw>
			</PositionRotation>
			<Attachment isAttached="true">
				<AttachedTo>217347</AttachedTo>
				<BoneIndex>0</BoneIndex>
				<X>-1.49999976</X>
				<Y>-7.19999552</Y>
				<Z>0.199999988</Z>
				<Pitch>0</Pitch>
				<Roll>0</Roll>
				<Yaw>-90.0000153</Yaw>
			</Attachment>
		</Attachment>
		<Attachment>
			<ModelHash>0x395d5d6f</ModelHash>
			<Type>3</Type>
			<Dynamic>false</Dynamic>
			<FrozenPos>true</FrozenPos>
			<HashName>prop_wall_light_01a</HashName>
			<InitialHandle>236853</InitialHandle>
			<ObjectProperties>
				<TextureVariation>0</TextureVariation>
			</ObjectProperties>
			<OpacityLevel>255</OpacityLevel>
			<LodDistance>16960</LodDistance>
			<IsVisible>true</IsVisible>
			<MaxHealth>1000</MaxHealth>
			<Health>1000</Health>
			<HasGravity>true</HasGravity>
			<IsOnFire>false</IsOnFire>
			<IsInvincible>false</IsInvincible>
			<IsBulletProof>false</IsBulletProof>
			<IsCollisionProof>false</IsCollisionProof>
			<IsExplosionProof>false</IsExplosionProof>
			<IsFireProof>false</IsFireProof>
			<IsMeleeProof>false</IsMeleeProof>
			<IsOnlyDamagedByPlayer>false</IsOnlyDamagedByPlayer>
			<PositionRotation>
				<X>168.796585</X>
				<Y>-57.9031754</Y>
				<Z>68.7642899</Z>
				<Pitch>1.22553968</Pitch>
				<Roll>0.101664938</Roll>
				<Yaw>-103.153885</Yaw>
			</PositionRotation>
			<Attachment isAttached="true">
				<AttachedTo>217347</AttachedTo>
				<BoneIndex>0</BoneIndex>
				<X>-0.499999821</X>
				<Y>-7.99999475</Y>
				<Z>0.699999928</Z>
				<Pitch>0</Pitch>
				<Roll>0</Roll>
				<Yaw>-1.56164169e-05</Yaw>
			</Attachment>
		</Attachment>
		<Attachment>
			<ModelHash>0x395d5d6f</ModelHash>
			<Type>3</Type>
			<Dynamic>false</Dynamic>
			<FrozenPos>true</FrozenPos>
			<HashName>prop_wall_light_01a</HashName>
			<InitialHandle>432444</InitialHandle>
			<ObjectProperties>
				<TextureVariation>0</TextureVariation>
			</ObjectProperties>
			<OpacityLevel>255</OpacityLevel>
			<LodDistance>16960</LodDistance>
			<IsVisible>true</IsVisible>
			<MaxHealth>1000</MaxHealth>
			<Health>1000</Health>
			<HasGravity>true</HasGravity>
			<IsOnFire>false</IsOnFire>
			<IsInvincible>false</IsInvincible>
			<IsBulletProof>false</IsBulletProof>
			<IsCollisionProof>false</IsCollisionProof>
			<IsExplosionProof>false</IsExplosionProof>
			<IsFireProof>false</IsFireProof>
			<IsMeleeProof>false</IsMeleeProof>
			<IsOnlyDamagedByPlayer>false</IsOnlyDamagedByPlayer>
			<PositionRotation>
				<X>168.523544</X>
				<Y>-59.0716972</Y>
				<Z>68.7621613</Z>
				<Pitch>1.22553968</Pitch>
				<Roll>0.101664938</Roll>
				<Yaw>-103.153885</Yaw>
			</PositionRotation>
			<Attachment isAttached="true">
				<AttachedTo>217347</AttachedTo>
				<BoneIndex>0</BoneIndex>
				<X>0.700000167</X>
				<Y>-7.99999475</Y>
				<Z>0.699999928</Z>
				<Pitch>0</Pitch>
				<Roll>0</Roll>
				<Yaw>-1.56164169e-05</Yaw>
			</Attachment>
		</Attachment>
		<Attachment>
			<ModelHash>0x395d5d6f</ModelHash>
			<Type>3</Type>
			<Dynamic>false</Dynamic>
			<FrozenPos>true</FrozenPos>
			<HashName>prop_wall_light_01a</HashName>
			<InitialHandle>545599</InitialHandle>
			<ObjectProperties>
				<TextureVariation>0</TextureVariation>
			</ObjectProperties>
			<OpacityLevel>255</OpacityLevel>
			<LodDistance>16960</LodDistance>
			<IsVisible>true</IsVisible>
			<MaxHealth>1000</MaxHealth>
			<Health>1000</Health>
			<HasGravity>true</HasGravity>
			<IsOnFire>false</IsOnFire>
			<IsInvincible>false</IsInvincible>
			<IsBulletProof>false</IsBulletProof>
			<IsCollisionProof>false</IsCollisionProof>
			<IsExplosionProof>false</IsExplosionProof>
			<IsFireProof>false</IsFireProof>
			<IsMeleeProof>false</IsMeleeProof>
			<IsOnlyDamagedByPlayer>false</IsOnlyDamagedByPlayer>
			<PositionRotation>
				<X>169.108215</X>
				<Y>-60.1316719</Y>
				<Z>68.2777863</Z>
				<Pitch>0.101641759</Pitch>
				<Roll>-1.22554135</Roll>
				<Yaw>-13.1517191</Yaw>
			</PositionRotation>
			<Attachment isAttached="true">
				<AttachedTo>217347</AttachedTo>
				<BoneIndex>0</BoneIndex>
				<X>1.60000062</X>
				<Y>-7.19999552</Y>
				<Z>0.199999988</Z>
				<Pitch>0</Pitch>
				<Roll>0</Roll>
				<Yaw>89.9999847</Yaw>
			</Attachment>
		</Attachment>
		<Attachment>
			<ModelHash>0x395d5d6f</ModelHash>
			<Type>3</Type>
			<Dynamic>false</Dynamic>
			<FrozenPos>true</FrozenPos>
			<HashName>prop_wall_light_01a</HashName>
			<InitialHandle>699200</InitialHandle>
			<ObjectProperties>
				<TextureVariation>0</TextureVariation>
			</ObjectProperties>
			<OpacityLevel>255</OpacityLevel>
			<LodDistance>16960</LodDistance>
			<IsVisible>true</IsVisible>
			<MaxHealth>1000</MaxHealth>
			<Health>1000</Health>
			<HasGravity>true</HasGravity>
			<IsOnFire>false</IsOnFire>
			<IsInvincible>false</IsInvincible>
			<IsBulletProof>false</IsBulletProof>
			<IsCollisionProof>false</IsCollisionProof>
			<IsExplosionProof>false</IsExplosionProof>
			<IsFireProof>false</IsFireProof>
			<IsMeleeProof>false</IsMeleeProof>
			<IsOnlyDamagedByPlayer>false</IsOnlyDamagedByPlayer>
			<PositionRotation>
				<X>170.471176</X>
				<Y>-60.4501953</Y>
				<Z>68.3077316</Z>
				<Pitch>0.101641759</Pitch>
				<Roll>-1.22554135</Roll>
				<Yaw>-13.1517191</Yaw>
			</PositionRotation>
			<Attachment isAttached="true">
				<AttachedTo>217347</AttachedTo>
				<BoneIndex>0</BoneIndex>
				<X>1.60000062</X>
				<Y>-5.79999685</Y>
				<Z>0.199999988</Z>
				<Pitch>0</Pitch>
				<Roll>0</Roll>
				<Yaw>89.9999847</Yaw>
			</Attachment>
		</Attachment>
		<Attachment>
			<ModelHash>0x395d5d6f</ModelHash>
			<Type>3</Type>
			<Dynamic>false</Dynamic>
			<FrozenPos>true</FrozenPos>
			<HashName>prop_wall_light_01a</HashName>
			<InitialHandle>613697</InitialHandle>
			<ObjectProperties>
				<TextureVariation>0</TextureVariation>
			</ObjectProperties>
			<OpacityLevel>255</OpacityLevel>
			<LodDistance>16960</LodDistance>
			<IsVisible>true</IsVisible>
			<MaxHealth>1000</MaxHealth>
			<Health>1000</Health>
			<HasGravity>true</HasGravity>
			<IsOnFire>false</IsOnFire>
			<IsInvincible>false</IsInvincible>
			<IsBulletProof>false</IsBulletProof>
			<IsCollisionProof>false</IsCollisionProof>
			<IsExplosionProof>false</IsExplosionProof>
			<IsFireProof>false</IsFireProof>
			<IsMeleeProof>false</IsMeleeProof>
			<IsOnlyDamagedByPlayer>false</IsOnlyDamagedByPlayer>
			<PositionRotation>
				<X>171.931473</X>
				<Y>-60.7914658</Y>
				<Z>68.3398132</Z>
				<Pitch>0.101641759</Pitch>
				<Roll>-1.22554135</Roll>
				<Yaw>-13.1517191</Yaw>
			</PositionRotation>
			<Attachment isAttached="true">
				<AttachedTo>217347</AttachedTo>
				<BoneIndex>0</BoneIndex>
				<X>1.60000062</X>
				<Y>-4.29999828</Y>
				<Z>0.199999988</Z>
				<Pitch>0</Pitch>
				<Roll>0</Roll>
				<Yaw>89.9999847</Yaw>
			</Attachment>
		</Attachment>
		<Attachment>
			<ModelHash>0x395d5d6f</ModelHash>
			<Type>3</Type>
			<Dynamic>false</Dynamic>
			<FrozenPos>true</FrozenPos>
			<HashName>prop_wall_light_01a</HashName>
			<InitialHandle>113473</InitialHandle>
			<ObjectProperties>
				<TextureVariation>0</TextureVariation>
			</ObjectProperties>
			<OpacityLevel>255</OpacityLevel>
			<LodDistance>16960</LodDistance>
			<IsVisible>true</IsVisible>
			<MaxHealth>1000</MaxHealth>
			<Health>1000</Health>
			<HasGravity>true</HasGravity>
			<IsOnFire>false</IsOnFire>
			<IsInvincible>false</IsInvincible>
			<IsBulletProof>false</IsBulletProof>
			<IsCollisionProof>false</IsCollisionProof>
			<IsExplosionProof>false</IsExplosionProof>
			<IsFireProof>false</IsFireProof>
			<IsMeleeProof>false</IsMeleeProof>
			<IsOnlyDamagedByPlayer>false</IsOnlyDamagedByPlayer>
			<PositionRotation>
				<X>175.046799</X>
				<Y>-61.5195122</Y>
				<Z>68.4082565</Z>
				<Pitch>0.101641759</Pitch>
				<Roll>-1.22554135</Roll>
				<Yaw>-13.1517191</Yaw>
			</PositionRotation>
			<Attachment isAttached="true">
				<AttachedTo>217347</AttachedTo>
				<BoneIndex>0</BoneIndex>
				<X>1.60000062</X>
				<Y>-1.10000026</Y>
				<Z>0.199999988</Z>
				<Pitch>0</Pitch>
				<Roll>0</Roll>
				<Yaw>89.9999847</Yaw>
			</Attachment>
		</Attachment>
		<Attachment>
			<ModelHash>0x395d5d6f</ModelHash>
			<Type>3</Type>
			<Dynamic>false</Dynamic>
			<FrozenPos>true</FrozenPos>
			<HashName>prop_wall_light_01a</HashName>
			<InitialHandle>215106</InitialHandle>
			<ObjectProperties>
				<TextureVariation>0</TextureVariation>
			</ObjectProperties>
			<OpacityLevel>255</OpacityLevel>
			<LodDistance>16960</LodDistance>
			<IsVisible>true</IsVisible>
			<MaxHealth>1000</MaxHealth>
			<Health>1000</Health>
			<HasGravity>true</HasGravity>
			<IsOnFire>false</IsOnFire>
			<IsInvincible>false</IsInvincible>
			<IsBulletProof>false</IsBulletProof>
			<IsCollisionProof>false</IsCollisionProof>
			<IsExplosionProof>false</IsExplosionProof>
			<IsFireProof>false</IsFireProof>
			<IsMeleeProof>false</IsMeleeProof>
			<IsOnlyDamagedByPlayer>false</IsOnlyDamagedByPlayer>
			<PositionRotation>
				<X>176.215057</X>
				<Y>-61.7925301</Y>
				<Z>68.4339218</Z>
				<Pitch>0.101641759</Pitch>
				<Roll>-1.22554135</Roll>
				<Yaw>-13.1517191</Yaw>
			</PositionRotation>
			<Attachment isAttached="true">
				<AttachedTo>217347</AttachedTo>
				<BoneIndex>0</BoneIndex>
				<X>1.60000062</X>
				<Y>0.0999998152</Y>
				<Z>0.199999988</Z>
				<Pitch>0</Pitch>
				<Roll>0</Roll>
				<Yaw>89.9999847</Yaw>
			</Attachment>
		</Attachment>
		<Attachment>
			<ModelHash>0x395d5d6f</ModelHash>
			<Type>3</Type>
			<Dynamic>false</Dynamic>
			<FrozenPos>true</FrozenPos>
			<HashName>prop_wall_light_01a</HashName>
			<InitialHandle>612924</InitialHandle>
			<ObjectProperties>
				<TextureVariation>0</TextureVariation>
			</ObjectProperties>
			<OpacityLevel>255</OpacityLevel>
			<LodDistance>16960</LodDistance>
			<IsVisible>true</IsVisible>
			<MaxHealth>1000</MaxHealth>
			<Health>1000</Health>
			<HasGravity>true</HasGravity>
			<IsOnFire>false</IsOnFire>
			<IsInvincible>false</IsInvincible>
			<IsBulletProof>false</IsBulletProof>
			<IsCollisionProof>false</IsCollisionProof>
			<IsExplosionProof>false</IsExplosionProof>
			<IsFireProof>false</IsFireProof>
			<IsMeleeProof>false</IsMeleeProof>
			<IsOnlyDamagedByPlayer>false</IsOnlyDamagedByPlayer>
			<PositionRotation>
				<X>177.383301</X>
				<Y>-62.0655479</Y>
				<Z>68.4595871</Z>
				<Pitch>0.101641759</Pitch>
				<Roll>-1.22554135</Roll>
				<Yaw>-13.1517191</Yaw>
			</PositionRotation>
			<Attachment isAttached="true">
				<AttachedTo>217347</AttachedTo>
				<BoneIndex>0</BoneIndex>
				<X>1.60000062</X>
				<Y>1.29999995</Y>
				<Z>0.199999988</Z>
				<Pitch>0</Pitch>
				<Roll>0</Roll>
				<Yaw>89.9999847</Yaw>
			</Attachment>
		</Attachment>
		<Attachment>
			<ModelHash>0x395d5d6f</ModelHash>
			<Type>3</Type>
			<Dynamic>false</Dynamic>
			<FrozenPos>true</FrozenPos>
			<HashName>prop_wall_light_01a</HashName>
			<InitialHandle>405827</InitialHandle>
			<ObjectProperties>
				<TextureVariation>0</TextureVariation>
			</ObjectProperties>
			<OpacityLevel>255</OpacityLevel>
			<LodDistance>16960</LodDistance>
			<IsVisible>true</IsVisible>
			<MaxHealth>1000</MaxHealth>
			<Health>1000</Health>
			<HasGravity>true</HasGravity>
			<IsOnFire>false</IsOnFire>
			<IsInvincible>false</IsInvincible>
			<IsBulletProof>false</IsBulletProof>
			<IsCollisionProof>false</IsCollisionProof>
			<IsExplosionProof>false</IsExplosionProof>
			<IsFireProof>false</IsFireProof>
			<IsMeleeProof>false</IsMeleeProof>
			<IsOnlyDamagedByPlayer>false</IsOnlyDamagedByPlayer>
			<PositionRotation>
				<X>178.648895</X>
				<Y>-62.3613167</Y>
				<Z>68.4873886</Z>
				<Pitch>0.101641759</Pitch>
				<Roll>-1.22554135</Roll>
				<Yaw>-13.1517191</Yaw>
			</PositionRotation>
			<Attachment isAttached="true">
				<AttachedTo>217347</AttachedTo>
				<BoneIndex>0</BoneIndex>
				<X>1.60000062</X>
				<Y>2.59999943</Y>
				<Z>0.199999988</Z>
				<Pitch>0</Pitch>
				<Roll>0</Roll>
				<Yaw>89.9999847</Yaw>
			</Attachment>
		</Attachment>
		<Attachment>
			<ModelHash>0x395d5d6f</ModelHash>
			<Type>3</Type>
			<Dynamic>false</Dynamic>
			<FrozenPos>true</FrozenPos>
			<HashName>prop_wall_light_01a</HashName>
			<InitialHandle>153411</InitialHandle>
			<ObjectProperties>
				<TextureVariation>0</TextureVariation>
			</ObjectProperties>
			<OpacityLevel>255</OpacityLevel>
			<LodDistance>16960</LodDistance>
			<IsVisible>true</IsVisible>
			<MaxHealth>1000</MaxHealth>
			<Health>1000</Health>
			<HasGravity>true</HasGravity>
			<IsOnFire>false</IsOnFire>
			<IsInvincible>false</IsInvincible>
			<IsBulletProof>false</IsBulletProof>
			<IsCollisionProof>false</IsCollisionProof>
			<IsExplosionProof>false</IsExplosionProof>
			<IsFireProof>false</IsFireProof>
			<IsMeleeProof>false</IsMeleeProof>
			<IsOnlyDamagedByPlayer>false</IsOnlyDamagedByPlayer>
			<PositionRotation>
				<X>179.279648</X>
				<Y>-59.2225037</Y>
				<Z>68.4909286</Z>
				<Pitch>-0.10164164</Pitch>
				<Roll>1.22554147</Roll>
				<Yaw>166.848282</Yaw>
			</PositionRotation>
			<Attachment isAttached="true">
				<AttachedTo>217347</AttachedTo>
				<BoneIndex>0</BoneIndex>
				<X>-1.59999979</X>
				<Y>2.5</Y>
				<Z>0.199999988</Z>
				<Pitch>0</Pitch>
				<Roll>0</Roll>
				<Yaw>-90.0000153</Yaw>
			</Attachment>
		</Attachment>
		<Attachment>
			<ModelHash>0x395d5d6f</ModelHash>
			<Type>3</Type>
			<Dynamic>false</Dynamic>
			<FrozenPos>true</FrozenPos>
			<HashName>prop_wall_light_01a</HashName>
			<InitialHandle>252488</InitialHandle>
			<ObjectProperties>
				<TextureVariation>0</TextureVariation>
			</ObjectProperties>
			<OpacityLevel>255</OpacityLevel>
			<LodDistance>16960</LodDistance>
			<IsVisible>true</IsVisible>
			<MaxHealth>1000</MaxHealth>
			<Health>1000</Health>
			<HasGravity>true</HasGravity>
			<IsOnFire>false</IsOnFire>
			<IsInvincible>false</IsInvincible>
			<IsBulletProof>false</IsBulletProof>
			<IsCollisionProof>false</IsCollisionProof>
			<IsExplosionProof>false</IsExplosionProof>
			<IsFireProof>false</IsFireProof>
			<IsMeleeProof>false</IsMeleeProof>
			<IsOnlyDamagedByPlayer>false</IsOnlyDamagedByPlayer>
			<PositionRotation>
				<X>169.753601</X>
				<Y>-60.2855949</Y>
				<Z>69.992363</Z>
				<Pitch>20.6934242</Pitch>
				<Roll>1.31007314</Roll>
				<Yaw>166.383102</Yaw>
			</PositionRotation>
			<Attachment isAttached="true">
				<AttachedTo>217347</AttachedTo>
				<BoneIndex>0</BoneIndex>
				<X>1.60000062</X>
				<Y>-6.49999619</Y>
				<Z>1.90000021</Z>
				<Pitch>20.8000431</Pitch>
				<Roll>-2.98023224e-08</Roll>
				<Yaw>-90.0000153</Yaw>
			</Attachment>
		</Attachment>
		<Attachment>
			<ModelHash>0x395d5d6f</ModelHash>
			<Type>3</Type>
			<Dynamic>false</Dynamic>
			<FrozenPos>true</FrozenPos>
			<HashName>prop_wall_light_01a</HashName>
			<InitialHandle>300361</InitialHandle>
			<ObjectProperties>
				<TextureVariation>0</TextureVariation>
			</ObjectProperties>
			<OpacityLevel>255</OpacityLevel>
			<LodDistance>16960</LodDistance>
			<IsVisible>true</IsVisible>
			<MaxHealth>1000</MaxHealth>
			<Health>1000</Health>
			<HasGravity>true</HasGravity>
			<IsOnFire>false</IsOnFire>
			<IsInvincible>false</IsInvincible>
			<IsBulletProof>false</IsBulletProof>
			<IsCollisionProof>false</IsCollisionProof>
			<IsExplosionProof>false</IsExplosionProof>
			<IsFireProof>false</IsFireProof>
			<IsMeleeProof>false</IsMeleeProof>
			<IsOnlyDamagedByPlayer>false</IsOnlyDamagedByPlayer>
			<PositionRotation>
				<X>178.635559</X>
				<Y>-62.258606</Y>
				<Z>70.1871719</Z>
				<Pitch>-0.10164164</Pitch>
				<Roll>1.22554147</Roll>
				<Yaw>166.848282</Yaw>
			</PositionRotation>
			<Attachment isAttached="true">
				<AttachedTo>217347</AttachedTo>
				<BoneIndex>0</BoneIndex>
				<X>1.5000006</X>
				<Y>2.5999999</Y>
				<Z>1.90000021</Z>
				<Pitch>0</Pitch>
				<Roll>0</Roll>
				<Yaw>-90.0000153</Yaw>
			</Attachment>
		</Attachment>
		<Attachment>
			<ModelHash>0x01e52097</ModelHash>
			<Type>3</Type>
			<Dynamic>false</Dynamic>
			<FrozenPos>true</FrozenPos>
			<HashName>hei_prop_carrier_lightset_1</HashName>
			<InitialHandle>11600</InitialHandle>
			<ObjectProperties>
				<TextureVariation>0</TextureVariation>
			</ObjectProperties>
			<OpacityLevel>255</OpacityLevel>
			<LodDistance>16960</LodDistance>
			<IsVisible>true</IsVisible>
			<MaxHealth>1000</MaxHealth>
			<Health>1000</Health>
			<HasGravity>true</HasGravity>
			<IsOnFire>false</IsOnFire>
			<IsInvincible>false</IsInvincible>
			<IsBulletProof>false</IsBulletProof>
			<IsCollisionProof>false</IsCollisionProof>
			<IsExplosionProof>false</IsExplosionProof>
			<IsFireProof>false</IsFireProof>
			<IsMeleeProof>false</IsMeleeProof>
			<IsOnlyDamagedByPlayer>false</IsOnlyDamagedByPlayer>
			<PositionRotation>
				<X>171.998077</X>
				<Y>-58.140255</Y>
				<Z>70.133316</Z>
				<Pitch>-0.101641171</Pitch>
				<Roll>1.22554147</Roll>
				<Yaw>166.848297</Yaw>
			</PositionRotation>
			<Attachment isAttached="true">
				<AttachedTo>217347</AttachedTo>
				<BoneIndex>0</BoneIndex>
				<X>-1</X>
				<Y>-4.79999781</Y>
				<Z>1.99999988</Z>
				<Pitch>0</Pitch>
				<Roll>0</Roll>
				<Yaw>-90</Yaw>
			</Attachment>
		</Attachment>
		<Attachment>
			<ModelHash>0x01e52097</ModelHash>
			<Type>3</Type>
			<Dynamic>false</Dynamic>
			<FrozenPos>true</FrozenPos>
			<HashName>hei_prop_carrier_lightset_1</HashName>
			<InitialHandle>290129</InitialHandle>
			<ObjectProperties>
				<TextureVariation>0</TextureVariation>
			</ObjectProperties>
			<OpacityLevel>255</OpacityLevel>
			<LodDistance>16960</LodDistance>
			<IsVisible>true</IsVisible>
			<MaxHealth>1000</MaxHealth>
			<Health>1000</Health>
			<HasGravity>true</HasGravity>
			<IsOnFire>false</IsOnFire>
			<IsInvincible>false</IsInvincible>
			<IsBulletProof>false</IsBulletProof>
			<IsCollisionProof>false</IsCollisionProof>
			<IsExplosionProof>false</IsExplosionProof>
			<IsFireProof>false</IsFireProof>
			<IsMeleeProof>false</IsMeleeProof>
			<IsOnlyDamagedByPlayer>false</IsOnlyDamagedByPlayer>
			<PositionRotation>
				<X>171.182693</X>
				<Y>-60.3116722</Y>
				<Z>70.122818</Z>
				<Pitch>0.101641491</Pitch>
				<Roll>-1.22554147</Roll>
				<Yaw>-13.1517048</Yaw>
			</PositionRotation>
			<Attachment isAttached="true">
				<AttachedTo>217347</AttachedTo>
				<BoneIndex>0</BoneIndex>
				<X>1.30000007</X>
				<Y>-5.09999752</Y>
				<Z>2.00000024</Z>
				<Pitch>0</Pitch>
				<Roll>0</Roll>
				<Yaw>90</Yaw>
			</Attachment>
		</Attachment>
		<Attachment>
			<ModelHash>0x5293cc8d</ModelHash>
			<Type>3</Type>
			<Dynamic>false</Dynamic>
			<FrozenPos>true</FrozenPos>
			<HashName>prop_laptop_01a</HashName>
			<InitialHandle>185940</InitialHandle>
			<ObjectProperties>
				<TextureVariation>0</TextureVariation>
			</ObjectProperties>
			<OpacityLevel>255</OpacityLevel>
			<LodDistance>16960</LodDistance>
			<IsVisible>true</IsVisible>
			<MaxHealth>1000</MaxHealth>
			<Health>1000</Health>
			<HasGravity>true</HasGravity>
			<IsOnFire>false</IsOnFire>
			<IsInvincible>false</IsInvincible>
			<IsBulletProof>false</IsBulletProof>
			<IsCollisionProof>false</IsCollisionProof>
			<IsExplosionProof>false</IsExplosionProof>
			<IsFireProof>false</IsFireProof>
			<IsMeleeProof>false</IsMeleeProof>
			<IsOnlyDamagedByPlayer>false</IsOnlyDamagedByPlayer>
			<PositionRotation>
				<X>171.790222</X>
				<Y>-59.6289978</Y>
				<Z>68.4331818</Z>
				<Pitch>0.385261625</Pitch>
				<Roll>1.16785061</Roll>
				<Yaw>-170.156693</Yaw>
			</PositionRotation>
			<Attachment isAttached="true">
				<AttachedTo>217347</AttachedTo>
				<BoneIndex>0</BoneIndex>
				<X>0.5</X>
				<Y>-4.6999979</Y>
				<Z>0.299999982</Z>
				<Pitch>0</Pitch>
				<Roll>0</Roll>
				<Yaw>-67</Yaw>
			</Attachment>
		</Attachment>
		<Attachment>
			<ModelHash>0x15ab6bab</ModelHash>
			<Type>3</Type>
			<Dynamic>false</Dynamic>
			<FrozenPos>true</FrozenPos>
			<HashName>prop_laptop_jimmy</HashName>
			<InitialHandle>427847</InitialHandle>
			<ObjectProperties>
				<TextureVariation>0</TextureVariation>
			</ObjectProperties>
			<OpacityLevel>255</OpacityLevel>
			<LodDistance>16960</LodDistance>
			<IsVisible>true</IsVisible>
			<MaxHealth>1000</MaxHealth>
			<Health>1000</Health>
			<HasGravity>true</HasGravity>
			<IsOnFire>false</IsOnFire>
			<IsInvincible>false</IsInvincible>
			<IsBulletProof>false</IsBulletProof>
			<IsCollisionProof>false</IsCollisionProof>
			<IsExplosionProof>false</IsExplosionProof>
			<IsFireProof>false</IsFireProof>
			<IsMeleeProof>false</IsMeleeProof>
			<IsOnlyDamagedByPlayer>false</IsOnlyDamagedByPlayer>
			<PositionRotation>
				<X>171.2061</X>
				<Y>-59.4924889</Y>
				<Z>68.4203491</Z>
				<Pitch>-0.292092919</Pitch>
				<Roll>1.19456089</Roll>
				<Yaw>157.850266</Yaw>
			</PositionRotation>
			<Attachment isAttached="true">
				<AttachedTo>217347</AttachedTo>
				<BoneIndex>0</BoneIndex>
				<X>0.5</X>
				<Y>-5.29999733</Y>
				<Z>0.299999982</Z>
				<Pitch>0</Pitch>
				<Roll>0</Roll>
				<Yaw>-98.9999924</Yaw>
			</Attachment>
		</Attachment>
		<Attachment>
			<ModelHash>0xbaea49d0</ModelHash>
			<Type>3</Type>
			<Dynamic>false</Dynamic>
			<FrozenPos>true</FrozenPos>
			<HashName>prop_laptop_02_closed</HashName>
			<InitialHandle>322388</InitialHandle>
			<ObjectProperties>
				<TextureVariation>0</TextureVariation>
			</ObjectProperties>
			<OpacityLevel>255</OpacityLevel>
			<LodDistance>16960</LodDistance>
			<IsVisible>true</IsVisible>
			<MaxHealth>1000</MaxHealth>
			<Health>1000</Health>
			<HasGravity>true</HasGravity>
			<IsOnFire>false</IsOnFire>
			<IsInvincible>false</IsInvincible>
			<IsBulletProof>false</IsBulletProof>
			<IsCollisionProof>false</IsCollisionProof>
			<IsExplosionProof>false</IsExplosionProof>
			<IsFireProof>false</IsFireProof>
			<IsMeleeProof>false</IsMeleeProof>
			<IsOnlyDamagedByPlayer>false</IsOnlyDamagedByPlayer>
			<PositionRotation>
				<X>170.764832</X>
				<Y>-59.183979</Y>
				<Z>68.4100113</Z>
				<Pitch>-0.282018036</Pitch>
				<Roll>-1.19697893</Roll>
				<Yaw>4.84425783</Yaw>
			</PositionRotation>
			<Attachment isAttached="true">
				<AttachedTo>217347</AttachedTo>
				<BoneIndex>0</BoneIndex>
				<X>0.300001323</X>
				<Y>-5.79999685</Y>
				<Z>0.299999982</Z>
				<Pitch>0</Pitch>
				<Roll>0</Roll>
				<Yaw>107.999992</Yaw>
			</Attachment>
		</Attachment>
		<Attachment>
			<ModelHash>0x472b7116</ModelHash>
			<Type>3</Type>
			<Dynamic>false</Dynamic>
			<FrozenPos>true</FrozenPos>
			<HashName>prop_tv_flat_michael</HashName>
			<InitialHandle>784221</InitialHandle>
			<ObjectProperties>
				<TextureVariation>0</TextureVariation>
			</ObjectProperties>
			<OpacityLevel>255</OpacityLevel>
			<LodDistance>16960</LodDistance>
			<IsVisible>true</IsVisible>
			<MaxHealth>1000</MaxHealth>
			<Health>1000</Health>
			<HasGravity>true</HasGravity>
			<IsOnFire>false</IsOnFire>
			<IsInvincible>false</IsInvincible>
			<IsBulletProof>false</IsBulletProof>
			<IsCollisionProof>false</IsCollisionProof>
			<IsExplosionProof>false</IsExplosionProof>
			<IsFireProof>false</IsFireProof>
			<IsMeleeProof>false</IsMeleeProof>
			<IsOnlyDamagedByPlayer>false</IsOnlyDamagedByPlayer>
			<PositionRotation>
				<X>170.835114</X>
				<Y>-60.5374298</Y>
				<Z>69.5160065</Z>
				<Pitch>-0.101641029</Pitch>
				<Roll>1.22554147</Roll>
				<Yaw>166.848297</Yaw>
			</PositionRotation>
			<Attachment isAttached="true">
				<AttachedTo>217347</AttachedTo>
				<BoneIndex>0</BoneIndex>
				<X>1.60000026</X>
				<Y>-5.39999723</Y>
				<Z>1.4000001</Z>
				<Pitch>0</Pitch>
				<Roll>0</Roll>
				<Yaw>-89.9999924</Yaw>
			</Attachment>
		</Attachment>
		<Attachment>
			<ModelHash>0xda00c515</ModelHash>
			<Type>3</Type>
			<Dynamic>false</Dynamic>
			<FrozenPos>true</FrozenPos>
			<HashName>hei_prop_hei_carrier_disp_01</HashName>
			<InitialHandle>626019</InitialHandle>
			<ObjectProperties>
				<TextureVariation>0</TextureVariation>
			</ObjectProperties>
			<OpacityLevel>255</OpacityLevel>
			<LodDistance>16960</LodDistance>
			<IsVisible>true</IsVisible>
			<MaxHealth>1000</MaxHealth>
			<Health>1000</Health>
			<HasGravity>true</HasGravity>
			<IsOnFire>false</IsOnFire>
			<IsInvincible>false</IsInvincible>
			<IsBulletProof>false</IsBulletProof>
			<IsCollisionProof>false</IsCollisionProof>
			<IsExplosionProof>false</IsExplosionProof>
			<IsFireProof>false</IsFireProof>
			<IsMeleeProof>false</IsMeleeProof>
			<IsOnlyDamagedByPlayer>false</IsOnlyDamagedByPlayer>
			<PositionRotation>
				<X>170.069992</X>
				<Y>-59.3333206</Y>
				<Z>70.3961868</Z>
				<Pitch>-0.435486794</Pitch>
				<Roll>1.15006864</Roll>
				<Yaw>150.851578</Yaw>
			</PositionRotation>
			<Attachment isAttached="true">
				<AttachedTo>217347</AttachedTo>
				<BoneIndex>0</BoneIndex>
				<X>0.600000024</X>
				<Y>-6.39999628</Y>
				<Z>2.29999995</Z>
				<Pitch>0</Pitch>
				<Roll>0</Roll>
				<Yaw>-105.999992</Yaw>
			</Attachment>
		</Attachment>
		<Attachment>
			<ModelHash>0xda00c515</ModelHash>
			<Type>3</Type>
			<Dynamic>false</Dynamic>
			<FrozenPos>true</FrozenPos>
			<HashName>hei_prop_hei_carrier_disp_01</HashName>
			<InitialHandle>85344</InitialHandle>
			<ObjectProperties>
				<TextureVariation>0</TextureVariation>
			</ObjectProperties>
			<OpacityLevel>255</OpacityLevel>
			<LodDistance>16960</LodDistance>
			<IsVisible>true</IsVisible>
			<MaxHealth>1000</MaxHealth>
			<Health>1000</Health>
			<HasGravity>true</HasGravity>
			<IsOnFire>false</IsOnFire>
			<IsInvincible>false</IsInvincible>
			<IsBulletProof>false</IsBulletProof>
			<IsCollisionProof>false</IsCollisionProof>
			<IsExplosionProof>false</IsExplosionProof>
			<IsFireProof>false</IsFireProof>
			<IsMeleeProof>false</IsMeleeProof>
			<IsOnlyDamagedByPlayer>false</IsOnlyDamagedByPlayer>
			<PositionRotation>
				<X>172.2901</X>
				<Y>-58.6198273</Y>
				<Z>70.4410934</Z>
				<Pitch>1.2255398</Pitch>
				<Roll>0.10166458</Roll>
				<Yaw>-103.15387</Yaw>
			</PositionRotation>
			<Attachment isAttached="true">
				<AttachedTo>217347</AttachedTo>
				<BoneIndex>0</BoneIndex>
				<X>-0.599999905</X>
				<Y>-4.39999819</Y>
				<Z>2.29999995</Z>
				<Pitch>0</Pitch>
				<Roll>0</Roll>
				<Yaw>0</Yaw>
			</Attachment>
		</Attachment>
		<Attachment>
			<ModelHash>0x36ef5932</ModelHash>
			<Type>3</Type>
			<Dynamic>false</Dynamic>
			<FrozenPos>true</FrozenPos>
			<HashName>w_ar_advancedrifle_luxe</HashName>
			<InitialHandle>740387</InitialHandle>
			<ObjectProperties>
				<TextureVariation>0</TextureVariation>
			</ObjectProperties>
			<OpacityLevel>255</OpacityLevel>
			<LodDistance>16960</LodDistance>
			<IsVisible>true</IsVisible>
			<MaxHealth>1000</MaxHealth>
			<Health>1000</Health>
			<HasGravity>true</HasGravity>
			<IsOnFire>false</IsOnFire>
			<IsInvincible>false</IsInvincible>
			<IsBulletProof>false</IsBulletProof>
			<IsCollisionProof>false</IsCollisionProof>
			<IsExplosionProof>false</IsExplosionProof>
			<IsFireProof>false</IsFireProof>
			<IsMeleeProof>false</IsMeleeProof>
			<IsOnlyDamagedByPlayer>false</IsOnlyDamagedByPlayer>
			<PositionRotation>
				<X>170.112244</X>
				<Y>-59.3395691</Y>
				<Z>68.4066467</Z>
				<Pitch>88.7704391</Pitch>
				<Roll>-125.741112</Roll>
				<Yaw>81.5883408</Yaw>
			</PositionRotation>
			<Attachment isAttached="true">
				<AttachedTo>217347</AttachedTo>
				<BoneIndex>55</BoneIndex>
				<X>0.600000143</X>
				<Y>-6.39999628</Y>
				<Z>0.309999973</Z>
				<Pitch>89.9999924</Pitch>
				<Roll>0</Roll>
				<Yaw>59.0000076</Yaw>
			</Attachment>
		</Attachment>
		<Attachment>
			<ModelHash>0x15318d7c</ModelHash>
			<Type>3</Type>
			<Dynamic>false</Dynamic>
			<FrozenPos>true</FrozenPos>
			<HashName>w_ar_advancedrifle_luxe_mag2</HashName>
			<InitialHandle>531749</InitialHandle>
			<ObjectProperties>
				<TextureVariation>0</TextureVariation>
			</ObjectProperties>
			<OpacityLevel>255</OpacityLevel>
			<LodDistance>16960</LodDistance>
			<IsVisible>true</IsVisible>
			<MaxHealth>1000</MaxHealth>
			<Health>1000</Health>
			<HasGravity>true</HasGravity>
			<IsOnFire>false</IsOnFire>
			<IsInvincible>false</IsInvincible>
			<IsBulletProof>false</IsBulletProof>
			<IsCollisionProof>false</IsCollisionProof>
			<IsExplosionProof>false</IsExplosionProof>
			<IsFireProof>false</IsFireProof>
			<IsMeleeProof>false</IsMeleeProof>
			<IsOnlyDamagedByPlayer>false</IsOnlyDamagedByPlayer>
			<PositionRotation>
				<X>170.472565</X>
				<Y>-59.1156921</Y>
				<Z>68.4135971</Z>
				<Pitch>-88.7704391</Pitch>
				<Roll>-17.2587128</Roll>
				<Yaw>-98.4114838</Yaw>
			</PositionRotation>
			<Attachment isAttached="true">
				<AttachedTo>217347</AttachedTo>
				<BoneIndex>0</BoneIndex>
				<X>0.30000025</X>
				<Y>-6.09999657</Y>
				<Z>0.309999943</Z>
				<Pitch>-90.0000076</Pitch>
				<Roll>-3.57627869e-06</Roll>
				<Yaw>22.0000076</Yaw>
			</Attachment>
		</Attachment>
		<Attachment>
			<ModelHash>0x15318d7c</ModelHash>
			<Type>3</Type>
			<Dynamic>false</Dynamic>
			<FrozenPos>true</FrozenPos>
			<HashName>w_ar_advancedrifle_luxe_mag2</HashName>
			<InitialHandle>486958</InitialHandle>
			<ObjectProperties>
				<TextureVariation>0</TextureVariation>
			</ObjectProperties>
			<OpacityLevel>255</OpacityLevel>
			<LodDistance>16960</LodDistance>
			<IsVisible>true</IsVisible>
			<MaxHealth>1000</MaxHealth>
			<Health>1000</Health>
			<HasGravity>true</HasGravity>
			<IsOnFire>false</IsOnFire>
			<IsInvincible>false</IsInvincible>
			<IsBulletProof>false</IsBulletProof>
			<IsCollisionProof>false</IsCollisionProof>
			<IsExplosionProof>false</IsExplosionProof>
			<IsFireProof>false</IsFireProof>
			<IsMeleeProof>false</IsMeleeProof>
			<IsOnlyDamagedByPlayer>false</IsOnlyDamagedByPlayer>
			<PositionRotation>
				<X>170.381546</X>
				<Y>-59.5051994</Y>
				<Z>68.4128876</Z>
				<Pitch>-88.7705994</Pitch>
				<Roll>108.74192</Roll>
				<Yaw>-98.4108505</Yaw>
			</PositionRotation>
			<Attachment isAttached="true">
				<AttachedTo>217347</AttachedTo>
				<BoneIndex>0</BoneIndex>
				<X>0.700000346</X>
				<Y>-6.09999657</Y>
				<Z>0.309999943</Z>
				<Pitch>-90.0000076</Pitch>
				<Roll>-3.57627869e-06</Roll>
				<Yaw>-104</Yaw>
			</Attachment>
		</Attachment>
		<Attachment>
			<ModelHash>0x5778a9b1</ModelHash>
			<Type>3</Type>
			<Dynamic>false</Dynamic>
			<FrozenPos>true</FrozenPos>
			<HashName>w_pi_pistol</HashName>
			<InitialHandle>751931</InitialHandle>
			<ObjectProperties>
				<TextureVariation>0</TextureVariation>
			</ObjectProperties>
			<OpacityLevel>255</OpacityLevel>
			<LodDistance>16960</LodDistance>
			<IsVisible>true</IsVisible>
			<MaxHealth>1000</MaxHealth>
			<Health>1000</Health>
			<HasGravity>true</HasGravity>
			<IsOnFire>false</IsOnFire>
			<IsInvincible>false</IsInvincible>
			<IsBulletProof>false</IsBulletProof>
			<IsCollisionProof>false</IsCollisionProof>
			<IsExplosionProof>false</IsExplosionProof>
			<IsFireProof>false</IsFireProof>
			<IsMeleeProof>false</IsMeleeProof>
			<IsOnlyDamagedByPlayer>false</IsOnlyDamagedByPlayer>
			<PositionRotation>
				<X>170.180496</X>
				<Y>-59.0474396</Y>
				<Z>68.4071808</Z>
				<Pitch>-88.7705994</Pitch>
				<Roll>44.7416039</Roll>
				<Yaw>-98.4111786</Yaw>
			</PositionRotation>
			<Attachment isAttached="true">
				<AttachedTo>217347</AttachedTo>
				<BoneIndex>0</BoneIndex>
				<X>0.30000028</X>
				<Y>-6.39999628</Y>
				<Z>0.310000002</Z>
				<Pitch>-90.0000076</Pitch>
				<Roll>-1.66893005e-06</Roll>
				<Yaw>-40.0000038</Yaw>
			</Attachment>
		</Attachment>
		<Attachment>
			<ModelHash>0x8ecc910a</ModelHash>
			<Type>3</Type>
			<Dynamic>false</Dynamic>
			<FrozenPos>true</FrozenPos>
			<HashName>w_pi_pistol_mag1</HashName>
			<InitialHandle>331843</InitialHandle>
			<ObjectProperties>
				<TextureVariation>0</TextureVariation>
			</ObjectProperties>
			<OpacityLevel>255</OpacityLevel>
			<LodDistance>16960</LodDistance>
			<IsVisible>true</IsVisible>
			<MaxHealth>1000</MaxHealth>
			<Health>1000</Health>
			<HasGravity>true</HasGravity>
			<IsOnFire>false</IsOnFire>
			<IsInvincible>false</IsInvincible>
			<IsBulletProof>false</IsBulletProof>
			<IsCollisionProof>false</IsCollisionProof>
			<IsExplosionProof>false</IsExplosionProof>
			<IsFireProof>false</IsFireProof>
			<IsMeleeProof>false</IsMeleeProof>
			<IsOnlyDamagedByPlayer>false</IsOnlyDamagedByPlayer>
			<PositionRotation>
				<X>170.083145</X>
				<Y>-59.0246887</Y>
				<Z>68.4050369</Z>
				<Pitch>-88.7704391</Pitch>
				<Roll>4.74139261</Roll>
				<Yaw>-98.4113922</Yaw>
			</PositionRotation>
			<Attachment isAttached="true">
				<AttachedTo>217347</AttachedTo>
				<BoneIndex>0</BoneIndex>
				<X>0.300000042</X>
				<Y>-6.49999619</Y>
				<Z>0.310000062</Z>
				<Pitch>-90.0000076</Pitch>
				<Roll>0</Roll>
				<Yaw>0</Yaw>
			</Attachment>
		</Attachment>
		<Attachment>
			<ModelHash>0x8ecc910a</ModelHash>
			<Type>3</Type>
			<Dynamic>false</Dynamic>
			<FrozenPos>true</FrozenPos>
			<HashName>w_pi_pistol_mag1</HashName>
			<InitialHandle>509510</InitialHandle>
			<ObjectProperties>
				<TextureVariation>0</TextureVariation>
			</ObjectProperties>
			<OpacityLevel>255</OpacityLevel>
			<LodDistance>16960</LodDistance>
			<IsVisible>true</IsVisible>
			<MaxHealth>1000</MaxHealth>
			<Health>1000</Health>
			<HasGravity>true</HasGravity>
			<IsOnFire>false</IsOnFire>
			<IsInvincible>false</IsInvincible>
			<IsBulletProof>false</IsBulletProof>
			<IsCollisionProof>false</IsCollisionProof>
			<IsExplosionProof>false</IsExplosionProof>
			<IsFireProof>false</IsFireProof>
			<IsMeleeProof>false</IsMeleeProof>
			<IsOnlyDamagedByPlayer>false</IsOnlyDamagedByPlayer>
			<PositionRotation>
				<X>170.105896</X>
				<Y>-58.9273109</Y>
				<Z>68.40522</Z>
				<Pitch>-88.7704391</Pitch>
				<Roll>4.74139261</Roll>
				<Yaw>-98.4113922</Yaw>
			</PositionRotation>
			<Attachment isAttached="true">
				<AttachedTo>217347</AttachedTo>
				<BoneIndex>0</BoneIndex>
				<X>0.200000018</X>
				<Y>-6.49999619</Y>
				<Z>0.310000062</Z>
				<Pitch>-90.0000076</Pitch>
				<Roll>0</Roll>
				<Yaw>0</Yaw>
			</Attachment>
		</Attachment>
		<Attachment>
			<ModelHash>0xd3edbc71</ModelHash>
			<Type>3</Type>
			<Dynamic>false</Dynamic>
			<FrozenPos>true</FrozenPos>
			<HashName>w_mg_combatmg</HashName>
			<InitialHandle>755530</InitialHandle>
			<ObjectProperties>
				<TextureVariation>0</TextureVariation>
			</ObjectProperties>
			<OpacityLevel>255</OpacityLevel>
			<LodDistance>16960</LodDistance>
			<IsVisible>true</IsVisible>
			<MaxHealth>1000</MaxHealth>
			<Health>1000</Health>
			<HasGravity>true</HasGravity>
			<IsOnFire>false</IsOnFire>
			<IsInvincible>false</IsInvincible>
			<IsBulletProof>false</IsBulletProof>
			<IsCollisionProof>false</IsCollisionProof>
			<IsExplosionProof>false</IsExplosionProof>
			<IsFireProof>false</IsFireProof>
			<IsMeleeProof>false</IsMeleeProof>
			<IsOnlyDamagedByPlayer>false</IsOnlyDamagedByPlayer>
			<PositionRotation>
				<X>169.763565</X>
				<Y>-57.718399</Y>
				<Z>68.7942429</Z>
				<Pitch>88.7704391</Pitch>
				<Roll>116.258514</Roll>
				<Yaw>81.5886917</Yaw>
			</PositionRotation>
			<Attachment isAttached="true">
				<AttachedTo>217347</AttachedTo>
				<BoneIndex>0</BoneIndex>
				<X>-0.899999976</X>
				<Y>-7.09999561</Y>
				<Z>0.710000098</Z>
				<Pitch>90</Pitch>
				<Roll>0</Roll>
				<Yaw>-59.0000038</Yaw>
			</Attachment>
		</Attachment>
		<Attachment>
			<ModelHash>0xe984b164</ModelHash>
			<Type>3</Type>
			<Dynamic>false</Dynamic>
			<FrozenPos>true</FrozenPos>
			<HashName>w_mg_combatmg_mag2</HashName>
			<InitialHandle>130126</InitialHandle>
			<ObjectProperties>
				<TextureVariation>0</TextureVariation>
			</ObjectProperties>
			<OpacityLevel>255</OpacityLevel>
			<LodDistance>16960</LodDistance>
			<IsVisible>true</IsVisible>
			<MaxHealth>1000</MaxHealth>
			<Health>1000</Health>
			<HasGravity>true</HasGravity>
			<IsOnFire>false</IsOnFire>
			<IsInvincible>false</IsInvincible>
			<IsBulletProof>false</IsBulletProof>
			<IsCollisionProof>false</IsCollisionProof>
			<IsExplosionProof>false</IsExplosionProof>
			<IsFireProof>false</IsFireProof>
			<IsMeleeProof>false</IsMeleeProof>
			<IsOnlyDamagedByPlayer>false</IsOnlyDamagedByPlayer>
			<PositionRotation>
				<X>169.536255</X>
				<Y>-58.6921997</Y>
				<Z>68.7824707</Z>
				<Pitch>-0.826960742</Pitch>
				<Roll>-90.9102173</Roll>
				<Yaw>33.8406296</Yaw>
			</PositionRotation>
			<Attachment isAttached="true">
				<AttachedTo>217347</AttachedTo>
				<BoneIndex>0</BoneIndex>
				<X>0.10000024</X>
				<Y>-7.09999561</Y>
				<Z>0.700000048</Z>
				<Pitch>-1.54972076e-05</Pitch>
				<Roll>-90.0000076</Roll>
				<Yaw>136.999985</Yaw>
			</Attachment>
		</Attachment>
		<Attachment>
			<ModelHash>0xd3edbc71</ModelHash>
			<Type>3</Type>
			<Dynamic>false</Dynamic>
			<FrozenPos>true</FrozenPos>
			<HashName>w_mg_combatmg</HashName>
			<InitialHandle>607550</InitialHandle>
			<ObjectProperties>
				<TextureVariation>0</TextureVariation>
			</ObjectProperties>
			<OpacityLevel>255</OpacityLevel>
			<LodDistance>16960</LodDistance>
			<IsVisible>true</IsVisible>
			<MaxHealth>1000</MaxHealth>
			<Health>1000</Health>
			<HasGravity>true</HasGravity>
			<IsOnFire>false</IsOnFire>
			<IsInvincible>false</IsInvincible>
			<IsBulletProof>false</IsBulletProof>
			<IsCollisionProof>false</IsCollisionProof>
			<IsExplosionProof>false</IsExplosionProof>
			<IsFireProof>false</IsFireProof>
			<IsMeleeProof>false</IsMeleeProof>
			<IsOnlyDamagedByPlayer>false</IsOnlyDamagedByPlayer>
			<PositionRotation>
				<X>169.695313</X>
				<Y>-58.0105286</Y>
				<Z>68.7937088</Z>
				<Pitch>88.7704391</Pitch>
				<Roll>116.258514</Roll>
				<Yaw>81.5886917</Yaw>
			</PositionRotation>
			<Attachment isAttached="true">
				<AttachedTo>217347</AttachedTo>
				<BoneIndex>0</BoneIndex>
				<X>-0.599999905</X>
				<Y>-7.09999561</Y>
				<Z>0.710000098</Z>
				<Pitch>90</Pitch>
				<Roll>0</Roll>
				<Yaw>-59.0000038</Yaw>
			</Attachment>
		</Attachment>
		<Attachment>
			<ModelHash>0xd3edbc71</ModelHash>
			<Type>3</Type>
			<Dynamic>false</Dynamic>
			<FrozenPos>true</FrozenPos>
			<HashName>w_mg_combatmg</HashName>
			<InitialHandle>697171</InitialHandle>
			<ObjectProperties>
				<TextureVariation>0</TextureVariation>
			</ObjectProperties>
			<OpacityLevel>255</OpacityLevel>
			<LodDistance>16960</LodDistance>
			<IsVisible>true</IsVisible>
			<MaxHealth>1000</MaxHealth>
			<Health>1000</Health>
			<HasGravity>true</HasGravity>
			<IsOnFire>false</IsOnFire>
			<IsInvincible>false</IsInvincible>
			<IsBulletProof>false</IsBulletProof>
			<IsCollisionProof>false</IsCollisionProof>
			<IsExplosionProof>false</IsExplosionProof>
			<IsFireProof>false</IsFireProof>
			<IsMeleeProof>false</IsMeleeProof>
			<IsOnlyDamagedByPlayer>false</IsOnlyDamagedByPlayer>
			<PositionRotation>
				<X>169.627045</X>
				<Y>-58.3026619</Y>
				<Z>68.7931747</Z>
				<Pitch>88.7704391</Pitch>
				<Roll>116.258514</Roll>
				<Yaw>81.5886917</Yaw>
			</PositionRotation>
			<Attachment isAttached="true">
				<AttachedTo>217347</AttachedTo>
				<BoneIndex>0</BoneIndex>
				<X>-0.299999833</X>
				<Y>-7.09999561</Y>
				<Z>0.710000098</Z>
				<Pitch>90</Pitch>
				<Roll>0</Roll>
				<Yaw>-59.0000038</Yaw>
			</Attachment>
		</Attachment>
		<Attachment>
			<ModelHash>0xe984b164</ModelHash>
			<Type>3</Type>
			<Dynamic>false</Dynamic>
			<FrozenPos>true</FrozenPos>
			<HashName>w_mg_combatmg_mag2</HashName>
			<InitialHandle>326229</InitialHandle>
			<ObjectProperties>
				<TextureVariation>0</TextureVariation>
			</ObjectProperties>
			<OpacityLevel>255</OpacityLevel>
			<LodDistance>16960</LodDistance>
			<IsVisible>true</IsVisible>
			<MaxHealth>1000</MaxHealth>
			<Health>1000</Health>
			<HasGravity>true</HasGravity>
			<IsOnFire>false</IsOnFire>
			<IsInvincible>false</IsInvincible>
			<IsBulletProof>false</IsBulletProof>
			<IsCollisionProof>false</IsCollisionProof>
			<IsExplosionProof>false</IsExplosionProof>
			<IsFireProof>false</IsFireProof>
			<IsMeleeProof>false</IsMeleeProof>
			<IsOnlyDamagedByPlayer>false</IsOnlyDamagedByPlayer>
			<PositionRotation>
				<X>169.467987</X>
				<Y>-58.9843292</Y>
				<Z>68.7819366</Z>
				<Pitch>-0.826960742</Pitch>
				<Roll>-90.9102173</Roll>
				<Yaw>33.8406296</Yaw>
			</PositionRotation>
			<Attachment isAttached="true">
				<AttachedTo>217347</AttachedTo>
				<BoneIndex>0</BoneIndex>
				<X>0.400000304</X>
				<Y>-7.09999561</Y>
				<Z>0.700000048</Z>
				<Pitch>-1.54972076e-05</Pitch>
				<Roll>-90.0000076</Roll>
				<Yaw>136.999985</Yaw>
			</Attachment>
		</Attachment>
		<Attachment>
			<ModelHash>0xe984b164</ModelHash>
			<Type>3</Type>
			<Dynamic>false</Dynamic>
			<FrozenPos>true</FrozenPos>
			<HashName>w_mg_combatmg_mag2</HashName>
			<InitialHandle>737875</InitialHandle>
			<ObjectProperties>
				<TextureVariation>0</TextureVariation>
			</ObjectProperties>
			<OpacityLevel>255</OpacityLevel>
			<LodDistance>16960</LodDistance>
			<IsVisible>true</IsVisible>
			<MaxHealth>1000</MaxHealth>
			<Health>1000</Health>
			<HasGravity>true</HasGravity>
			<IsOnFire>false</IsOnFire>
			<IsInvincible>false</IsInvincible>
			<IsBulletProof>false</IsBulletProof>
			<IsCollisionProof>false</IsCollisionProof>
			<IsExplosionProof>false</IsExplosionProof>
			<IsFireProof>false</IsFireProof>
			<IsMeleeProof>false</IsMeleeProof>
			<IsOnlyDamagedByPlayer>false</IsOnlyDamagedByPlayer>
			<PositionRotation>
				<X>169.318787</X>
				<Y>-58.744072</Y>
				<Z>68.7780151</Z>
				<Pitch>-0.826960742</Pitch>
				<Roll>-90.9102173</Roll>
				<Yaw>33.8406296</Yaw>
			</PositionRotation>
			<Attachment isAttached="true">
				<AttachedTo>217347</AttachedTo>
				<BoneIndex>0</BoneIndex>
				<X>0.200000256</X>
				<Y>-7.29999542</Y>
				<Z>0.700000048</Z>
				<Pitch>-1.54972076e-05</Pitch>
				<Roll>-90.0000076</Roll>
				<Yaw>136.999985</Yaw>
			</Attachment>
		</Attachment>
		<Attachment>
			<ModelHash>0x15ab6bab</ModelHash>
			<Type>3</Type>
			<Dynamic>false</Dynamic>
			<FrozenPos>true</FrozenPos>
			<HashName>prop_laptop_jimmy</HashName>
			<InitialHandle>135512</InitialHandle>
			<ObjectProperties>
				<TextureVariation>0</TextureVariation>
			</ObjectProperties>
			<OpacityLevel>255</OpacityLevel>
			<LodDistance>16960</LodDistance>
			<IsVisible>true</IsVisible>
			<MaxHealth>1000</MaxHealth>
			<Health>1000</Health>
			<HasGravity>true</HasGravity>
			<IsOnFire>false</IsOnFire>
			<IsInvincible>false</IsInvincible>
			<IsBulletProof>false</IsBulletProof>
			<IsCollisionProof>false</IsCollisionProof>
			<IsExplosionProof>false</IsExplosionProof>
			<IsFireProof>false</IsFireProof>
			<IsMeleeProof>false</IsMeleeProof>
			<IsOnlyDamagedByPlayer>false</IsOnlyDamagedByPlayer>
			<PositionRotation>
				<X>179.628189</X>
				<Y>-59.9202728</Y>
				<Z>68.5805359</Z>
				<Pitch>-0.485574275</Pitch>
				<Roll>-1.1298362</Roll>
				<Yaw>14.8424377</Yaw>
			</PositionRotation>
			<Attachment isAttached="true">
				<AttachedTo>217347</AttachedTo>
				<BoneIndex>0</BoneIndex>
				<X>-1.00000024</X>
				<Y>2.99999928</Y>
				<Z>0.280000001</Z>
				<Pitch>0</Pitch>
				<Roll>0</Roll>
				<Yaw>118.000015</Yaw>
			</Attachment>
		</Attachment>
		<Attachment>
			<ModelHash>0x15ab6bab</ModelHash>
			<Type>3</Type>
			<Dynamic>false</Dynamic>
			<FrozenPos>true</FrozenPos>
			<HashName>prop_laptop_jimmy</HashName>
			<InitialHandle>357724</InitialHandle>
			<ObjectProperties>
				<TextureVariation>0</TextureVariation>
			</ObjectProperties>
			<OpacityLevel>255</OpacityLevel>
			<LodDistance>16960</LodDistance>
			<IsVisible>true</IsVisible>
			<MaxHealth>1000</MaxHealth>
			<Health>1000</Health>
			<HasGravity>true</HasGravity>
			<IsOnFire>false</IsOnFire>
			<IsInvincible>false</IsInvincible>
			<IsBulletProof>false</IsBulletProof>
			<IsCollisionProof>false</IsCollisionProof>
			<IsExplosionProof>false</IsExplosionProof>
			<IsFireProof>false</IsFireProof>
			<IsMeleeProof>false</IsMeleeProof>
			<IsOnlyDamagedByPlayer>false</IsOnlyDamagedByPlayer>
			<PositionRotation>
				<X>179.141434</X>
				<Y>-59.8065147</Y>
				<Z>68.5698471</Z>
				<Pitch>-0.485574275</Pitch>
				<Roll>-1.1298362</Roll>
				<Yaw>14.8424377</Yaw>
			</PositionRotation>
			<Attachment isAttached="true">
				<AttachedTo>217347</AttachedTo>
				<BoneIndex>0</BoneIndex>
				<X>-1.00000024</X>
				<Y>2.49999976</Y>
				<Z>0.280000001</Z>
				<Pitch>0</Pitch>
				<Roll>0</Roll>
				<Yaw>118.000015</Yaw>
			</Attachment>
		</Attachment>
		<Attachment>
			<ModelHash>0xda00c515</ModelHash>
			<Type>3</Type>
			<Dynamic>false</Dynamic>
			<FrozenPos>true</FrozenPos>
			<HashName>hei_prop_hei_carrier_disp_01</HashName>
			<InitialHandle>335450</InitialHandle>
			<ObjectProperties>
				<TextureVariation>0</TextureVariation>
			</ObjectProperties>
			<OpacityLevel>255</OpacityLevel>
			<LodDistance>16960</LodDistance>
			<IsVisible>true</IsVisible>
			<MaxHealth>1000</MaxHealth>
			<Health>1000</Health>
			<HasGravity>true</HasGravity>
			<IsOnFire>false</IsOnFire>
			<IsInvincible>false</IsInvincible>
			<IsBulletProof>false</IsBulletProof>
			<IsCollisionProof>false</IsCollisionProof>
			<IsExplosionProof>false</IsExplosionProof>
			<IsFireProof>false</IsFireProof>
			<IsMeleeProof>false</IsMeleeProof>
			<IsOnlyDamagedByPlayer>false</IsOnlyDamagedByPlayer>
			<PositionRotation>
				<X>179.02655</X>
				<Y>-61.4264603</Y>
				<Z>70.5929565</Z>
				<Pitch>-0.435486794</Pitch>
				<Roll>1.15006864</Roll>
				<Yaw>150.851578</Yaw>
			</PositionRotation>
			<Attachment isAttached="true">
				<AttachedTo>217347</AttachedTo>
				<BoneIndex>0</BoneIndex>
				<X>0.600000024</X>
				<Y>2.79999948</Y>
				<Z>2.29999995</Z>
				<Pitch>0</Pitch>
				<Roll>0</Roll>
				<Yaw>-105.999992</Yaw>
			</Attachment>
		</Attachment>
		<Attachment>
			<ModelHash>0xda00c515</ModelHash>
			<Type>3</Type>
			<Dynamic>false</Dynamic>
			<FrozenPos>true</FrozenPos>
			<HashName>hei_prop_hei_carrier_disp_01</HashName>
			<InitialHandle>248414</InitialHandle>
			<ObjectProperties>
				<TextureVariation>0</TextureVariation>
			</ObjectProperties>
			<OpacityLevel>255</OpacityLevel>
			<LodDistance>16960</LodDistance>
			<IsVisible>true</IsVisible>
			<MaxHealth>1000</MaxHealth>
			<Health>1000</Health>
			<HasGravity>true</HasGravity>
			<IsOnFire>false</IsOnFire>
			<IsInvincible>false</IsInvincible>
			<IsBulletProof>false</IsBulletProof>
			<IsCollisionProof>false</IsCollisionProof>
			<IsExplosionProof>false</IsExplosionProof>
			<IsFireProof>false</IsFireProof>
			<IsMeleeProof>false</IsMeleeProof>
			<IsOnlyDamagedByPlayer>false</IsOnlyDamagedByPlayer>
			<PositionRotation>
				<X>180.747208</X>
				<Y>-59.7746887</Y>
				<Z>70.6243134</Z>
				<Pitch>1.00413156</Pitch>
				<Roll>-0.709966779</Roll>
				<Yaw>-63.1465721</Yaw>
			</PositionRotation>
			<Attachment isAttached="true">
				<AttachedTo>217347</AttachedTo>
				<BoneIndex>0</BoneIndex>
				<X>-1.40000033</X>
				<Y>4.09999847</Y>
				<Z>2.29999995</Z>
				<Pitch>0</Pitch>
				<Roll>0</Roll>
				<Yaw>40</Yaw>
			</Attachment>
		</Attachment>
		<Attachment>
			<ModelHash>0xda00c515</ModelHash>
			<Type>3</Type>
			<Dynamic>false</Dynamic>
			<FrozenPos>true</FrozenPos>
			<HashName>hei_prop_hei_carrier_disp_01</HashName>
			<InitialHandle>489826</InitialHandle>
			<ObjectProperties>
				<TextureVariation>0</TextureVariation>
			</ObjectProperties>
			<OpacityLevel>255</OpacityLevel>
			<LodDistance>16960</LodDistance>
			<IsVisible>true</IsVisible>
			<MaxHealth>1000</MaxHealth>
			<Health>1000</Health>
			<HasGravity>true</HasGravity>
			<IsOnFire>false</IsOnFire>
			<IsInvincible>false</IsInvincible>
			<IsBulletProof>false</IsBulletProof>
			<IsCollisionProof>false</IsCollisionProof>
			<IsExplosionProof>false</IsExplosionProof>
			<IsFireProof>false</IsFireProof>
			<IsMeleeProof>false</IsMeleeProof>
			<IsOnlyDamagedByPlayer>false</IsOnlyDamagedByPlayer>
			<PositionRotation>
				<X>180.749283</X>
				<Y>-60.5976372</Y>
				<Z>71.1270523</Z>
				<Pitch>1.2255398</Pitch>
				<Roll>0.10166458</Roll>
				<Yaw>-103.15387</Yaw>
			</PositionRotation>
			<Attachment isAttached="true">
				<AttachedTo>217347</AttachedTo>
				<BoneIndex>-1</BoneIndex>
				<X>-0.600000203</X>
				<Y>4.29999828</Y>
				<Z>2.79999948</Z>
				<Pitch>0</Pitch>
				<Roll>0</Roll>
				<Yaw>-2.38418579e-07</Yaw>
			</Attachment>
		</Attachment>
		<Attachment>
			<ModelHash>0xda00c515</ModelHash>
			<Type>3</Type>
			<Dynamic>false</Dynamic>
			<FrozenPos>true</FrozenPos>
			<HashName>hei_prop_hei_carrier_disp_01</HashName>
			<InitialHandle>154469</InitialHandle>
			<ObjectProperties>
				<TextureVariation>0</TextureVariation>
			</ObjectProperties>
			<OpacityLevel>255</OpacityLevel>
			<LodDistance>16960</LodDistance>
			<IsVisible>true</IsVisible>
			<MaxHealth>1000</MaxHealth>
			<Health>1000</Health>
			<HasGravity>true</HasGravity>
			<IsOnFire>false</IsOnFire>
			<IsInvincible>false</IsInvincible>
			<IsBulletProof>false</IsBulletProof>
			<IsCollisionProof>false</IsCollisionProof>
			<IsExplosionProof>false</IsExplosionProof>
			<IsFireProof>false</IsFireProof>
			<IsMeleeProof>false</IsMeleeProof>
			<IsOnlyDamagedByPlayer>false</IsOnlyDamagedByPlayer>
			<PositionRotation>
				<X>180.590012</X>
				<Y>-61.2792778</Y>
				<Z>71.1258087</Z>
				<Pitch>1.2255398</Pitch>
				<Roll>0.10166458</Roll>
				<Yaw>-103.15387</Yaw>
			</PositionRotation>
			<Attachment isAttached="true">
				<AttachedTo>217347</AttachedTo>
				<BoneIndex>-1</BoneIndex>
				<X>0.0999999419</X>
				<Y>4.29999828</Y>
				<Z>2.79999948</Z>
				<Pitch>0</Pitch>
				<Roll>0</Roll>
				<Yaw>-2.38418579e-07</Yaw>
			</Attachment>
		</Attachment>
		<Attachment>
			<ModelHash>0xda00c515</ModelHash>
			<Type>3</Type>
			<Dynamic>false</Dynamic>
			<FrozenPos>true</FrozenPos>
			<HashName>hei_prop_hei_carrier_disp_01</HashName>
			<InitialHandle>476259</InitialHandle>
			<ObjectProperties>
				<TextureVariation>0</TextureVariation>
			</ObjectProperties>
			<OpacityLevel>255</OpacityLevel>
			<LodDistance>16960</LodDistance>
			<IsVisible>true</IsVisible>
			<MaxHealth>1000</MaxHealth>
			<Health>1000</Health>
			<HasGravity>true</HasGravity>
			<IsOnFire>false</IsOnFire>
			<IsInvincible>false</IsInvincible>
			<IsBulletProof>false</IsBulletProof>
			<IsCollisionProof>false</IsCollisionProof>
			<IsExplosionProof>false</IsExplosionProof>
			<IsFireProof>false</IsFireProof>
			<IsMeleeProof>false</IsMeleeProof>
			<IsOnlyDamagedByPlayer>false</IsOnlyDamagedByPlayer>
			<PositionRotation>
				<X>180.43074</X>
				<Y>-61.9609146</Y>
				<Z>71.1245728</Z>
				<Pitch>1.2255398</Pitch>
				<Roll>0.10166458</Roll>
				<Yaw>-103.15387</Yaw>
			</PositionRotation>
			<Attachment isAttached="true">
				<AttachedTo>217347</AttachedTo>
				<BoneIndex>-1</BoneIndex>
				<X>0.800000072</X>
				<Y>4.29999828</Y>
				<Z>2.79999948</Z>
				<Pitch>0</Pitch>
				<Roll>0</Roll>
				<Yaw>-2.38418579e-07</Yaw>
			</Attachment>
		</Attachment>
	</SpoonerAttachments>
</Vehicle>
