<?xml version="1.0" encoding="ISO-8859-1"?>
<Vehicle menyoo_ver="0.9998744b">
	<ModelHash>0xaed64a63</ModelHash>
	<InitialHandle>747556</InitialHandle>
	<VehicleProperties>
		<Colours>
			<Primary>146</Primary>
			<Secondary>25</Secondary>
			<Pearl>145</Pearl>
			<Rim>142</Rim>
			<Mod1_a>6</Mod1_a>
			<Mod1_b>-1</Mod1_b>
			<Mod1_c>-1</Mod1_c>
			<Mod2_a>6</Mod2_a>
			<Mod2_b>-1</Mod2_b>
			<IsPrimaryColourCustom>false</IsPrimaryColourCustom>
			<IsSecondaryColourCustom>false</IsSecondaryColourCustom>
			<tyreSmoke_R>255</tyreSmoke_R>
			<tyreSmoke_G>255</tyreSmoke_G>
			<tyreSmoke_B>255</tyreSmoke_B>
			<LrInterior>3</LrInterior>
			<LrDashboard>111</LrDashboard>
		</Colours>
		<Livery>-1</Livery>
		<NumberPlateText>06PSH753</NumberPlateText>
		<NumberPlateIndex>0</NumberPlateIndex>
		<WheelType>1</WheelType>
		<WheelsInvisible>false</WheelsInvisible>
		<EngineSoundName></EngineSoundName>
		<WindowTint>1</WindowTint>
		<BulletProofTyres>true</BulletProofTyres>
		<DirtLevel>0.0180753637</DirtLevel>
		<PaintFade>0.298039228</PaintFade>
		<RoofState>0</RoofState>
		<SirenActive>false</SirenActive>
		<EngineOn>true</EngineOn>
		<EngineHealth>1000</EngineHealth>
		<LightsOn>true</LightsOn>
		<IsRadioLoud>0</IsRadioLoud>
		<LockStatus>1</LockStatus>
		<Neons>
			<Left>true</Left>
			<Right>true</Right>
			<Front>true</Front>
			<Back>true</Back>
			<R>35</R>
			<G>1</G>
			<B>255</B>
		</Neons>
		<ModExtras>
			<_1>false</_1>
			<_2>true</_2>
			<_3>false</_3>
		</ModExtras>
		<Mods>
			<_0>-1,0</_0>
			<_1>0,0</_1>
			<_2>-1,0</_2>
			<_3>-1,0</_3>
			<_4>0,0</_4>
			<_5>-1,0</_5>
			<_6>-1,0</_6>
			<_7>1,0</_7>
			<_8>-1,0</_8>
			<_9>-1,0</_9>
			<_10>-1,0</_10>
			<_11>3,0</_11>
			<_12>2,0</_12>
			<_13>2,0</_13>
			<_14>0,0</_14>
			<_15>-1,0</_15>
			<_16>4,0</_16>
			<_17>false</_17>
			<_18>true</_18>
			<_19>false</_19>
			<_20>true</_20>
			<_21>false</_21>
			<_22>false</_22>
			<_23>11,1</_23>
			<_24>-1,0</_24>
			<_25>12,0</_25>
			<_26>15,0</_26>
			<_27>11,0</_27>
			<_28>44,0</_28>
			<_29>-1,0</_29>
			<_30>13,0</_30>
			<_31>-1,0</_31>
			<_32>-1,0</_32>
			<_33>15,0</_33>
			<_34>14,0</_34>
			<_35>21,0</_35>
			<_36>-1,0</_36>
			<_37>7,0</_37>
			<_38>4,0</_38>
			<_39>3,0</_39>
			<_40>2,0</_40>
			<_41>-1,0</_41>
			<_42>-1,0</_42>
			<_43>-1,0</_43>
			<_44>-1,0</_44>
			<_45>1,0</_45>
			<_46>-1,0</_46>
			<_47>-1,0</_47>
			<_48>8,0</_48>
		</Mods>
		<DoorsOpen>
			<BackLeftDoor>false</BackLeftDoor>
			<BackRightDoor>false</BackRightDoor>
			<FrontLeftDoor>false</FrontLeftDoor>
			<FrontRightDoor>false</FrontRightDoor>
			<Hood>false</Hood>
			<Trunk>false</Trunk>
			<Trunk2>false</Trunk2>
		</DoorsOpen>
		<DoorsBroken>
			<BackLeftDoor>false</BackLeftDoor>
			<BackRightDoor>false</BackRightDoor>
			<FrontLeftDoor>false</FrontLeftDoor>
			<FrontRightDoor>false</FrontRightDoor>
			<Hood>false</Hood>
			<Trunk>false</Trunk>
			<Trunk2>false</Trunk2>
		</DoorsBroken>
		<TyresBursted>
			<FrontLeft>false</FrontLeft>
			<FrontRight>false</FrontRight>
			<_2>false</_2>
			<_3>false</_3>
			<BackLeft>false</BackLeft>
			<BackRight>false</BackRight>
			<_6>false</_6>
			<_7>false</_7>
			<_8>false</_8>
		</TyresBursted>
		<RpmMultiplier>1</RpmMultiplier>
		<TorqueMultiplier>1</TorqueMultiplier>
		<HeadlightIntensity>1</HeadlightIntensity>
	</VehicleProperties>
	<OpacityLevel>255</OpacityLevel>
	<LodDistance>16960</LodDistance>
	<IsVisible>true</IsVisible>
	<IsDriverVisible>true</IsDriverVisible>
	<MaxHealth>1000</MaxHealth>
	<Health>1000</Health>
	<HasGravity>true</HasGravity>
	<IsOnFire>false</IsOnFire>
	<IsInvincible>false</IsInvincible>
	<IsBulletProof>false</IsBulletProof>
	<IsExplosionProof>false</IsExplosionProof>
	<IsFireProof>false</IsFireProof>
	<IsMeleeProof>false</IsMeleeProof>
	<IsOnlyDamagedByPlayer>false</IsOnlyDamagedByPlayer>
	<SpoonerAttachments SetAttachmentsPersistentAndAddToSpoonerDatabase="false" StartTaskSequencesOnLoad="true">
		<Attachment>
			<ModelHash>0xe2ba016f</ModelHash>
			<Type>3</Type>
			<Dynamic>false</Dynamic>
			<FrozenPos>true</FrozenPos>
			<HashName>prop_cs_katana_01</HashName>
			<InitialHandle>124206</InitialHandle>
			<ObjectProperties>
				<TextureVariation>0</TextureVariation>
			</ObjectProperties>
			<OpacityLevel>255</OpacityLevel>
			<LodDistance>16960</LodDistance>
			<IsVisible>true</IsVisible>
			<MaxHealth>1000</MaxHealth>
			<Health>1000</Health>
			<HasGravity>true</HasGravity>
			<IsOnFire>false</IsOnFire>
			<IsInvincible>false</IsInvincible>
			<IsBulletProof>false</IsBulletProof>
			<IsCollisionProof>false</IsCollisionProof>
			<IsExplosionProof>false</IsExplosionProof>
			<IsFireProof>false</IsFireProof>
			<IsMeleeProof>false</IsMeleeProof>
			<IsOnlyDamagedByPlayer>false</IsOnlyDamagedByPlayer>
			<PositionRotation>
				<X>1809.95459</X>
				<Y>3333.82642</Y>
				<Z>41.0010414</Z>
				<Pitch>-2.742347</Pitch>
				<Roll>79.4271088</Roll>
				<Yaw>59.3738327</Yaw>
			</PositionRotation>
			<Attachment isAttached="true">
				<AttachedTo>747556</AttachedTo>
				<BoneIndex>0</BoneIndex>
				<X>0.465013981</X>
				<Y>2.54531217</Y>
				<Z>-0.0951015204</Z>
				<Pitch>-0.00601272658</Pitch>
				<Roll>79.9996338</Roll>
				<Yaw>88.9014969</Yaw>
			</Attachment>
		</Attachment>
		<Attachment>
			<ModelHash>0xe2ba016f</ModelHash>
			<Type>3</Type>
			<Dynamic>false</Dynamic>
			<FrozenPos>true</FrozenPos>
			<HashName>prop_cs_katana_01</HashName>
			<InitialHandle>590894</InitialHandle>
			<ObjectProperties>
				<TextureVariation>0</TextureVariation>
			</ObjectProperties>
			<OpacityLevel>255</OpacityLevel>
			<LodDistance>16960</LodDistance>
			<IsVisible>true</IsVisible>
			<MaxHealth>1000</MaxHealth>
			<Health>1000</Health>
			<HasGravity>true</HasGravity>
			<IsOnFire>false</IsOnFire>
			<IsInvincible>false</IsInvincible>
			<IsBulletProof>false</IsBulletProof>
			<IsCollisionProof>false</IsCollisionProof>
			<IsExplosionProof>false</IsExplosionProof>
			<IsFireProof>false</IsFireProof>
			<IsMeleeProof>false</IsMeleeProof>
			<IsOnlyDamagedByPlayer>false</IsOnlyDamagedByPlayer>
			<PositionRotation>
				<X>1809.15027</X>
				<Y>3334.34521</Y>
				<Z>40.9556808</Z>
				<Pitch>-2.77348208</Pitch>
				<Roll>79.6043015</Roll>
				<Yaw>63.063221</Yaw>
			</PositionRotation>
			<Attachment isAttached="true">
				<AttachedTo>747556</AttachedTo>
				<BoneIndex>0</BoneIndex>
				<X>-0.491684407</X>
				<Y>2.60029459</Y>
				<Z>-0.0951129049</Z>
				<Pitch>-0.00601165928</Pitch>
				<Roll>79.9996262</Roll>
				<Yaw>92.586731</Yaw>
			</Attachment>
		</Attachment>
		<Attachment>
			<ModelHash>0xe2ba016f</ModelHash>
			<Type>3</Type>
			<Dynamic>false</Dynamic>
			<FrozenPos>true</FrozenPos>
			<HashName>prop_cs_katana_01</HashName>
			<InitialHandle>760878</InitialHandle>
			<ObjectProperties>
				<TextureVariation>0</TextureVariation>
			</ObjectProperties>
			<OpacityLevel>255</OpacityLevel>
			<LodDistance>16960</LodDistance>
			<IsVisible>true</IsVisible>
			<MaxHealth>1000</MaxHealth>
			<Health>1000</Health>
			<HasGravity>true</HasGravity>
			<IsOnFire>false</IsOnFire>
			<IsInvincible>false</IsInvincible>
			<IsBulletProof>false</IsBulletProof>
			<IsCollisionProof>false</IsCollisionProof>
			<IsExplosionProof>false</IsExplosionProof>
			<IsFireProof>false</IsFireProof>
			<IsMeleeProof>false</IsMeleeProof>
			<IsOnlyDamagedByPlayer>false</IsOnlyDamagedByPlayer>
			<PositionRotation>
				<X>1808.93567</X>
				<Y>3334.43481</Y>
				<Z>40.9443512</Z>
				<Pitch>-2.78530073</Pitch>
				<Roll>79.6985397</Roll>
				<Yaw>65.0103989</Yaw>
			</PositionRotation>
			<Attachment isAttached="true">
				<AttachedTo>747556</AttachedTo>
				<BoneIndex>0</BoneIndex>
				<X>-0.72288233</X>
				<Y>2.57255507</Y>
				<Z>-0.0951113552</Z>
				<Pitch>-0.00601144601</Pitch>
				<Roll>79.9996338</Roll>
				<Yaw>94.5316544</Yaw>
			</Attachment>
		</Attachment>
		<Attachment>
			<ModelHash>0xe2ba016f</ModelHash>
			<Type>3</Type>
			<Dynamic>false</Dynamic>
			<FrozenPos>true</FrozenPos>
			<HashName>prop_cs_katana_01</HashName>
			<InitialHandle>188462</InitialHandle>
			<ObjectProperties>
				<TextureVariation>0</TextureVariation>
			</ObjectProperties>
			<OpacityLevel>255</OpacityLevel>
			<LodDistance>16960</LodDistance>
			<IsVisible>true</IsVisible>
			<MaxHealth>1000</MaxHealth>
			<Health>1000</Health>
			<HasGravity>true</HasGravity>
			<IsOnFire>false</IsOnFire>
			<IsInvincible>false</IsInvincible>
			<IsBulletProof>false</IsBulletProof>
			<IsCollisionProof>false</IsCollisionProof>
			<IsExplosionProof>false</IsExplosionProof>
			<IsFireProof>false</IsFireProof>
			<IsMeleeProof>false</IsMeleeProof>
			<IsOnlyDamagedByPlayer>false</IsOnlyDamagedByPlayer>
			<PositionRotation>
				<X>1810.20166</X>
				<Y>3333.7063</Y>
				<Z>41.0161705</Z>
				<Pitch>-2.70072889</Pitch>
				<Roll>79.2090836</Roll>
				<Yaw>55.856636</Yaw>
			</PositionRotation>
			<Attachment isAttached="true">
				<AttachedTo>747556</AttachedTo>
				<BoneIndex>0</BoneIndex>
				<X>0.739574611</X>
				<Y>2.56253195</Y>
				<Z>-0.0932828188</Z>
				<Pitch>-0.00462400354</Pitch>
				<Roll>79.9483414</Roll>
				<Yaw>85.3880157</Yaw>
			</Attachment>
		</Attachment>
		<Attachment>
			<ModelHash>0x15727af6</ModelHash>
			<Type>3</Type>
			<Dynamic>false</Dynamic>
			<FrozenPos>true</FrozenPos>
			<HashName>prop_mp_halo_point_sm</HashName>
			<InitialHandle>363838</InitialHandle>
			<ObjectProperties>
				<TextureVariation>0</TextureVariation>
			</ObjectProperties>
			<OpacityLevel>255</OpacityLevel>
			<LodDistance>16960</LodDistance>
			<IsVisible>true</IsVisible>
			<MaxHealth>1000</MaxHealth>
			<Health>1000</Health>
			<HasGravity>true</HasGravity>
			<IsOnFire>false</IsOnFire>
			<IsInvincible>false</IsInvincible>
			<IsBulletProof>false</IsBulletProof>
			<IsCollisionProof>false</IsCollisionProof>
			<IsExplosionProof>false</IsExplosionProof>
			<IsFireProof>false</IsFireProof>
			<IsMeleeProof>false</IsMeleeProof>
			<IsOnlyDamagedByPlayer>false</IsOnlyDamagedByPlayer>
			<PositionRotation>
				<X>1807.44849</X>
				<Y>3330.37573</Y>
				<Z>42.0484428</Z>
				<Pitch>0.510639548</Pitch>
				<Roll>-2.74775624</Roll>
				<Yaw>-29.4461212</Yaw>
			</PositionRotation>
			<Attachment isAttached="true">
				<AttachedTo>747556</AttachedTo>
				<BoneIndex>0</BoneIndex>
				<X>0.03557612</X>
				<Y>-1.68233407</Y>
				<Z>1.01251471</Z>
				<Pitch>-0.00601165928</Pitch>
				<Roll>-0.000336249446</Roll>
				<Yaw>0.0556945801</Yaw>
			</Attachment>
		</Attachment>
		<Attachment>
			<ModelHash>0x4d1ae98a</ModelHash>
			<Type>3</Type>
			<Dynamic>false</Dynamic>
			<FrozenPos>true</FrozenPos>
			<HashName>prop_sealife_04</HashName>
			<InitialHandle>693822</InitialHandle>
			<ObjectProperties>
				<TextureVariation>0</TextureVariation>
			</ObjectProperties>
			<OpacityLevel>255</OpacityLevel>
			<LodDistance>16960</LodDistance>
			<IsVisible>true</IsVisible>
			<MaxHealth>1000</MaxHealth>
			<Health>1000</Health>
			<HasGravity>true</HasGravity>
			<IsOnFire>false</IsOnFire>
			<IsInvincible>false</IsInvincible>
			<IsBulletProof>false</IsBulletProof>
			<IsCollisionProof>false</IsCollisionProof>
			<IsExplosionProof>false</IsExplosionProof>
			<IsFireProof>false</IsFireProof>
			<IsMeleeProof>false</IsMeleeProof>
			<IsOnlyDamagedByPlayer>false</IsOnlyDamagedByPlayer>
			<PositionRotation>
				<X>1807.13098</X>
				<Y>3329.63916</Y>
				<Z>41.1538086</Z>
				<Pitch>2.57476139</Pitch>
				<Roll>81.0745392</Roll>
				<Yaw>-131.425278</Yaw>
			</PositionRotation>
			<Attachment isAttached="true">
				<AttachedTo>747556</AttachedTo>
				<BoneIndex>0</BoneIndex>
				<X>0.0793893337</X>
				<Y>-2.48785186</Y>
				<Z>0.122022822</Z>
				<Pitch>-0.00601123227</Pitch>
				<Roll>79.9996338</Roll>
				<Yaw>258.112732</Yaw>
			</Attachment>
		</Attachment>
		<Attachment>
			<ModelHash>0x8225145b</ModelHash>
			<Type>3</Type>
			<Dynamic>false</Dynamic>
			<FrozenPos>true</FrozenPos>
			<HashName>prop_cs_mini_tv</HashName>
			<InitialHandle>229953</InitialHandle>
			<ObjectProperties>
				<TextureVariation>0</TextureVariation>
			</ObjectProperties>
			<PtfxLopAsset>scr_rcbarry2</PtfxLopAsset>
			<PtfxLopEffect>scr_clown_death</PtfxLopEffect>
			<OpacityLevel>255</OpacityLevel>
			<LodDistance>16960</LodDistance>
			<IsVisible>true</IsVisible>
			<MaxHealth>1000</MaxHealth>
			<Health>1000</Health>
			<HasGravity>true</HasGravity>
			<IsOnFire>false</IsOnFire>
			<IsInvincible>false</IsInvincible>
			<IsBulletProof>false</IsBulletProof>
			<IsCollisionProof>false</IsCollisionProof>
			<IsExplosionProof>false</IsExplosionProof>
			<IsFireProof>false</IsFireProof>
			<IsMeleeProof>false</IsMeleeProof>
			<IsOnlyDamagedByPlayer>false</IsOnlyDamagedByPlayer>
			<PositionRotation>
				<X>1807.09143</X>
				<Y>3329.54248</Y>
				<Z>41.0572014</Z>
				<Pitch>0.608251631</Pitch>
				<Roll>-2.72760653</Roll>
				<Yaw>-31.4875793</Yaw>
			</PositionRotation>
			<Attachment isAttached="true">
				<AttachedTo>747556</AttachedTo>
				<BoneIndex>0</BoneIndex>
				<X>0.0879811645</X>
				<Y>-2.59233141</Y>
				<Z>0.0258360505</Z>
				<Pitch>-0.00601165928</Pitch>
				<Roll>-0.000336249446</Roll>
				<Yaw>-1.98800659</Yaw>
			</Attachment>
		</Attachment>
	</SpoonerAttachments>
</Vehicle>
