<?xml version="1.0" encoding="ISO-8859-1"?>
<Vehicle menyoo_ver="0.9998766b">
	<ModelHash>0x35ed670b</ModelHash>
	<InitialHandle>784131</InitialHandle>
	<VehicleProperties>
		<Colours>
			<Primary>121</Primary>
			<Secondary>1</Secondary>
			<Pearl>0</Pearl>
			<Rim>156</Rim>
			<Mod1_a>0</Mod1_a>
			<Mod1_b>0</Mod1_b>
			<Mod1_c>0</Mod1_c>
			<Mod2_a>0</Mod2_a>
			<Mod2_b>0</Mod2_b>
			<IsPrimaryColourCustom>false</IsPrimaryColourCustom>
			<IsSecondaryColourCustom>false</IsSecondaryColourCustom>
			<tyreSmoke_R>255</tyreSmoke_R>
			<tyreSmoke_G>255</tyreSmoke_G>
			<tyreSmoke_B>255</tyreSmoke_B>
			<LrInterior>0</LrInterior>
			<LrDashboard>0</LrDashboard>
		</Colours>
		<Livery>-1</Livery>
		<NumberPlateText>47CHY950</NumberPlateText>
		<NumberPlateIndex>0</NumberPlateIndex>
		<WheelType>0</WheelType>
		<WheelsInvisible>false</WheelsInvisible>
		<EngineSoundName></EngineSoundName>
		<WindowTint>-1</WindowTint>
		<BulletProofTyres>false</BulletProofTyres>
		<DirtLevel>4.00003242</DirtLevel>
		<PaintFade>0.988235354</PaintFade>
		<RoofState>0</RoofState>
		<SirenActive>false</SirenActive>
		<EngineOn>true</EngineOn>
		<EngineHealth>1000</EngineHealth>
		<LightsOn>true</LightsOn>
		<IsRadioLoud>0</IsRadioLoud>
		<LockStatus>1</LockStatus>
		<Neons>
			<Left>false</Left>
			<Right>false</Right>
			<Front>false</Front>
			<Back>false</Back>
			<R>255</R>
			<G>0</G>
			<B>255</B>
		</Neons>
		<ModExtras>
			<_1>false</_1>
			<_2>false</_2>
			<_3>false</_3>
			<_4>false</_4>
			<_5>true</_5>
			<_6>false</_6>
			<_7>false</_7>
		</ModExtras>
		<Mods>
			<_0>-1,0</_0>
			<_1>-1,0</_1>
			<_2>-1,0</_2>
			<_3>-1,0</_3>
			<_4>-1,0</_4>
			<_5>-1,0</_5>
			<_6>-1,0</_6>
			<_7>-1,0</_7>
			<_8>-1,0</_8>
			<_9>-1,0</_9>
			<_10>-1,0</_10>
			<_11>-1,0</_11>
			<_12>-1,0</_12>
			<_13>-1,0</_13>
			<_14>-1,0</_14>
			<_15>-1,0</_15>
			<_16>-1,0</_16>
			<_17>false</_17>
			<_18>false</_18>
			<_19>false</_19>
			<_20>false</_20>
			<_21>false</_21>
			<_22>false</_22>
			<_23>-1,0</_23>
			<_24>-1,0</_24>
			<_25>-1,0</_25>
			<_26>-1,0</_26>
			<_27>-1,0</_27>
			<_28>-1,0</_28>
			<_29>-1,0</_29>
			<_30>-1,0</_30>
			<_31>-1,0</_31>
			<_32>-1,0</_32>
			<_33>-1,0</_33>
			<_34>-1,0</_34>
			<_35>-1,0</_35>
			<_36>-1,0</_36>
			<_37>-1,0</_37>
			<_38>-1,0</_38>
			<_39>-1,0</_39>
			<_40>-1,0</_40>
			<_41>-1,0</_41>
			<_42>-1,0</_42>
			<_43>-1,0</_43>
			<_44>-1,0</_44>
			<_45>-1,0</_45>
			<_46>-1,0</_46>
			<_47>-1,0</_47>
			<_48>-1,0</_48>
		</Mods>
		<DoorsOpen>
			<BackLeftDoor>false</BackLeftDoor>
			<BackRightDoor>false</BackRightDoor>
			<FrontLeftDoor>false</FrontLeftDoor>
			<FrontRightDoor>false</FrontRightDoor>
			<Hood>false</Hood>
			<Trunk>false</Trunk>
			<Trunk2>false</Trunk2>
		</DoorsOpen>
		<DoorsBroken>
			<BackLeftDoor>false</BackLeftDoor>
			<BackRightDoor>false</BackRightDoor>
			<FrontLeftDoor>false</FrontLeftDoor>
			<FrontRightDoor>false</FrontRightDoor>
			<Hood>false</Hood>
			<Trunk>false</Trunk>
			<Trunk2>false</Trunk2>
		</DoorsBroken>
		<TyresBursted>
			<FrontLeft>false</FrontLeft>
			<FrontRight>false</FrontRight>
			<_2>false</_2>
			<_3>false</_3>
			<BackLeft>false</BackLeft>
			<BackRight>false</BackRight>
			<_6>false</_6>
			<_7>false</_7>
			<_8>false</_8>
		</TyresBursted>
		<RpmMultiplier>1</RpmMultiplier>
		<TorqueMultiplier>1</TorqueMultiplier>
		<MaxSpeed>28.6960716</MaxSpeed>
		<HeadlightIntensity>1</HeadlightIntensity>
	</VehicleProperties>
	<OpacityLevel>255</OpacityLevel>
	<LodDistance>750</LodDistance>
	<IsVisible>true</IsVisible>
	<IsDriverVisible>true</IsDriverVisible>
	<MaxHealth>1000</MaxHealth>
	<Health>1000</Health>
	<HasGravity>true</HasGravity>
	<IsOnFire>false</IsOnFire>
	<IsInvincible>false</IsInvincible>
	<IsBulletProof>false</IsBulletProof>
	<IsExplosionProof>false</IsExplosionProof>
	<IsFireProof>false</IsFireProof>
	<IsMeleeProof>false</IsMeleeProof>
	<IsOnlyDamagedByPlayer>false</IsOnlyDamagedByPlayer>
	<SpoonerAttachments SetAttachmentsPersistentAndAddToSpoonerDatabase="false" StartTaskSequencesOnLoad="true">
		<Attachment>
			<ModelHash>0x0614976f</ModelHash>
			<Type>3</Type>
			<Dynamic>false</Dynamic>
			<FrozenPos>true</FrozenPos>
			<HashName>hei_prop_carrier_cargo_03a</HashName>
			<InitialHandle>93971</InitialHandle>
			<ObjectProperties>
				<TextureVariation>0</TextureVariation>
			</ObjectProperties>
			<OpacityLevel>255</OpacityLevel>
			<LodDistance>16960</LodDistance>
			<IsVisible>true</IsVisible>
			<MaxHealth>1000</MaxHealth>
			<Health>1000</Health>
			<HasGravity>true</HasGravity>
			<IsOnFire>false</IsOnFire>
			<IsInvincible>false</IsInvincible>
			<IsBulletProof>false</IsBulletProof>
			<IsCollisionProof>false</IsCollisionProof>
			<IsExplosionProof>false</IsExplosionProof>
			<IsFireProof>false</IsFireProof>
			<IsMeleeProof>false</IsMeleeProof>
			<IsOnlyDamagedByPlayer>false</IsOnlyDamagedByPlayer>
			<PositionRotation>
				<X>1045.18787</X>
				<Y>-2389.55469</Y>
				<Z>30.3693867</Z>
				<Pitch>1.48768127</Pitch>
				<Roll>-0.0314115696</Roll>
				<Yaw>-4.04872227</Yaw>
			</PositionRotation>
			<Attachment isAttached="true">
				<AttachedTo>784131</AttachedTo>
				<BoneIndex>0</BoneIndex>
				<X>0</X>
				<Y>0</Y>
				<Z>-0.0400000028</Z>
				<Pitch>0</Pitch>
				<Roll>0</Roll>
				<Yaw>0</Yaw>
			</Attachment>
		</Attachment>
		<Attachment>
			<ModelHash>0x0614976f</ModelHash>
			<Type>3</Type>
			<Dynamic>false</Dynamic>
			<FrozenPos>true</FrozenPos>
			<HashName>hei_prop_carrier_cargo_03a</HashName>
			<InitialHandle>344087</InitialHandle>
			<ObjectProperties>
				<TextureVariation>0</TextureVariation>
			</ObjectProperties>
			<OpacityLevel>255</OpacityLevel>
			<LodDistance>16960</LodDistance>
			<IsVisible>true</IsVisible>
			<MaxHealth>1000</MaxHealth>
			<Health>1000</Health>
			<HasGravity>true</HasGravity>
			<IsOnFire>false</IsOnFire>
			<IsInvincible>false</IsInvincible>
			<IsBulletProof>false</IsBulletProof>
			<IsCollisionProof>false</IsCollisionProof>
			<IsExplosionProof>false</IsExplosionProof>
			<IsFireProof>false</IsFireProof>
			<IsMeleeProof>false</IsMeleeProof>
			<IsOnlyDamagedByPlayer>false</IsOnlyDamagedByPlayer>
			<PositionRotation>
				<X>1045.04028</X>
				<Y>-2391.63965</Y>
				<Z>30.3551121</Z>
				<Pitch>1.48768127</Pitch>
				<Roll>-0.0314115696</Roll>
				<Yaw>-4.04872227</Yaw>
			</PositionRotation>
			<Attachment isAttached="true">
				<AttachedTo>784131</AttachedTo>
				<BoneIndex>0</BoneIndex>
				<X>0</X>
				<Y>-2.08999848</Y>
				<Z>0</Z>
				<Pitch>0</Pitch>
				<Roll>0</Roll>
				<Yaw>0</Yaw>
			</Attachment>
		</Attachment>
	</SpoonerAttachments>
</Vehicle>
