<?xml version="1.0" encoding="ISO-8859-1"?>
<Vehicle menyoo_ver="0.9998766b">
	<ModelHash>0x29b0da97</ModelHash>
	<InitialHandle>708392</InitialHandle>
	<VehicleProperties>
		<Colours>
			<Primary>68</Primary>
			<Secondary>92</Secondary>
			<Pearl>68</Pearl>
			<Rim>41</Rim>
			<Mod1_a>6</Mod1_a>
			<Mod1_b>-1</Mod1_b>
			<Mod1_c>-1</Mod1_c>
			<Mod2_a>6</Mod2_a>
			<Mod2_b>-1</Mod2_b>
			<IsPrimaryColourCustom>false</IsPrimaryColourCustom>
			<IsSecondaryColourCustom>false</IsSecondaryColourCustom>
			<tyreSmoke_R>255</tyreSmoke_R>
			<tyreSmoke_G>255</tyreSmoke_G>
			<tyreSmoke_B>255</tyreSmoke_B>
			<LrInterior>0</LrInterior>
			<LrDashboard>0</LrDashboard>
		</Colours>
		<Livery>-1</Livery>
		<NumberPlateText> SCOOBY </NumberPlateText>
		<NumberPlateIndex>0</NumberPlateIndex>
		<WheelType>2</WheelType>
		<WheelsInvisible>false</WheelsInvisible>
		<EngineSoundName></EngineSoundName>
		<WindowTint>-1</WindowTint>
		<BulletProofTyres>true</BulletProofTyres>
		<DirtLevel>0.00490503944</DirtLevel>
		<PaintFade>0.298039228</PaintFade>
		<RoofState>0</RoofState>
		<SirenActive>false</SirenActive>
		<EngineOn>true</EngineOn>
		<EngineHealth>2000</EngineHealth>
		<LightsOn>false</LightsOn>
		<IsRadioLoud>0</IsRadioLoud>
		<LockStatus>1</LockStatus>
		<Neons>
			<Left>true</Left>
			<Right>true</Right>
			<Front>true</Front>
			<Back>true</Back>
			<R>94</R>
			<G>255</G>
			<B>1</B>
		</Neons>
		<ModExtras>
			<_1>false</_1>
		</ModExtras>
		<Mods>
			<_0>-1,0</_0>
			<_1>-1,0</_1>
			<_2>-1,0</_2>
			<_3>-1,0</_3>
			<_4>-1,0</_4>
			<_5>-1,0</_5>
			<_6>-1,0</_6>
			<_7>-1,0</_7>
			<_8>-1,0</_8>
			<_9>-1,0</_9>
			<_10>-1,0</_10>
			<_11>3,0</_11>
			<_12>2,0</_12>
			<_13>2,0</_13>
			<_14>40,0</_14>
			<_15>-1,0</_15>
			<_16>-1,0</_16>
			<_17>false</_17>
			<_18>true</_18>
			<_19>false</_19>
			<_20>false</_20>
			<_21>false</_21>
			<_22>true</_22>
			<_23>0,0</_23>
			<_24>-1,0</_24>
			<_25>-1,0</_25>
			<_26>-1,0</_26>
			<_27>-1,0</_27>
			<_28>-1,0</_28>
			<_29>-1,0</_29>
			<_30>-1,0</_30>
			<_31>-1,0</_31>
			<_32>-1,0</_32>
			<_33>-1,0</_33>
			<_34>-1,0</_34>
			<_35>-1,0</_35>
			<_36>-1,0</_36>
			<_37>-1,0</_37>
			<_38>-1,0</_38>
			<_39>-1,0</_39>
			<_40>-1,0</_40>
			<_41>-1,0</_41>
			<_42>-1,0</_42>
			<_43>-1,0</_43>
			<_44>-1,0</_44>
			<_45>-1,0</_45>
			<_46>-1,0</_46>
			<_47>-1,0</_47>
			<_48>-1,0</_48>
		</Mods>
		<DoorsOpen>
			<BackLeftDoor>false</BackLeftDoor>
			<BackRightDoor>false</BackRightDoor>
			<FrontLeftDoor>false</FrontLeftDoor>
			<FrontRightDoor>false</FrontRightDoor>
			<Hood>false</Hood>
			<Trunk>false</Trunk>
			<Trunk2>false</Trunk2>
		</DoorsOpen>
		<DoorsBroken>
			<BackLeftDoor>false</BackLeftDoor>
			<BackRightDoor>false</BackRightDoor>
			<FrontLeftDoor>false</FrontLeftDoor>
			<FrontRightDoor>false</FrontRightDoor>
			<Hood>false</Hood>
			<Trunk>false</Trunk>
			<Trunk2>false</Trunk2>
		</DoorsBroken>
		<TyresBursted>
			<FrontLeft>false</FrontLeft>
			<FrontRight>false</FrontRight>
			<_2>false</_2>
			<_3>false</_3>
			<BackLeft>false</BackLeft>
			<BackRight>false</BackRight>
			<_6>false</_6>
			<_7>false</_7>
			<_8>false</_8>
		</TyresBursted>
		<RpmMultiplier>1</RpmMultiplier>
		<TorqueMultiplier>1</TorqueMultiplier>
		<MaxSpeed>20.6859474</MaxSpeed>
		<HeadlightIntensity>1</HeadlightIntensity>
	</VehicleProperties>
	<OpacityLevel>255</OpacityLevel>
	<LodDistance>16960</LodDistance>
	<IsVisible>true</IsVisible>
	<IsDriverVisible>true</IsDriverVisible>
	<MaxHealth>1000</MaxHealth>
	<Health>1000</Health>
	<HasGravity>true</HasGravity>
	<IsOnFire>false</IsOnFire>
	<IsInvincible>true</IsInvincible>
	<IsBulletProof>true</IsBulletProof>
	<IsExplosionProof>true</IsExplosionProof>
	<IsFireProof>false</IsFireProof>
	<IsMeleeProof>true</IsMeleeProof>
	<IsOnlyDamagedByPlayer>false</IsOnlyDamagedByPlayer>
	<SpoonerAttachments SetAttachmentsPersistentAndAddToSpoonerDatabase="true" StartTaskSequencesOnLoad="true">
		<Attachment>
			<ModelHash>0xb7d4f0ac</ModelHash>
			<Type>3</Type>
			<Dynamic>true</Dynamic>
			<FrozenPos>true</FrozenPos>
			<HashName>apa_mp_h_stn_chairarm_25</HashName>
			<InitialHandle>117037</InitialHandle>
			<ObjectProperties>
				<TextureVariation>0</TextureVariation>
			</ObjectProperties>
			<OpacityLevel>255</OpacityLevel>
			<LodDistance>16960</LodDistance>
			<IsVisible>true</IsVisible>
			<MaxHealth>1000</MaxHealth>
			<Health>1000</Health>
			<HasGravity>true</HasGravity>
			<IsOnFire>false</IsOnFire>
			<IsInvincible>true</IsInvincible>
			<IsBulletProof>false</IsBulletProof>
			<IsCollisionProof>true</IsCollisionProof>
			<IsExplosionProof>true</IsExplosionProof>
			<IsFireProof>false</IsFireProof>
			<IsMeleeProof>true</IsMeleeProof>
			<IsOnlyDamagedByPlayer>false</IsOnlyDamagedByPlayer>
			<PositionRotation>
				<X>-1652.28955</X>
				<Y>-249.281738</Y>
				<Z>54.1007309</Z>
				<Pitch>6.85087013</Pitch>
				<Roll>-0.387282789</Roll>
				<Yaw>71.1673355</Yaw>
			</PositionRotation>
			<Attachment isAttached="true">
				<AttachedTo>708392</AttachedTo>
				<BoneIndex>0</BoneIndex>
				<X>0.0140511217</X>
				<Y>-0.775323868</Y>
				<Z>-0.398518175</Z>
				<Pitch>3.98227</Pitch>
				<Roll>0.0540354252</Roll>
				<Yaw>-179.384537</Yaw>
			</Attachment>
		</Attachment>
		<Attachment>
			<ModelHash>0xf0a61994</ModelHash>
			<Type>3</Type>
			<Dynamic>true</Dynamic>
			<FrozenPos>true</FrozenPos>
			<HashName>prop_bong_01</HashName>
			<InitialHandle>735020</InitialHandle>
			<ObjectProperties>
				<TextureVariation>0</TextureVariation>
			</ObjectProperties>
			<OpacityLevel>255</OpacityLevel>
			<LodDistance>16960</LodDistance>
			<IsVisible>true</IsVisible>
			<MaxHealth>1000</MaxHealth>
			<Health>1000</Health>
			<HasGravity>true</HasGravity>
			<IsOnFire>false</IsOnFire>
			<IsInvincible>true</IsInvincible>
			<IsBulletProof>false</IsBulletProof>
			<IsCollisionProof>true</IsCollisionProof>
			<IsExplosionProof>true</IsExplosionProof>
			<IsFireProof>false</IsFireProof>
			<IsMeleeProof>true</IsMeleeProof>
			<IsOnlyDamagedByPlayer>false</IsOnlyDamagedByPlayer>
			<PositionRotation>
				<X>-1652.42517</X>
				<Y>-250.040314</Y>
				<Z>54.4315567</Z>
				<Pitch>6.74086523</Pitch>
				<Roll>-1.13331938</Roll>
				<Yaw>80.0116653</Yaw>
			</PositionRotation>
			<Attachment isAttached="true">
				<AttachedTo>708392</AttachedTo>
				<BoneIndex>0</BoneIndex>
				<X>0.771986187</X>
				<Y>-0.666880369</Y>
				<Z>-0.0564299747</Z>
				<Pitch>3.97358179</Pitch>
				<Roll>-0.255327463</Roll>
				<Yaw>-170.580536</Yaw>
			</Attachment>
		</Attachment>
		<Attachment>
			<ModelHash>0x1f036a32</ModelHash>
			<Type>3</Type>
			<Dynamic>true</Dynamic>
			<FrozenPos>true</FrozenPos>
			<HashName>w_am_digiscanner</HashName>
			<InitialHandle>233261</InitialHandle>
			<ObjectProperties>
				<TextureVariation>0</TextureVariation>
			</ObjectProperties>
			<OpacityLevel>255</OpacityLevel>
			<LodDistance>16960</LodDistance>
			<IsVisible>true</IsVisible>
			<MaxHealth>1000</MaxHealth>
			<Health>1000</Health>
			<HasGravity>true</HasGravity>
			<IsOnFire>false</IsOnFire>
			<IsInvincible>true</IsInvincible>
			<IsBulletProof>false</IsBulletProof>
			<IsCollisionProof>false</IsCollisionProof>
			<IsExplosionProof>true</IsExplosionProof>
			<IsFireProof>false</IsFireProof>
			<IsMeleeProof>true</IsMeleeProof>
			<IsOnlyDamagedByPlayer>false</IsOnlyDamagedByPlayer>
			<PositionRotation>
				<X>-1649.98499</X>
				<Y>-250.025757</Y>
				<Z>54.9125404</Z>
				<Pitch>-3.01804733</Pitch>
				<Roll>90.4187317</Roll>
				<Yaw>-99.0548859</Yaw>
			</PositionRotation>
			<Attachment isAttached="true">
				<AttachedTo>708392</AttachedTo>
				<BoneIndex>0</BoneIndex>
				<X>-0.0596744381</X>
				<Y>1.60172498</Y>
				<Z>0.533117115</Z>
				<Pitch>-0.2658149</Pitch>
				<Roll>89.4979019</Roll>
				<Yaw>10.4085083</Yaw>
			</Attachment>
		</Attachment>
		<Attachment>
			<ModelHash>0x0e727aa0</ModelHash>
			<Type>3</Type>
			<Dynamic>true</Dynamic>
			<FrozenPos>true</FrozenPos>
			<HashName>w_am_jerrycan</HashName>
			<InitialHandle>120621</InitialHandle>
			<ObjectProperties>
				<TextureVariation>0</TextureVariation>
			</ObjectProperties>
			<OpacityLevel>255</OpacityLevel>
			<LodDistance>16960</LodDistance>
			<IsVisible>true</IsVisible>
			<MaxHealth>1000</MaxHealth>
			<Health>1000</Health>
			<HasGravity>true</HasGravity>
			<IsOnFire>false</IsOnFire>
			<IsInvincible>true</IsInvincible>
			<IsBulletProof>false</IsBulletProof>
			<IsCollisionProof>true</IsCollisionProof>
			<IsExplosionProof>true</IsExplosionProof>
			<IsFireProof>false</IsFireProof>
			<IsMeleeProof>true</IsMeleeProof>
			<IsOnlyDamagedByPlayer>false</IsOnlyDamagedByPlayer>
			<PositionRotation>
				<X>-1653.26123</X>
				<Y>-248.951065</Y>
				<Z>54.3933067</Z>
				<Pitch>-83.1471634</Pitch>
				<Roll>-2.09796953</Roll>
				<Yaw>69.0937424</Yaw>
			</PositionRotation>
			<Attachment isAttached="true">
				<AttachedTo>708392</AttachedTo>
				<BoneIndex>0</BoneIndex>
				<X>0.0246054921</X>
				<Y>-1.81502998</Y>
				<Z>-0.157674193</Z>
				<Pitch>-86.01548</Pitch>
				<Roll>2.74634504</Roll>
				<Yaw>-176.592255</Yaw>
			</Attachment>
		</Attachment>
		<Attachment>
			<ModelHash>0x0e727aa0</ModelHash>
			<Type>3</Type>
			<Dynamic>true</Dynamic>
			<FrozenPos>true</FrozenPos>
			<HashName>w_am_jerrycan</HashName>
			<InitialHandle>181805</InitialHandle>
			<ObjectProperties>
				<TextureVariation>0</TextureVariation>
			</ObjectProperties>
			<OpacityLevel>255</OpacityLevel>
			<LodDistance>16960</LodDistance>
			<IsVisible>true</IsVisible>
			<MaxHealth>1000</MaxHealth>
			<Health>1000</Health>
			<HasGravity>true</HasGravity>
			<IsOnFire>false</IsOnFire>
			<IsInvincible>true</IsInvincible>
			<IsBulletProof>false</IsBulletProof>
			<IsCollisionProof>true</IsCollisionProof>
			<IsExplosionProof>true</IsExplosionProof>
			<IsFireProof>false</IsFireProof>
			<IsMeleeProof>true</IsMeleeProof>
			<IsOnlyDamagedByPlayer>false</IsOnlyDamagedByPlayer>
			<PositionRotation>
				<X>-1653.14478</X>
				<Y>-248.610336</Y>
				<Z>54.3950348</Z>
				<Pitch>-83.1471634</Pitch>
				<Roll>-2.09796953</Roll>
				<Yaw>69.0937424</Yaw>
			</PositionRotation>
			<Attachment isAttached="true">
				<AttachedTo>708392</AttachedTo>
				<BoneIndex>0</BoneIndex>
				<X>-0.33544752</X>
				<Y>-1.81894004</Y>
				<Z>-0.158704534</Z>
				<Pitch>-86.01548</Pitch>
				<Roll>2.74634504</Roll>
				<Yaw>-176.592255</Yaw>
			</Attachment>
		</Attachment>
		<Attachment>
			<ModelHash>0x0e727aa0</ModelHash>
			<Type>3</Type>
			<Dynamic>true</Dynamic>
			<FrozenPos>true</FrozenPos>
			<HashName>w_am_jerrycan</HashName>
			<InitialHandle>329260</InitialHandle>
			<ObjectProperties>
				<TextureVariation>0</TextureVariation>
			</ObjectProperties>
			<OpacityLevel>255</OpacityLevel>
			<LodDistance>16960</LodDistance>
			<IsVisible>true</IsVisible>
			<MaxHealth>1000</MaxHealth>
			<Health>1000</Health>
			<HasGravity>true</HasGravity>
			<IsOnFire>false</IsOnFire>
			<IsInvincible>true</IsInvincible>
			<IsBulletProof>false</IsBulletProof>
			<IsCollisionProof>true</IsCollisionProof>
			<IsExplosionProof>true</IsExplosionProof>
			<IsFireProof>false</IsFireProof>
			<IsMeleeProof>true</IsMeleeProof>
			<IsOnlyDamagedByPlayer>false</IsOnlyDamagedByPlayer>
			<PositionRotation>
				<X>-1653.38098</X>
				<Y>-249.301163</Y>
				<Z>54.3915329</Z>
				<Pitch>-83.1471634</Pitch>
				<Roll>-2.09796953</Roll>
				<Yaw>69.0937424</Yaw>
			</PositionRotation>
			<Attachment isAttached="true">
				<AttachedTo>708392</AttachedTo>
				<BoneIndex>0</BoneIndex>
				<X>0.394598991</X>
				<Y>-1.81106007</Y>
				<Z>-0.156618863</Z>
				<Pitch>-86.01548</Pitch>
				<Roll>2.74634504</Roll>
				<Yaw>-176.592255</Yaw>
			</Attachment>
		</Attachment>
		<Attachment>
			<ModelHash>0xa815ac38</ModelHash>
			<Type>3</Type>
			<Dynamic>true</Dynamic>
			<FrozenPos>true</FrozenPos>
			<HashName>prop_speaker_03</HashName>
			<InitialHandle>661032</InitialHandle>
			<ObjectProperties>
				<TextureVariation>0</TextureVariation>
			</ObjectProperties>
			<OpacityLevel>255</OpacityLevel>
			<LodDistance>16960</LodDistance>
			<IsVisible>true</IsVisible>
			<MaxHealth>1000</MaxHealth>
			<Health>1000</Health>
			<HasGravity>true</HasGravity>
			<IsOnFire>false</IsOnFire>
			<IsInvincible>true</IsInvincible>
			<IsBulletProof>false</IsBulletProof>
			<IsCollisionProof>true</IsCollisionProof>
			<IsExplosionProof>true</IsExplosionProof>
			<IsFireProof>false</IsFireProof>
			<IsMeleeProof>true</IsMeleeProof>
			<IsOnlyDamagedByPlayer>false</IsOnlyDamagedByPlayer>
			<PositionRotation>
				<X>-1652.95142</X>
				<Y>-249.05777</Y>
				<Z>54.5368233</Z>
				<Pitch>-2.91466236</Pitch>
				<Roll>0.29633981</Roll>
				<Yaw>-108.863007</Yaw>
			</PositionRotation>
			<Attachment isAttached="true">
				<AttachedTo>708392</AttachedTo>
				<BoneIndex>0</BoneIndex>
				<X>0.0207381677</X>
				<Y>-1.49492669</Y>
				<Z>0.0020657219</Z>
				<Pitch>-0.0459458828</Pitch>
				<Roll>-0.142393976</Roll>
				<Yaw>0.615447998</Yaw>
			</Attachment>
		</Attachment>
		<Attachment>
			<ModelHash>0xa815ac38</ModelHash>
			<Type>3</Type>
			<Dynamic>true</Dynamic>
			<FrozenPos>true</FrozenPos>
			<HashName>prop_speaker_03</HashName>
			<InitialHandle>459563</InitialHandle>
			<ObjectProperties>
				<TextureVariation>0</TextureVariation>
			</ObjectProperties>
			<OpacityLevel>255</OpacityLevel>
			<LodDistance>16960</LodDistance>
			<IsVisible>true</IsVisible>
			<MaxHealth>1000</MaxHealth>
			<Health>1000</Health>
			<HasGravity>true</HasGravity>
			<IsOnFire>false</IsOnFire>
			<IsInvincible>true</IsInvincible>
			<IsBulletProof>false</IsBulletProof>
			<IsCollisionProof>true</IsCollisionProof>
			<IsExplosionProof>true</IsExplosionProof>
			<IsFireProof>false</IsFireProof>
			<IsMeleeProof>true</IsMeleeProof>
			<IsOnlyDamagedByPlayer>false</IsOnlyDamagedByPlayer>
			<PositionRotation>
				<X>-1652.79614</X>
				<Y>-248.603516</Y>
				<Z>54.5391273</Z>
				<Pitch>-2.91466236</Pitch>
				<Roll>0.29633981</Roll>
				<Yaw>-108.863007</Yaw>
			</PositionRotation>
			<Attachment isAttached="true">
				<AttachedTo>708392</AttachedTo>
				<BoneIndex>0</BoneIndex>
				<X>-0.459302008</X>
				<Y>-1.50010622</Y>
				<Z>0.000693116337</Z>
				<Pitch>-0.0459458828</Pitch>
				<Roll>-0.142393976</Roll>
				<Yaw>0.615447998</Yaw>
			</Attachment>
		</Attachment>
		<Attachment>
			<ModelHash>0xa815ac38</ModelHash>
			<Type>3</Type>
			<Dynamic>true</Dynamic>
			<FrozenPos>true</FrozenPos>
			<HashName>prop_speaker_03</HashName>
			<InitialHandle>383019</InitialHandle>
			<ObjectProperties>
				<TextureVariation>0</TextureVariation>
			</ObjectProperties>
			<OpacityLevel>255</OpacityLevel>
			<LodDistance>16960</LodDistance>
			<IsVisible>true</IsVisible>
			<MaxHealth>1000</MaxHealth>
			<Health>1000</Health>
			<HasGravity>true</HasGravity>
			<IsOnFire>false</IsOnFire>
			<IsInvincible>true</IsInvincible>
			<IsBulletProof>false</IsBulletProof>
			<IsCollisionProof>true</IsCollisionProof>
			<IsExplosionProof>true</IsExplosionProof>
			<IsFireProof>false</IsFireProof>
			<IsMeleeProof>true</IsMeleeProof>
			<IsOnlyDamagedByPlayer>false</IsOnlyDamagedByPlayer>
			<PositionRotation>
				<X>-1653.10352</X>
				<Y>-249.50238</Y>
				<Z>54.5345688</Z>
				<Pitch>-2.91466236</Pitch>
				<Roll>0.29633981</Roll>
				<Yaw>-108.863007</Yaw>
			</PositionRotation>
			<Attachment isAttached="true">
				<AttachedTo>708392</AttachedTo>
				<BoneIndex>0</BoneIndex>
				<X>0.490616083</X>
				<Y>-1.48990989</Y>
				<Z>0.00340580568</Z>
				<Pitch>-0.0459458828</Pitch>
				<Roll>-0.142393976</Roll>
				<Yaw>0.615447998</Yaw>
			</Attachment>
		</Attachment>
		<Attachment>
			<ModelHash>0x26a32955</ModelHash>
			<Type>3</Type>
			<Dynamic>true</Dynamic>
			<FrozenPos>true</FrozenPos>
			<HashName>prop_speaker_08</HashName>
			<InitialHandle>154925</InitialHandle>
			<ObjectProperties>
				<TextureVariation>0</TextureVariation>
			</ObjectProperties>
			<OpacityLevel>255</OpacityLevel>
			<LodDistance>16960</LodDistance>
			<IsVisible>true</IsVisible>
			<MaxHealth>1000</MaxHealth>
			<Health>1000</Health>
			<HasGravity>true</HasGravity>
			<IsOnFire>false</IsOnFire>
			<IsInvincible>true</IsInvincible>
			<IsBulletProof>false</IsBulletProof>
			<IsCollisionProof>true</IsCollisionProof>
			<IsExplosionProof>true</IsExplosionProof>
			<IsFireProof>false</IsFireProof>
			<IsMeleeProof>true</IsMeleeProof>
			<IsOnlyDamagedByPlayer>false</IsOnlyDamagedByPlayer>
			<PositionRotation>
				<X>-1650.6698</X>
				<Y>-249.360657</Y>
				<Z>54.2237968</Z>
				<Pitch>-2.91467023</Pitch>
				<Roll>-89.7036667</Roll>
				<Yaw>-108.862976</Yaw>
			</PositionRotation>
			<Attachment isAttached="true">
				<AttachedTo>708392</AttachedTo>
				<BoneIndex>0</BoneIndex>
				<X>-0.453109026</X>
				<Y>0.769923806</Y>
				<Z>-0.201060995</Z>
				<Pitch>-0.0459535122</Pitch>
				<Roll>-90.1423874</Roll>
				<Yaw>0.615478516</Yaw>
			</Attachment>
		</Attachment>
		<Attachment>
			<ModelHash>0x26a32955</ModelHash>
			<Type>3</Type>
			<Dynamic>true</Dynamic>
			<FrozenPos>true</FrozenPos>
			<HashName>prop_speaker_08</HashName>
			<InitialHandle>32813</InitialHandle>
			<ObjectProperties>
				<TextureVariation>0</TextureVariation>
			</ObjectProperties>
			<OpacityLevel>255</OpacityLevel>
			<LodDistance>16960</LodDistance>
			<IsVisible>true</IsVisible>
			<MaxHealth>1000</MaxHealth>
			<Health>1000</Health>
			<HasGravity>true</HasGravity>
			<IsOnFire>false</IsOnFire>
			<IsInvincible>true</IsInvincible>
			<IsBulletProof>false</IsBulletProof>
			<IsCollisionProof>true</IsCollisionProof>
			<IsExplosionProof>true</IsExplosionProof>
			<IsFireProof>false</IsFireProof>
			<IsMeleeProof>true</IsMeleeProof>
			<IsOnlyDamagedByPlayer>false</IsOnlyDamagedByPlayer>
			<PositionRotation>
				<X>-1650.85095</X>
				<Y>-249.890518</Y>
				<Z>54.2211075</Z>
				<Pitch>-2.91467023</Pitch>
				<Roll>-89.7036667</Roll>
				<Yaw>-108.862976</Yaw>
			</PositionRotation>
			<Attachment isAttached="true">
				<AttachedTo>708392</AttachedTo>
				<BoneIndex>0</BoneIndex>
				<X>0.106843121</X>
				<Y>0.775929809</Y>
				<Z>-0.199464783</Z>
				<Pitch>-0.0459535122</Pitch>
				<Roll>-90.1423874</Roll>
				<Yaw>0.615478516</Yaw>
			</Attachment>
		</Attachment>
		<Attachment>
			<ModelHash>0x26a32955</ModelHash>
			<Type>3</Type>
			<Dynamic>true</Dynamic>
			<FrozenPos>true</FrozenPos>
			<HashName>prop_speaker_08</HashName>
			<InitialHandle>236845</InitialHandle>
			<ObjectProperties>
				<TextureVariation>0</TextureVariation>
			</ObjectProperties>
			<OpacityLevel>255</OpacityLevel>
			<LodDistance>16960</LodDistance>
			<IsVisible>true</IsVisible>
			<MaxHealth>1000</MaxHealth>
			<Health>1000</Health>
			<HasGravity>true</HasGravity>
			<IsOnFire>false</IsOnFire>
			<IsInvincible>true</IsInvincible>
			<IsBulletProof>false</IsBulletProof>
			<IsCollisionProof>true</IsCollisionProof>
			<IsExplosionProof>true</IsExplosionProof>
			<IsFireProof>false</IsFireProof>
			<IsMeleeProof>true</IsMeleeProof>
			<IsOnlyDamagedByPlayer>false</IsOnlyDamagedByPlayer>
			<PositionRotation>
				<X>-1651.02893</X>
				<Y>-250.410995</Y>
				<Z>54.2184715</Z>
				<Pitch>-2.91467023</Pitch>
				<Roll>-89.7036667</Roll>
				<Yaw>-108.862976</Yaw>
			</PositionRotation>
			<Attachment isAttached="true">
				<AttachedTo>708392</AttachedTo>
				<BoneIndex>0</BoneIndex>
				<X>0.656860352</X>
				<Y>0.781861842</Y>
				<Z>-0.197894037</Z>
				<Pitch>-0.0459535122</Pitch>
				<Roll>-90.1423874</Roll>
				<Yaw>0.615478516</Yaw>
			</Attachment>
		</Attachment>
		<Attachment>
			<ModelHash>0x26a32955</ModelHash>
			<Type>3</Type>
			<Dynamic>true</Dynamic>
			<FrozenPos>true</FrozenPos>
			<HashName>prop_speaker_08</HashName>
			<InitialHandle>234797</InitialHandle>
			<ObjectProperties>
				<TextureVariation>0</TextureVariation>
			</ObjectProperties>
			<OpacityLevel>255</OpacityLevel>
			<LodDistance>16960</LodDistance>
			<IsVisible>true</IsVisible>
			<MaxHealth>1000</MaxHealth>
			<Health>1000</Health>
			<HasGravity>true</HasGravity>
			<IsOnFire>false</IsOnFire>
			<IsInvincible>true</IsInvincible>
			<IsBulletProof>false</IsBulletProof>
			<IsCollisionProof>true</IsCollisionProof>
			<IsExplosionProof>true</IsExplosionProof>
			<IsFireProof>false</IsFireProof>
			<IsMeleeProof>true</IsMeleeProof>
			<IsOnlyDamagedByPlayer>false</IsOnlyDamagedByPlayer>
			<PositionRotation>
				<X>-1652.96533</X>
				<Y>-249.793198</Y>
				<Z>54.6221504</Z>
				<Pitch>6.85087061</Pitch>
				<Roll>-0.387281507</Roll>
				<Yaw>71.1673203</Yaw>
			</PositionRotation>
			<Attachment isAttached="true">
				<AttachedTo>708392</AttachedTo>
				<BoneIndex>0</BoneIndex>
				<X>0.718003213</X>
				<Y>-1.26736128</Y>
				<Z>0.103885353</Z>
				<Pitch>3.98227</Pitch>
				<Roll>0.0540360138</Roll>
				<Yaw>-179.384552</Yaw>
			</Attachment>
		</Attachment>
		<Attachment>
			<ModelHash>0x26a32955</ModelHash>
			<Type>3</Type>
			<Dynamic>true</Dynamic>
			<FrozenPos>true</FrozenPos>
			<HashName>prop_speaker_08</HashName>
			<InitialHandle>613164</InitialHandle>
			<ObjectProperties>
				<TextureVariation>0</TextureVariation>
			</ObjectProperties>
			<OpacityLevel>255</OpacityLevel>
			<LodDistance>16960</LodDistance>
			<IsVisible>true</IsVisible>
			<MaxHealth>1000</MaxHealth>
			<Health>1000</Health>
			<HasGravity>true</HasGravity>
			<IsOnFire>false</IsOnFire>
			<IsInvincible>true</IsInvincible>
			<IsBulletProof>false</IsBulletProof>
			<IsCollisionProof>true</IsCollisionProof>
			<IsExplosionProof>true</IsExplosionProof>
			<IsFireProof>false</IsFireProof>
			<IsMeleeProof>true</IsMeleeProof>
			<IsOnlyDamagedByPlayer>false</IsOnlyDamagedByPlayer>
			<PositionRotation>
				<X>-1652.51233</X>
				<Y>-248.468491</Y>
				<Z>54.6288643</Z>
				<Pitch>6.85087061</Pitch>
				<Roll>-0.387281507</Roll>
				<Yaw>71.1673203</Yaw>
			</PositionRotation>
			<Attachment isAttached="true">
				<AttachedTo>708392</AttachedTo>
				<BoneIndex>0</BoneIndex>
				<X>-0.681934059</X>
				<Y>-1.28239846</Y>
				<Z>0.0998882949</Z>
				<Pitch>3.98227</Pitch>
				<Roll>0.0540360138</Roll>
				<Yaw>-179.384552</Yaw>
			</Attachment>
		</Attachment>
		<Attachment>
			<ModelHash>0x26a32955</ModelHash>
			<Type>3</Type>
			<Dynamic>true</Dynamic>
			<FrozenPos>true</FrozenPos>
			<HashName>prop_speaker_08</HashName>
			<InitialHandle>304172</InitialHandle>
			<ObjectProperties>
				<TextureVariation>0</TextureVariation>
			</ObjectProperties>
			<OpacityLevel>255</OpacityLevel>
			<LodDistance>16960</LodDistance>
			<IsVisible>true</IsVisible>
			<MaxHealth>1000</MaxHealth>
			<Health>1000</Health>
			<HasGravity>true</HasGravity>
			<IsOnFire>false</IsOnFire>
			<IsInvincible>true</IsInvincible>
			<IsBulletProof>false</IsBulletProof>
			<IsCollisionProof>true</IsCollisionProof>
			<IsExplosionProof>true</IsExplosionProof>
			<IsFireProof>false</IsFireProof>
			<IsMeleeProof>true</IsMeleeProof>
			<IsOnlyDamagedByPlayer>false</IsOnlyDamagedByPlayer>
			<PositionRotation>
				<X>-1650.00562</X>
				<Y>-250.06395</Y>
				<Z>54.318222</Z>
				<Pitch>-2.91466212</Pitch>
				<Roll>0.296341121</Roll>
				<Yaw>-108.862991</Yaw>
			</PositionRotation>
			<Attachment isAttached="true">
				<AttachedTo>708392</AttachedTo>
				<BoneIndex>0</BoneIndex>
				<X>-0.0125786858</X>
				<Y>1.624856</Y>
				<Z>-0.0604672804</Z>
				<Pitch>-0.0459458828</Pitch>
				<Roll>-0.142393544</Roll>
				<Yaw>0.615463257</Yaw>
			</Attachment>
		</Attachment>
		<Attachment>
			<ModelHash>0x26a32955</ModelHash>
			<Type>3</Type>
			<Dynamic>true</Dynamic>
			<FrozenPos>true</FrozenPos>
			<HashName>prop_speaker_08</HashName>
			<InitialHandle>747564</InitialHandle>
			<ObjectProperties>
				<TextureVariation>0</TextureVariation>
			</ObjectProperties>
			<OpacityLevel>255</OpacityLevel>
			<LodDistance>16960</LodDistance>
			<IsVisible>true</IsVisible>
			<MaxHealth>1000</MaxHealth>
			<Health>1000</Health>
			<HasGravity>true</HasGravity>
			<IsOnFire>false</IsOnFire>
			<IsInvincible>true</IsInvincible>
			<IsBulletProof>false</IsBulletProof>
			<IsCollisionProof>true</IsCollisionProof>
			<IsExplosionProof>true</IsExplosionProof>
			<IsFireProof>false</IsFireProof>
			<IsMeleeProof>true</IsMeleeProof>
			<IsOnlyDamagedByPlayer>false</IsOnlyDamagedByPlayer>
			<PositionRotation>
				<X>-1650.42542</X>
				<Y>-250.026062</Y>
				<Z>54.3385963</Z>
				<Pitch>-83.1472244</Pitch>
				<Roll>87.9018631</Roll>
				<Yaw>69.0935898</Yaw>
			</PositionRotation>
			<Attachment isAttached="true">
				<AttachedTo>708392</AttachedTo>
				<BoneIndex>0</BoneIndex>
				<X>0.0917138234</X>
				<Y>1.21591198</Y>
				<Z>-0.0598516092</Z>
				<Pitch>-86.0155869</Pitch>
				<Roll>92.7461624</Roll>
				<Yaw>-176.592438</Yaw>
			</Attachment>
		</Attachment>
		<Attachment>
			<ModelHash>0x26a32955</ModelHash>
			<Type>3</Type>
			<Dynamic>true</Dynamic>
			<FrozenPos>true</FrozenPos>
			<HashName>prop_speaker_08</HashName>
			<InitialHandle>691244</InitialHandle>
			<ObjectProperties>
				<TextureVariation>0</TextureVariation>
			</ObjectProperties>
			<OpacityLevel>255</OpacityLevel>
			<LodDistance>16960</LodDistance>
			<IsVisible>true</IsVisible>
			<MaxHealth>1000</MaxHealth>
			<Health>1000</Health>
			<HasGravity>true</HasGravity>
			<IsOnFire>false</IsOnFire>
			<IsInvincible>true</IsInvincible>
			<IsBulletProof>false</IsBulletProof>
			<IsCollisionProof>true</IsCollisionProof>
			<IsExplosionProof>true</IsExplosionProof>
			<IsFireProof>false</IsFireProof>
			<IsMeleeProof>true</IsMeleeProof>
			<IsOnlyDamagedByPlayer>false</IsOnlyDamagedByPlayer>
			<PositionRotation>
				<X>-1650.57666</X>
				<Y>-249.974503</Y>
				<Z>54.3467331</Z>
				<Pitch>-83.1472244</Pitch>
				<Roll>87.9018631</Roll>
				<Yaw>69.0935898</Yaw>
			</PositionRotation>
			<Attachment isAttached="true">
				<AttachedTo>708392</AttachedTo>
				<BoneIndex>0</BoneIndex>
				<X>0.0935235918</X>
				<Y>1.05594814</Y>
				<Z>-0.0597210974</Z>
				<Pitch>-86.0155869</Pitch>
				<Roll>92.7461624</Roll>
				<Yaw>-176.592438</Yaw>
			</Attachment>
		</Attachment>
		<Attachment>
			<ModelHash>0x26a32955</ModelHash>
			<Type>3</Type>
			<Dynamic>true</Dynamic>
			<FrozenPos>true</FrozenPos>
			<HashName>prop_speaker_08</HashName>
			<InitialHandle>219949</InitialHandle>
			<ObjectProperties>
				<TextureVariation>0</TextureVariation>
			</ObjectProperties>
			<OpacityLevel>255</OpacityLevel>
			<LodDistance>16960</LodDistance>
			<IsVisible>true</IsVisible>
			<MaxHealth>1000</MaxHealth>
			<Health>1000</Health>
			<HasGravity>true</HasGravity>
			<IsOnFire>false</IsOnFire>
			<IsInvincible>true</IsInvincible>
			<IsBulletProof>false</IsBulletProof>
			<IsCollisionProof>true</IsCollisionProof>
			<IsExplosionProof>true</IsExplosionProof>
			<IsFireProof>false</IsFireProof>
			<IsMeleeProof>true</IsMeleeProof>
			<IsOnlyDamagedByPlayer>false</IsOnlyDamagedByPlayer>
			<PositionRotation>
				<X>-1650.72778</X>
				<Y>-249.922806</Y>
				<Z>54.3548737</Z>
				<Pitch>-83.1472244</Pitch>
				<Roll>87.9018631</Roll>
				<Yaw>69.0935898</Yaw>
			</PositionRotation>
			<Attachment isAttached="true">
				<AttachedTo>708392</AttachedTo>
				<BoneIndex>0</BoneIndex>
				<X>0.0952141136</X>
				<Y>0.895953953</Y>
				<Z>-0.0595878959</Z>
				<Pitch>-86.0155869</Pitch>
				<Roll>92.7461624</Roll>
				<Yaw>-176.592438</Yaw>
			</Attachment>
		</Attachment>
	</SpoonerAttachments>
</Vehicle>
