<?xml version="1.0" encoding="ISO-8859-1"?>
<SpoonerPlacements>
	<Note />
	<AudioFile volume="400" />
	<ClearDatabase>false</ClearDatabase>
	<ClearWorld>0</ClearWorld>
	<ClearMarkers>false</ClearMarkers>
	<IPLsToLoad load_mp_maps="false" load_sp_maps="false" />
	<IPLsToRemove />
	<InteriorsToEnable />
	<InteriorsToCap />
	<WeatherToSet></WeatherToSet>
	<StartTaskSequencesOnLoad>true</StartTaskSequencesOnLoad>
	<ReferenceCoords>
		<X>-1233.51001</X>
		<Y>-2290.69409</Y>
		<Z>13.9445648</Z>
	</ReferenceCoords>
	<Placement>
		<ModelHash>0x0426f46e</ModelHash>
		<Type>3</Type>
		<Dynamic>false</Dynamic>
		<FrozenPos>true</FrozenPos>
		<HashName>prop_dock_crane_02_ld</HashName>
		<InitialHandle>227330</InitialHandle>
		<ObjectProperties>
			<TextureVariation>0</TextureVariation>
		</ObjectProperties>
		<OpacityLevel>255</OpacityLevel>
		<LodDistance>16960</LodDistance>
		<IsVisible>true</IsVisible>
		<MaxHealth>1000</MaxHealth>
		<Health>1000</Health>
		<HasGravity>true</HasGravity>
		<IsOnFire>false</IsOnFire>
		<IsInvincible>true</IsInvincible>
		<IsBulletProof>false</IsBulletProof>
		<IsCollisionProof>false</IsCollisionProof>
		<IsExplosionProof>true</IsExplosionProof>
		<IsFireProof>true</IsFireProof>
		<IsMeleeProof>true</IsMeleeProof>
		<IsOnlyDamagedByPlayer>false</IsOnlyDamagedByPlayer>
		<PositionRotation>
			<X>-1213.61133</X>
			<Y>-2253.77393</Y>
			<Z>12.9623032</Z>
			<Pitch>0</Pitch>
			<Roll>-0</Roll>
			<Yaw>150.345108</Yaw>
		</PositionRotation>
		<Attachment isAttached="false" />
	</Placement>
	<Placement>
		<ModelHash>0x09d80f93</ModelHash>
		<Type>2</Type>
		<Dynamic>true</Dynamic>
		<FrozenPos>true</FrozenPos>
		<HashName>Miljet</HashName>
		<InitialHandle>227586</InitialHandle>
		<TaskSequence>
			<Task>
				<Type>29</Type>
				<Duration>-2147483500</Duration>
				<KeepTaskRunningAfterTime>-2</KeepTaskRunningAfterTime>
				<IsLoopedTask>true</IsLoopedTask>
				<SpeedInKmph>350</SpeedInKmph>
				<OnGroundOnly>false</OnGroundOnly>
			</Task>
		</TaskSequence>
		<VehicleProperties>
			<Colours>
				<Primary>121</Primary>
				<Secondary>21</Secondary>
				<Pearl>8</Pearl>
				<Rim>156</Rim>
				<Mod1_a>101</Mod1_a>
				<Mod1_b>1610612737</Mod1_b>
				<Mod1_c>-526388792</Mod1_c>
				<Mod2_a>0</Mod2_a>
				<Mod2_b>-1784930775</Mod2_b>
				<IsPrimaryColourCustom>false</IsPrimaryColourCustom>
				<IsSecondaryColourCustom>false</IsSecondaryColourCustom>
				<tyreSmoke_R>255</tyreSmoke_R>
				<tyreSmoke_G>255</tyreSmoke_G>
				<tyreSmoke_B>255</tyreSmoke_B>
				<LrInterior>0</LrInterior>
				<LrDashboard>0</LrDashboard>
			</Colours>
			<Livery>-1</Livery>
			<NumberPlateText>42CDP966</NumberPlateText>
			<NumberPlateIndex>4</NumberPlateIndex>
			<WheelType>0</WheelType>
			<WheelsInvisible>false</WheelsInvisible>
			<EngineSoundName></EngineSoundName>
			<WindowTint>-1</WindowTint>
			<BulletProofTyres>false</BulletProofTyres>
			<DirtLevel>0</DirtLevel>
			<PaintFade>0.298039228</PaintFade>
			<RoofState>0</RoofState>
			<SirenActive>false</SirenActive>
			<EngineOn>false</EngineOn>
			<EngineHealth>1000</EngineHealth>
			<LightsOn>true</LightsOn>
			<IsRadioLoud>0</IsRadioLoud>
			<LockStatus>1</LockStatus>
			<Neons>
				<Left>false</Left>
				<Right>false</Right>
				<Front>false</Front>
				<Back>false</Back>
				<R>255</R>
				<G>0</G>
				<B>255</B>
			</Neons>
			<DoorsOpen>
				<BackLeftDoor>false</BackLeftDoor>
				<BackRightDoor>false</BackRightDoor>
				<FrontLeftDoor>false</FrontLeftDoor>
				<FrontRightDoor>false</FrontRightDoor>
				<Hood>false</Hood>
				<Trunk>false</Trunk>
				<Trunk2>false</Trunk2>
			</DoorsOpen>
			<DoorsBroken>
				<BackLeftDoor>false</BackLeftDoor>
				<BackRightDoor>false</BackRightDoor>
				<FrontLeftDoor>false</FrontLeftDoor>
				<FrontRightDoor>false</FrontRightDoor>
				<Hood>false</Hood>
				<Trunk>false</Trunk>
				<Trunk2>false</Trunk2>
			</DoorsBroken>
			<TyresBursted>
				<FrontLeft>false</FrontLeft>
				<FrontRight>false</FrontRight>
				<_2>false</_2>
				<_3>false</_3>
				<BackLeft>false</BackLeft>
				<BackRight>false</BackRight>
				<_6>false</_6>
				<_7>false</_7>
				<_8>false</_8>
			</TyresBursted>
			<RpmMultiplier>1</RpmMultiplier>
			<TorqueMultiplier>1</TorqueMultiplier>
			<MaxSpeed>91.8321686</MaxSpeed>
			<HeadlightIntensity>1</HeadlightIntensity>
			<ModExtras />
			<Mods>
				<_0>-1,0</_0>
				<_1>-1,0</_1>
				<_2>-1,0</_2>
				<_3>-1,0</_3>
				<_4>-1,0</_4>
				<_5>-1,0</_5>
				<_6>-1,0</_6>
				<_7>-1,0</_7>
				<_8>-1,0</_8>
				<_9>-1,0</_9>
				<_10>-1,0</_10>
				<_11>-1,0</_11>
				<_12>-1,0</_12>
				<_13>-1,0</_13>
				<_14>-1,0</_14>
				<_15>-1,0</_15>
				<_16>-1,0</_16>
				<_17>false</_17>
				<_18>true</_18>
				<_19>false</_19>
				<_20>false</_20>
				<_21>false</_21>
				<_22>true</_22>
				<_23>-1,0</_23>
				<_24>-1,0</_24>
				<_25>-1,0</_25>
				<_26>-1,0</_26>
				<_27>-1,0</_27>
				<_28>-1,0</_28>
				<_29>-1,0</_29>
				<_30>-1,0</_30>
				<_31>-1,0</_31>
				<_32>-1,0</_32>
				<_33>-1,0</_33>
				<_34>-1,0</_34>
				<_35>-1,0</_35>
				<_36>-1,0</_36>
				<_37>-1,0</_37>
				<_38>-1,0</_38>
				<_39>-1,0</_39>
				<_40>-1,0</_40>
				<_41>-1,0</_41>
				<_42>-1,0</_42>
				<_43>-1,0</_43>
				<_44>-1,0</_44>
				<_45>-1,0</_45>
				<_46>-1,0</_46>
				<_47>-1,0</_47>
				<_48>-1,0</_48>
			</Mods>
		</VehicleProperties>
		<OpacityLevel>255</OpacityLevel>
		<LodDistance>16960</LodDistance>
		<IsVisible>true</IsVisible>
		<MaxHealth>1000</MaxHealth>
		<Health>1000</Health>
		<HasGravity>true</HasGravity>
		<IsOnFire>false</IsOnFire>
		<IsInvincible>true</IsInvincible>
		<IsBulletProof>false</IsBulletProof>
		<IsCollisionProof>false</IsCollisionProof>
		<IsExplosionProof>true</IsExplosionProof>
		<IsFireProof>true</IsFireProof>
		<IsMeleeProof>true</IsMeleeProof>
		<IsOnlyDamagedByPlayer>false</IsOnlyDamagedByPlayer>
		<PositionRotation>
			<X>-1218.79138</X>
			<Y>-2263.15356</Y>
			<Z>27.5371704</Z>
			<Pitch>89.5878677</Pitch>
			<Roll>-1.51697481</Roll>
			<Yaw>-27.90378</Yaw>
		</PositionRotation>
		<Attachment isAttached="false" />
	</Placement>
	<Placement>
		<ModelHash>0x50182e54</ModelHash>
		<Type>3</Type>
		<Dynamic>true</Dynamic>
		<FrozenPos>true</FrozenPos>
		<HashName>prop_watertower02</HashName>
		<InitialHandle>227842</InitialHandle>
		<ObjectProperties>
			<TextureVariation>0</TextureVariation>
		</ObjectProperties>
		<OpacityLevel>255</OpacityLevel>
		<LodDistance>16960</LodDistance>
		<IsVisible>true</IsVisible>
		<MaxHealth>1000</MaxHealth>
		<Health>1000</Health>
		<HasGravity>true</HasGravity>
		<IsOnFire>false</IsOnFire>
		<IsInvincible>true</IsInvincible>
		<IsBulletProof>false</IsBulletProof>
		<IsCollisionProof>false</IsCollisionProof>
		<IsExplosionProof>true</IsExplosionProof>
		<IsFireProof>true</IsFireProof>
		<IsMeleeProof>true</IsMeleeProof>
		<IsOnlyDamagedByPlayer>false</IsOnlyDamagedByPlayer>
		<PositionRotation>
			<X>-1217.28674</X>
			<Y>-2260.48193</Y>
			<Z>36.7153091</Z>
			<Pitch>-0.41291523</Pitch>
			<Roll>-0.0109355394</Roll>
			<Yaw>-29.4207954</Yaw>
		</PositionRotation>
		<Attachment isAttached="true">
			<AttachedTo>227586</AttachedTo>
			<BoneIndex>0</BoneIndex>
			<X>0</X>
			<Y>9.19999886</Y>
			<Z>-2.99999928</Z>
			<Pitch>-89.9999924</Pitch>
			<Roll>0</Roll>
			<Yaw>0</Yaw>
		</Attachment>
	</Placement>
	<Placement>
		<ModelHash>0x5b7e4520</ModelHash>
		<Type>3</Type>
		<Dynamic>true</Dynamic>
		<FrozenPos>true</FrozenPos>
		<HashName>prop_watertower03</HashName>
		<InitialHandle>228098</InitialHandle>
		<ObjectProperties>
			<TextureVariation>0</TextureVariation>
		</ObjectProperties>
		<OpacityLevel>255</OpacityLevel>
		<LodDistance>16960</LodDistance>
		<IsVisible>true</IsVisible>
		<MaxHealth>1000</MaxHealth>
		<Health>1000</Health>
		<HasGravity>true</HasGravity>
		<IsOnFire>false</IsOnFire>
		<IsInvincible>true</IsInvincible>
		<IsBulletProof>false</IsBulletProof>
		<IsCollisionProof>false</IsCollisionProof>
		<IsExplosionProof>true</IsExplosionProof>
		<IsFireProof>true</IsFireProof>
		<IsMeleeProof>true</IsMeleeProof>
		<IsOnlyDamagedByPlayer>false</IsOnlyDamagedByPlayer>
		<PositionRotation>
			<X>-1217.36865</X>
			<Y>-2260.63672</Y>
			<Z>12.4159384</Z>
			<Pitch>-0.41291523</Pitch>
			<Roll>-0.0109355394</Roll>
			<Yaw>-29.4207954</Yaw>
		</PositionRotation>
		<Attachment isAttached="true">
			<AttachedTo>227586</AttachedTo>
			<BoneIndex>0</BoneIndex>
			<X>0</X>
			<Y>-15.1000032</Y>
			<Z>-2.99999976</Z>
			<Pitch>-89.9999924</Pitch>
			<Roll>0</Roll>
			<Yaw>0</Yaw>
		</Attachment>
	</Placement>
	<Placement>
		<ModelHash>0x5b7e4520</ModelHash>
		<Type>3</Type>
		<Dynamic>true</Dynamic>
		<FrozenPos>true</FrozenPos>
		<HashName>prop_watertower03</HashName>
		<InitialHandle>228354</InitialHandle>
		<ObjectProperties>
			<TextureVariation>0</TextureVariation>
		</ObjectProperties>
		<OpacityLevel>255</OpacityLevel>
		<LodDistance>16960</LodDistance>
		<IsVisible>true</IsVisible>
		<MaxHealth>1000</MaxHealth>
		<Health>1000</Health>
		<HasGravity>true</HasGravity>
		<IsOnFire>false</IsOnFire>
		<IsInvincible>true</IsInvincible>
		<IsBulletProof>false</IsBulletProof>
		<IsCollisionProof>false</IsCollisionProof>
		<IsExplosionProof>true</IsExplosionProof>
		<IsFireProof>true</IsFireProof>
		<IsMeleeProof>true</IsMeleeProof>
		<IsOnlyDamagedByPlayer>false</IsOnlyDamagedByPlayer>
		<PositionRotation>
			<X>-1217.35791</X>
			<Y>-2260.61646</Y>
			<Z>15.6158676</Z>
			<Pitch>-0.41291523</Pitch>
			<Roll>-0.0109355394</Roll>
			<Yaw>-29.4207954</Yaw>
		</PositionRotation>
		<Attachment isAttached="true">
			<AttachedTo>227586</AttachedTo>
			<BoneIndex>0</BoneIndex>
			<X>0</X>
			<Y>-11.899991</Y>
			<Z>-2.99999976</Z>
			<Pitch>-89.9999924</Pitch>
			<Roll>0</Roll>
			<Yaw>0</Yaw>
		</Attachment>
	</Placement>
	<Placement>
		<ModelHash>0x5b7e4520</ModelHash>
		<Type>3</Type>
		<Dynamic>true</Dynamic>
		<FrozenPos>true</FrozenPos>
		<HashName>prop_watertower03</HashName>
		<InitialHandle>228610</InitialHandle>
		<ObjectProperties>
			<TextureVariation>0</TextureVariation>
		</ObjectProperties>
		<OpacityLevel>255</OpacityLevel>
		<LodDistance>16960</LodDistance>
		<IsVisible>true</IsVisible>
		<MaxHealth>1000</MaxHealth>
		<Health>1000</Health>
		<HasGravity>true</HasGravity>
		<IsOnFire>false</IsOnFire>
		<IsInvincible>true</IsInvincible>
		<IsBulletProof>false</IsBulletProof>
		<IsCollisionProof>false</IsCollisionProof>
		<IsExplosionProof>true</IsExplosionProof>
		<IsFireProof>true</IsFireProof>
		<IsMeleeProof>true</IsMeleeProof>
		<IsOnlyDamagedByPlayer>false</IsOnlyDamagedByPlayer>
		<PositionRotation>
			<X>-1217.34717</X>
			<Y>-2260.59595</Y>
			<Z>18.8157959</Z>
			<Pitch>-0.41291523</Pitch>
			<Roll>-0.0109355394</Roll>
			<Yaw>-29.4207954</Yaw>
		</PositionRotation>
		<Attachment isAttached="true">
			<AttachedTo>227586</AttachedTo>
			<BoneIndex>0</BoneIndex>
			<X>0</X>
			<Y>-8.69997883</Y>
			<Z>-2.99999976</Z>
			<Pitch>-89.9999924</Pitch>
			<Roll>0</Roll>
			<Yaw>0</Yaw>
		</Attachment>
	</Placement>
	<Placement>
		<ModelHash>0x5b7e4520</ModelHash>
		<Type>3</Type>
		<Dynamic>true</Dynamic>
		<FrozenPos>true</FrozenPos>
		<HashName>prop_watertower03</HashName>
		<InitialHandle>228866</InitialHandle>
		<ObjectProperties>
			<TextureVariation>0</TextureVariation>
		</ObjectProperties>
		<OpacityLevel>255</OpacityLevel>
		<LodDistance>16960</LodDistance>
		<IsVisible>true</IsVisible>
		<MaxHealth>1000</MaxHealth>
		<Health>1000</Health>
		<HasGravity>true</HasGravity>
		<IsOnFire>false</IsOnFire>
		<IsInvincible>true</IsInvincible>
		<IsBulletProof>false</IsBulletProof>
		<IsCollisionProof>false</IsCollisionProof>
		<IsExplosionProof>true</IsExplosionProof>
		<IsFireProof>true</IsFireProof>
		<IsMeleeProof>true</IsMeleeProof>
		<IsOnlyDamagedByPlayer>false</IsOnlyDamagedByPlayer>
		<PositionRotation>
			<X>-1217.3363</X>
			<Y>-2260.57568</Y>
			<Z>22.0157127</Z>
			<Pitch>-0.41291523</Pitch>
			<Roll>-0.0109355394</Roll>
			<Yaw>-29.4207954</Yaw>
		</PositionRotation>
		<Attachment isAttached="true">
			<AttachedTo>227586</AttachedTo>
			<BoneIndex>0</BoneIndex>
			<X>0</X>
			<Y>-5.49997902</Y>
			<Z>-2.99999976</Z>
			<Pitch>-89.9999924</Pitch>
			<Roll>0</Roll>
			<Yaw>0</Yaw>
		</Attachment>
	</Placement>
	<Placement>
		<ModelHash>0x5b7e4520</ModelHash>
		<Type>3</Type>
		<Dynamic>true</Dynamic>
		<FrozenPos>true</FrozenPos>
		<HashName>prop_watertower03</HashName>
		<InitialHandle>229122</InitialHandle>
		<ObjectProperties>
			<TextureVariation>0</TextureVariation>
		</ObjectProperties>
		<OpacityLevel>255</OpacityLevel>
		<LodDistance>16960</LodDistance>
		<IsVisible>true</IsVisible>
		<MaxHealth>1000</MaxHealth>
		<Health>1000</Health>
		<HasGravity>true</HasGravity>
		<IsOnFire>false</IsOnFire>
		<IsInvincible>true</IsInvincible>
		<IsBulletProof>false</IsBulletProof>
		<IsCollisionProof>false</IsCollisionProof>
		<IsExplosionProof>true</IsExplosionProof>
		<IsFireProof>true</IsFireProof>
		<IsMeleeProof>true</IsMeleeProof>
		<IsOnlyDamagedByPlayer>false</IsOnlyDamagedByPlayer>
		<PositionRotation>
			<X>-1217.32556</X>
			<Y>-2260.55518</Y>
			<Z>25.2156277</Z>
			<Pitch>-0.41291523</Pitch>
			<Roll>-0.0109355394</Roll>
			<Yaw>-29.4207954</Yaw>
		</PositionRotation>
		<Attachment isAttached="true">
			<AttachedTo>227586</AttachedTo>
			<BoneIndex>0</BoneIndex>
			<X>0</X>
			<Y>-2.29998207</Y>
			<Z>-2.99999976</Z>
			<Pitch>-89.9999924</Pitch>
			<Roll>0</Roll>
			<Yaw>0</Yaw>
		</Attachment>
	</Placement>
	<Placement>
		<ModelHash>0x5b7e4520</ModelHash>
		<Type>3</Type>
		<Dynamic>true</Dynamic>
		<FrozenPos>true</FrozenPos>
		<HashName>prop_watertower03</HashName>
		<InitialHandle>229378</InitialHandle>
		<ObjectProperties>
			<TextureVariation>0</TextureVariation>
		</ObjectProperties>
		<OpacityLevel>255</OpacityLevel>
		<LodDistance>16960</LodDistance>
		<IsVisible>true</IsVisible>
		<MaxHealth>1000</MaxHealth>
		<Health>1000</Health>
		<HasGravity>true</HasGravity>
		<IsOnFire>false</IsOnFire>
		<IsInvincible>true</IsInvincible>
		<IsBulletProof>false</IsBulletProof>
		<IsCollisionProof>false</IsCollisionProof>
		<IsExplosionProof>true</IsExplosionProof>
		<IsFireProof>true</IsFireProof>
		<IsMeleeProof>true</IsMeleeProof>
		<IsOnlyDamagedByPlayer>false</IsOnlyDamagedByPlayer>
		<PositionRotation>
			<X>-1217.3147</X>
			<Y>-2260.53491</Y>
			<Z>28.4155445</Z>
			<Pitch>-0.41291523</Pitch>
			<Roll>-0.0109355394</Roll>
			<Yaw>-29.4207954</Yaw>
		</PositionRotation>
		<Attachment isAttached="true">
			<AttachedTo>227586</AttachedTo>
			<BoneIndex>0</BoneIndex>
			<X>0</X>
			<Y>0.900018096</Y>
			<Z>-2.99999976</Z>
			<Pitch>-89.9999924</Pitch>
			<Roll>0</Roll>
			<Yaw>0</Yaw>
		</Attachment>
	</Placement>
	<Placement>
		<ModelHash>0x5b7e4520</ModelHash>
		<Type>3</Type>
		<Dynamic>true</Dynamic>
		<FrozenPos>true</FrozenPos>
		<HashName>prop_watertower03</HashName>
		<InitialHandle>229634</InitialHandle>
		<ObjectProperties>
			<TextureVariation>0</TextureVariation>
		</ObjectProperties>
		<OpacityLevel>255</OpacityLevel>
		<LodDistance>16960</LodDistance>
		<IsVisible>true</IsVisible>
		<MaxHealth>1000</MaxHealth>
		<Health>1000</Health>
		<HasGravity>true</HasGravity>
		<IsOnFire>false</IsOnFire>
		<IsInvincible>true</IsInvincible>
		<IsBulletProof>false</IsBulletProof>
		<IsCollisionProof>false</IsCollisionProof>
		<IsExplosionProof>true</IsExplosionProof>
		<IsFireProof>true</IsFireProof>
		<IsMeleeProof>true</IsMeleeProof>
		<IsOnlyDamagedByPlayer>false</IsOnlyDamagedByPlayer>
		<PositionRotation>
			<X>-1217.30396</X>
			<Y>-2260.5144</Y>
			<Z>31.6154594</Z>
			<Pitch>-0.41291523</Pitch>
			<Roll>-0.0109355394</Roll>
			<Yaw>-29.4207954</Yaw>
		</PositionRotation>
		<Attachment isAttached="true">
			<AttachedTo>227586</AttachedTo>
			<BoneIndex>0</BoneIndex>
			<X>0</X>
			<Y>4.10001659</Y>
			<Z>-2.99999976</Z>
			<Pitch>-89.9999924</Pitch>
			<Roll>0</Roll>
			<Yaw>0</Yaw>
		</Attachment>
	</Placement>
	<Placement>
		<ModelHash>0x5b7e4520</ModelHash>
		<Type>3</Type>
		<Dynamic>true</Dynamic>
		<FrozenPos>true</FrozenPos>
		<HashName>prop_watertower03</HashName>
		<InitialHandle>229890</InitialHandle>
		<ObjectProperties>
			<TextureVariation>0</TextureVariation>
		</ObjectProperties>
		<OpacityLevel>255</OpacityLevel>
		<LodDistance>16960</LodDistance>
		<IsVisible>true</IsVisible>
		<MaxHealth>1000</MaxHealth>
		<Health>1000</Health>
		<HasGravity>true</HasGravity>
		<IsOnFire>false</IsOnFire>
		<IsInvincible>true</IsInvincible>
		<IsBulletProof>false</IsBulletProof>
		<IsCollisionProof>false</IsCollisionProof>
		<IsExplosionProof>true</IsExplosionProof>
		<IsFireProof>true</IsFireProof>
		<IsMeleeProof>true</IsMeleeProof>
		<IsOnlyDamagedByPlayer>false</IsOnlyDamagedByPlayer>
		<PositionRotation>
			<X>-1217.29309</X>
			<Y>-2260.4939</Y>
			<Z>34.8153725</Z>
			<Pitch>-0.41291523</Pitch>
			<Roll>-0.0109355394</Roll>
			<Yaw>-29.4207954</Yaw>
		</PositionRotation>
		<Attachment isAttached="true">
			<AttachedTo>227586</AttachedTo>
			<BoneIndex>0</BoneIndex>
			<X>0</X>
			<Y>7.30001354</Y>
			<Z>-2.99999976</Z>
			<Pitch>-89.9999924</Pitch>
			<Roll>0</Roll>
			<Yaw>0</Yaw>
		</Attachment>
	</Placement>
	<Placement>
		<ModelHash>0xeaeed302</ModelHash>
		<Type>3</Type>
		<Dynamic>true</Dynamic>
		<FrozenPos>true</FrozenPos>
		<HashName>prop_gas_tank_02b</HashName>
		<InitialHandle>230146</InitialHandle>
		<ObjectProperties>
			<TextureVariation>0</TextureVariation>
		</ObjectProperties>
		<OpacityLevel>255</OpacityLevel>
		<LodDistance>16960</LodDistance>
		<IsVisible>true</IsVisible>
		<MaxHealth>1000</MaxHealth>
		<Health>1000</Health>
		<HasGravity>true</HasGravity>
		<IsOnFire>false</IsOnFire>
		<IsInvincible>true</IsInvincible>
		<IsBulletProof>false</IsBulletProof>
		<IsCollisionProof>false</IsCollisionProof>
		<IsExplosionProof>true</IsExplosionProof>
		<IsFireProof>true</IsFireProof>
		<IsMeleeProof>true</IsMeleeProof>
		<IsOnlyDamagedByPlayer>false</IsOnlyDamagedByPlayer>
		<PositionRotation>
			<X>-1218.64453</X>
			<Y>-2259.84204</Y>
			<Z>21.5154228</Z>
			<Pitch>0.412932336</Pitch>
			<Roll>90.0109558</Roll>
			<Yaw>150.579193</Yaw>
		</PositionRotation>
		<Attachment isAttached="true">
			<AttachedTo>227586</AttachedTo>
			<BoneIndex>0</BoneIndex>
			<X>-1.50000179</X>
			<Y>-5.99999666</Y>
			<Z>-2.99999928</Z>
			<Pitch>90.0000153</Pitch>
			<Roll>0</Roll>
			<Yaw>-89.9999847</Yaw>
		</Attachment>
	</Placement>
	<Placement>
		<ModelHash>0xeaeed302</ModelHash>
		<Type>3</Type>
		<Dynamic>true</Dynamic>
		<FrozenPos>true</FrozenPos>
		<HashName>prop_gas_tank_02b</HashName>
		<InitialHandle>230402</InitialHandle>
		<ObjectProperties>
			<TextureVariation>0</TextureVariation>
		</ObjectProperties>
		<OpacityLevel>255</OpacityLevel>
		<LodDistance>16960</LodDistance>
		<IsVisible>true</IsVisible>
		<MaxHealth>1000</MaxHealth>
		<Health>1000</Health>
		<HasGravity>true</HasGravity>
		<IsOnFire>false</IsOnFire>
		<IsInvincible>true</IsInvincible>
		<IsBulletProof>false</IsBulletProof>
		<IsCollisionProof>false</IsCollisionProof>
		<IsExplosionProof>true</IsExplosionProof>
		<IsFireProof>true</IsFireProof>
		<IsMeleeProof>true</IsMeleeProof>
		<IsOnlyDamagedByPlayer>false</IsOnlyDamagedByPlayer>
		<PositionRotation>
			<X>-1218.62231</X>
			<Y>-2259.7998</Y>
			<Z>28.1152477</Z>
			<Pitch>0.412932336</Pitch>
			<Roll>90.0109558</Roll>
			<Yaw>150.579193</Yaw>
		</PositionRotation>
		<Attachment isAttached="true">
			<AttachedTo>227586</AttachedTo>
			<BoneIndex>0</BoneIndex>
			<X>-1.50000179</X>
			<Y>0.599999785</Y>
			<Z>-2.99999928</Z>
			<Pitch>90.0000153</Pitch>
			<Roll>0</Roll>
			<Yaw>-89.9999847</Yaw>
		</Attachment>
	</Placement>
	<Placement>
		<ModelHash>0xeaeed302</ModelHash>
		<Type>3</Type>
		<Dynamic>true</Dynamic>
		<FrozenPos>true</FrozenPos>
		<HashName>prop_gas_tank_02b</HashName>
		<InitialHandle>230658</InitialHandle>
		<ObjectProperties>
			<TextureVariation>0</TextureVariation>
		</ObjectProperties>
		<OpacityLevel>255</OpacityLevel>
		<LodDistance>16960</LodDistance>
		<IsVisible>true</IsVisible>
		<MaxHealth>1000</MaxHealth>
		<Health>1000</Health>
		<HasGravity>true</HasGravity>
		<IsOnFire>false</IsOnFire>
		<IsInvincible>true</IsInvincible>
		<IsBulletProof>false</IsBulletProof>
		<IsCollisionProof>false</IsCollisionProof>
		<IsExplosionProof>true</IsExplosionProof>
		<IsFireProof>true</IsFireProof>
		<IsMeleeProof>true</IsMeleeProof>
		<IsOnlyDamagedByPlayer>false</IsOnlyDamagedByPlayer>
		<PositionRotation>
			<X>-1218.59973</X>
			<Y>-2259.75708</Y>
			<Z>34.8150673</Z>
			<Pitch>0.412932336</Pitch>
			<Roll>90.0109558</Roll>
			<Yaw>150.579193</Yaw>
		</PositionRotation>
		<Attachment isAttached="true">
			<AttachedTo>227586</AttachedTo>
			<BoneIndex>0</BoneIndex>
			<X>-1.50000179</X>
			<Y>7.29999495</Y>
			<Z>-2.99999928</Z>
			<Pitch>90.0000153</Pitch>
			<Roll>0</Roll>
			<Yaw>-89.9999847</Yaw>
		</Attachment>
	</Placement>
	<Placement>
		<ModelHash>0xeaeed302</ModelHash>
		<Type>3</Type>
		<Dynamic>true</Dynamic>
		<FrozenPos>true</FrozenPos>
		<HashName>prop_gas_tank_02b</HashName>
		<InitialHandle>230914</InitialHandle>
		<ObjectProperties>
			<TextureVariation>0</TextureVariation>
		</ObjectProperties>
		<OpacityLevel>255</OpacityLevel>
		<LodDistance>16960</LodDistance>
		<IsVisible>true</IsVisible>
		<MaxHealth>1000</MaxHealth>
		<Health>1000</Health>
		<HasGravity>true</HasGravity>
		<IsOnFire>false</IsOnFire>
		<IsInvincible>true</IsInvincible>
		<IsBulletProof>false</IsBulletProof>
		<IsCollisionProof>false</IsCollisionProof>
		<IsExplosionProof>true</IsExplosionProof>
		<IsFireProof>true</IsFireProof>
		<IsMeleeProof>true</IsMeleeProof>
		<IsOnlyDamagedByPlayer>false</IsOnlyDamagedByPlayer>
		<PositionRotation>
			<X>-1215.98657</X>
			<Y>-2261.23096</Y>
			<Z>34.8156395</Z>
			<Pitch>-0.412918717</Pitch>
			<Roll>89.9890442</Roll>
			<Yaw>-29.4208202</Yaw>
		</PositionRotation>
		<Attachment isAttached="true">
			<AttachedTo>227586</AttachedTo>
			<BoneIndex>0</BoneIndex>
			<X>1.49999833</X>
			<Y>7.29999447</Y>
			<Z>-2.99999928</Z>
			<Pitch>-89.9999847</Pitch>
			<Roll>0</Roll>
			<Yaw>-89.9999847</Yaw>
		</Attachment>
	</Placement>
	<Placement>
		<ModelHash>0xeaeed302</ModelHash>
		<Type>3</Type>
		<Dynamic>true</Dynamic>
		<FrozenPos>true</FrozenPos>
		<HashName>prop_gas_tank_02b</HashName>
		<InitialHandle>231170</InitialHandle>
		<ObjectProperties>
			<TextureVariation>0</TextureVariation>
		</ObjectProperties>
		<OpacityLevel>255</OpacityLevel>
		<LodDistance>16960</LodDistance>
		<IsVisible>true</IsVisible>
		<MaxHealth>1000</MaxHealth>
		<Health>1000</Health>
		<HasGravity>true</HasGravity>
		<IsOnFire>false</IsOnFire>
		<IsInvincible>true</IsInvincible>
		<IsBulletProof>false</IsBulletProof>
		<IsCollisionProof>false</IsCollisionProof>
		<IsExplosionProof>true</IsExplosionProof>
		<IsFireProof>true</IsFireProof>
		<IsMeleeProof>true</IsMeleeProof>
		<IsOnlyDamagedByPlayer>false</IsOnlyDamagedByPlayer>
		<PositionRotation>
			<X>-1216.00879</X>
			<Y>-2261.27295</Y>
			<Z>28.2158165</Z>
			<Pitch>-0.412918717</Pitch>
			<Roll>89.9890442</Roll>
			<Yaw>-29.4208202</Yaw>
		</PositionRotation>
		<Attachment isAttached="true">
			<AttachedTo>227586</AttachedTo>
			<BoneIndex>0</BoneIndex>
			<X>1.49999833</X>
			<Y>0.699999094</Y>
			<Z>-2.99999928</Z>
			<Pitch>-89.9999847</Pitch>
			<Roll>0</Roll>
			<Yaw>-89.9999847</Yaw>
		</Attachment>
	</Placement>
	<Placement>
		<ModelHash>0xeaeed302</ModelHash>
		<Type>3</Type>
		<Dynamic>true</Dynamic>
		<FrozenPos>true</FrozenPos>
		<HashName>prop_gas_tank_02b</HashName>
		<InitialHandle>231426</InitialHandle>
		<ObjectProperties>
			<TextureVariation>0</TextureVariation>
		</ObjectProperties>
		<OpacityLevel>255</OpacityLevel>
		<LodDistance>16960</LodDistance>
		<IsVisible>true</IsVisible>
		<MaxHealth>1000</MaxHealth>
		<Health>1000</Health>
		<HasGravity>true</HasGravity>
		<IsOnFire>false</IsOnFire>
		<IsInvincible>true</IsInvincible>
		<IsBulletProof>false</IsBulletProof>
		<IsCollisionProof>false</IsCollisionProof>
		<IsExplosionProof>true</IsExplosionProof>
		<IsFireProof>true</IsFireProof>
		<IsMeleeProof>true</IsMeleeProof>
		<IsOnlyDamagedByPlayer>false</IsOnlyDamagedByPlayer>
		<PositionRotation>
			<X>-1216.03149</X>
			<Y>-2261.31567</Y>
			<Z>21.515995</Z>
			<Pitch>-0.412918717</Pitch>
			<Roll>89.9890442</Roll>
			<Yaw>-29.4208202</Yaw>
		</PositionRotation>
		<Attachment isAttached="true">
			<AttachedTo>227586</AttachedTo>
			<BoneIndex>0</BoneIndex>
			<X>1.49999833</X>
			<Y>-5.99999762</Y>
			<Z>-2.99999928</Z>
			<Pitch>-89.9999847</Pitch>
			<Roll>0</Roll>
			<Yaw>-89.9999847</Yaw>
		</Attachment>
	</Placement>
	<Placement>
		<ModelHash>0x9ba53752</ModelHash>
		<Type>3</Type>
		<Dynamic>true</Dynamic>
		<FrozenPos>true</FrozenPos>
		<HashName>p_dock_crane_sld_s</HashName>
		<InitialHandle>231682</InitialHandle>
		<ObjectProperties>
			<TextureVariation>0</TextureVariation>
		</ObjectProperties>
		<OpacityLevel>255</OpacityLevel>
		<LodDistance>16960</LodDistance>
		<IsVisible>true</IsVisible>
		<MaxHealth>1000</MaxHealth>
		<Health>1000</Health>
		<HasGravity>true</HasGravity>
		<IsOnFire>false</IsOnFire>
		<IsInvincible>true</IsInvincible>
		<IsBulletProof>false</IsBulletProof>
		<IsCollisionProof>true</IsCollisionProof>
		<IsExplosionProof>true</IsExplosionProof>
		<IsFireProof>true</IsFireProof>
		<IsMeleeProof>true</IsMeleeProof>
		<IsOnlyDamagedByPlayer>false</IsOnlyDamagedByPlayer>
		<PositionRotation>
			<X>-1216.17981</X>
			<Y>-2258.47534</Y>
			<Z>29.7743053</Z>
			<Pitch>-90</Pitch>
			<Roll>29.2880516</Roll>
			<Yaw>0</Yaw>
		</PositionRotation>
		<Attachment isAttached="false" />
	</Placement>
	<Placement>
		<ModelHash>0x9ba53752</ModelHash>
		<Type>3</Type>
		<Dynamic>true</Dynamic>
		<FrozenPos>true</FrozenPos>
		<HashName>p_dock_crane_sld_s</HashName>
		<InitialHandle>231938</InitialHandle>
		<ObjectProperties>
			<TextureVariation>0</TextureVariation>
		</ObjectProperties>
		<OpacityLevel>255</OpacityLevel>
		<LodDistance>16960</LodDistance>
		<IsVisible>true</IsVisible>
		<MaxHealth>1000</MaxHealth>
		<Health>1000</Health>
		<HasGravity>true</HasGravity>
		<IsOnFire>false</IsOnFire>
		<IsInvincible>true</IsInvincible>
		<IsBulletProof>false</IsBulletProof>
		<IsCollisionProof>true</IsCollisionProof>
		<IsExplosionProof>true</IsExplosionProof>
		<IsFireProof>true</IsFireProof>
		<IsMeleeProof>true</IsMeleeProof>
		<IsOnlyDamagedByPlayer>false</IsOnlyDamagedByPlayer>
		<PositionRotation>
			<X>-1216.17981</X>
			<Y>-2258.47534</Y>
			<Z>20.0842648</Z>
			<Pitch>-90</Pitch>
			<Roll>29.2880516</Roll>
			<Yaw>0</Yaw>
		</PositionRotation>
		<Attachment isAttached="false" />
	</Placement>
	<Placement>
		<ModelHash>0x643f60d8</ModelHash>
		<Type>3</Type>
		<Dynamic>true</Dynamic>
		<FrozenPos>true</FrozenPos>
		<HashName>prop_towercrane_02a</HashName>
		<InitialHandle>232194</InitialHandle>
		<ObjectProperties>
			<TextureVariation>0</TextureVariation>
		</ObjectProperties>
		<OpacityLevel>255</OpacityLevel>
		<LodDistance>16960</LodDistance>
		<IsVisible>true</IsVisible>
		<MaxHealth>1000</MaxHealth>
		<Health>1000</Health>
		<HasGravity>true</HasGravity>
		<IsOnFire>false</IsOnFire>
		<IsInvincible>true</IsInvincible>
		<IsBulletProof>false</IsBulletProof>
		<IsCollisionProof>false</IsCollisionProof>
		<IsExplosionProof>true</IsExplosionProof>
		<IsFireProof>true</IsFireProof>
		<IsMeleeProof>true</IsMeleeProof>
		<IsOnlyDamagedByPlayer>false</IsOnlyDamagedByPlayer>
		<PositionRotation>
			<X>-1222.58228</X>
			<Y>-2270.07617</Y>
			<Z>12.9578171</Z>
			<Pitch>0</Pitch>
			<Roll>0</Roll>
			<Yaw>-30.1794014</Yaw>
		</PositionRotation>
		<Attachment isAttached="false" />
	</Placement>
	<Placement>
		<ModelHash>0xc8223826</ModelHash>
		<Type>3</Type>
		<Dynamic>true</Dynamic>
		<FrozenPos>true</FrozenPos>
		<HashName>hei_prop_carrier_aerial_2</HashName>
		<InitialHandle>232450</InitialHandle>
		<ObjectProperties>
			<TextureVariation>0</TextureVariation>
		</ObjectProperties>
		<OpacityLevel>255</OpacityLevel>
		<LodDistance>16960</LodDistance>
		<IsVisible>true</IsVisible>
		<MaxHealth>1000</MaxHealth>
		<Health>1000</Health>
		<HasGravity>true</HasGravity>
		<IsOnFire>false</IsOnFire>
		<IsInvincible>true</IsInvincible>
		<IsBulletProof>false</IsBulletProof>
		<IsCollisionProof>false</IsCollisionProof>
		<IsExplosionProof>true</IsExplosionProof>
		<IsFireProof>true</IsFireProof>
		<IsMeleeProof>true</IsMeleeProof>
		<IsOnlyDamagedByPlayer>false</IsOnlyDamagedByPlayer>
		<PositionRotation>
			<X>-1217.27527</X>
			<Y>-2260.46021</Y>
			<Z>40.1152344</Z>
			<Pitch>-0.41291523</Pitch>
			<Roll>-0.0109355394</Roll>
			<Yaw>-29.4207954</Yaw>
		</PositionRotation>
		<Attachment isAttached="true">
			<AttachedTo>227586</AttachedTo>
			<BoneIndex>0</BoneIndex>
			<X>0</X>
			<Y>12.6000118</Y>
			<Z>-2.99999928</Z>
			<Pitch>-89.9999924</Pitch>
			<Roll>0</Roll>
			<Yaw>0</Yaw>
		</Attachment>
	</Placement>
	<Placement>
		<ModelHash>0xe0f5fbb0</ModelHash>
		<Type>3</Type>
		<Dynamic>true</Dynamic>
		<FrozenPos>true</FrozenPos>
		<HashName>port_xr_stairs_01</HashName>
		<InitialHandle>232706</InitialHandle>
		<ObjectProperties>
			<TextureVariation>0</TextureVariation>
		</ObjectProperties>
		<OpacityLevel>255</OpacityLevel>
		<LodDistance>16960</LodDistance>
		<IsVisible>true</IsVisible>
		<MaxHealth>1000</MaxHealth>
		<Health>1000</Health>
		<HasGravity>true</HasGravity>
		<IsOnFire>false</IsOnFire>
		<IsInvincible>true</IsInvincible>
		<IsBulletProof>false</IsBulletProof>
		<IsCollisionProof>false</IsCollisionProof>
		<IsExplosionProof>true</IsExplosionProof>
		<IsFireProof>true</IsFireProof>
		<IsMeleeProof>true</IsMeleeProof>
		<IsOnlyDamagedByPlayer>false</IsOnlyDamagedByPlayer>
		<PositionRotation>
			<X>-1227.02881</X>
			<Y>-2265.8855</Y>
			<Z>22.7026119</Z>
			<Pitch>0</Pitch>
			<Roll>0</Roll>
			<Yaw>60.0444984</Yaw>
		</PositionRotation>
		<Attachment isAttached="false" />
	</Placement>
	<Placement>
		<ModelHash>0xd40ba89f</ModelHash>
		<Type>3</Type>
		<Dynamic>true</Dynamic>
		<FrozenPos>true</FrozenPos>
		<HashName>hei_prop_carrier_panel_1</HashName>
		<InitialHandle>232962</InitialHandle>
		<ObjectProperties>
			<TextureVariation>0</TextureVariation>
		</ObjectProperties>
		<OpacityLevel>255</OpacityLevel>
		<LodDistance>16960</LodDistance>
		<IsVisible>true</IsVisible>
		<MaxHealth>1000</MaxHealth>
		<Health>1000</Health>
		<HasGravity>true</HasGravity>
		<IsOnFire>false</IsOnFire>
		<IsInvincible>true</IsInvincible>
		<IsBulletProof>false</IsBulletProof>
		<IsCollisionProof>false</IsCollisionProof>
		<IsExplosionProof>true</IsExplosionProof>
		<IsFireProof>true</IsFireProof>
		<IsMeleeProof>true</IsMeleeProof>
		<IsOnlyDamagedByPlayer>false</IsOnlyDamagedByPlayer>
		<PositionRotation>
			<X>-1224.38428</X>
			<Y>-2268.20435</Y>
			<Z>22.7231808</Z>
			<Pitch>-90</Pitch>
			<Roll>120.217773</Roll>
			<Yaw>0</Yaw>
		</PositionRotation>
		<Attachment isAttached="false" />
	</Placement>
	<Placement>
		<ModelHash>0xd40ba89f</ModelHash>
		<Type>3</Type>
		<Dynamic>true</Dynamic>
		<FrozenPos>true</FrozenPos>
		<HashName>hei_prop_carrier_panel_1</HashName>
		<InitialHandle>233218</InitialHandle>
		<ObjectProperties>
			<TextureVariation>0</TextureVariation>
		</ObjectProperties>
		<OpacityLevel>255</OpacityLevel>
		<LodDistance>16960</LodDistance>
		<IsVisible>true</IsVisible>
		<MaxHealth>1000</MaxHealth>
		<Health>1000</Health>
		<HasGravity>true</HasGravity>
		<IsOnFire>false</IsOnFire>
		<IsInvincible>true</IsInvincible>
		<IsBulletProof>false</IsBulletProof>
		<IsCollisionProof>false</IsCollisionProof>
		<IsExplosionProof>true</IsExplosionProof>
		<IsFireProof>true</IsFireProof>
		<IsMeleeProof>true</IsMeleeProof>
		<IsOnlyDamagedByPlayer>false</IsOnlyDamagedByPlayer>
		<PositionRotation>
			<X>-1224.24451</X>
			<Y>-2260.41675</Y>
			<Z>26.6131973</Z>
			<Pitch>-90</Pitch>
			<Roll>120.217773</Roll>
			<Yaw>0</Yaw>
		</PositionRotation>
		<Attachment isAttached="false" />
	</Placement>
	<Placement>
		<ModelHash>0xd40ba89f</ModelHash>
		<Type>3</Type>
		<Dynamic>true</Dynamic>
		<FrozenPos>true</FrozenPos>
		<HashName>hei_prop_carrier_panel_1</HashName>
		<InitialHandle>233474</InitialHandle>
		<ObjectProperties>
			<TextureVariation>0</TextureVariation>
		</ObjectProperties>
		<OpacityLevel>255</OpacityLevel>
		<LodDistance>16960</LodDistance>
		<IsVisible>true</IsVisible>
		<MaxHealth>1000</MaxHealth>
		<Health>1000</Health>
		<HasGravity>true</HasGravity>
		<IsOnFire>false</IsOnFire>
		<IsInvincible>true</IsInvincible>
		<IsBulletProof>false</IsBulletProof>
		<IsCollisionProof>false</IsCollisionProof>
		<IsExplosionProof>true</IsExplosionProof>
		<IsFireProof>true</IsFireProof>
		<IsMeleeProof>true</IsMeleeProof>
		<IsOnlyDamagedByPlayer>false</IsOnlyDamagedByPlayer>
		<PositionRotation>
			<X>-1226.05396</X>
			<Y>-2267.2334</Y>
			<Z>22.7231808</Z>
			<Pitch>-90</Pitch>
			<Roll>120.217773</Roll>
			<Yaw>0</Yaw>
		</PositionRotation>
		<Attachment isAttached="false" />
	</Placement>
	<Placement>
		<ModelHash>0xd40ba89f</ModelHash>
		<Type>3</Type>
		<Dynamic>true</Dynamic>
		<FrozenPos>true</FrozenPos>
		<HashName>hei_prop_carrier_panel_1</HashName>
		<InitialHandle>233730</InitialHandle>
		<ObjectProperties>
			<TextureVariation>0</TextureVariation>
		</ObjectProperties>
		<OpacityLevel>255</OpacityLevel>
		<LodDistance>16960</LodDistance>
		<IsVisible>true</IsVisible>
		<MaxHealth>1000</MaxHealth>
		<Health>1000</Health>
		<HasGravity>true</HasGravity>
		<IsOnFire>false</IsOnFire>
		<IsInvincible>true</IsInvincible>
		<IsBulletProof>false</IsBulletProof>
		<IsCollisionProof>false</IsCollisionProof>
		<IsExplosionProof>true</IsExplosionProof>
		<IsFireProof>true</IsFireProof>
		<IsMeleeProof>true</IsMeleeProof>
		<IsOnlyDamagedByPlayer>false</IsOnlyDamagedByPlayer>
		<PositionRotation>
			<X>-1226.05786</X>
			<Y>-2267.23706</Y>
			<Z>22.7271786</Z>
			<Pitch>89.9160614</Pitch>
			<Roll>60.2176437</Roll>
			<Yaw>179.999908</Yaw>
		</PositionRotation>
		<Attachment isAttached="false" />
	</Placement>
	<Placement>
		<ModelHash>0xd40ba89f</ModelHash>
		<Type>3</Type>
		<Dynamic>true</Dynamic>
		<FrozenPos>true</FrozenPos>
		<HashName>hei_prop_carrier_panel_1</HashName>
		<InitialHandle>233986</InitialHandle>
		<ObjectProperties>
			<TextureVariation>0</TextureVariation>
		</ObjectProperties>
		<OpacityLevel>255</OpacityLevel>
		<LodDistance>16960</LodDistance>
		<IsVisible>true</IsVisible>
		<MaxHealth>1000</MaxHealth>
		<Health>1000</Health>
		<HasGravity>true</HasGravity>
		<IsOnFire>false</IsOnFire>
		<IsInvincible>true</IsInvincible>
		<IsBulletProof>false</IsBulletProof>
		<IsCollisionProof>false</IsCollisionProof>
		<IsExplosionProof>true</IsExplosionProof>
		<IsFireProof>true</IsFireProof>
		<IsMeleeProof>true</IsMeleeProof>
		<IsOnlyDamagedByPlayer>false</IsOnlyDamagedByPlayer>
		<PositionRotation>
			<X>-1224.3783</X>
			<Y>-2268.19897</Y>
			<Z>22.728178</Z>
			<Pitch>89.9184341</Pitch>
			<Roll>60.2176437</Roll>
			<Yaw>179.999893</Yaw>
		</PositionRotation>
		<Attachment isAttached="false" />
	</Placement>
	<Placement>
		<ModelHash>0xd40ba89f</ModelHash>
		<Type>3</Type>
		<Dynamic>true</Dynamic>
		<FrozenPos>true</FrozenPos>
		<HashName>hei_prop_carrier_panel_1</HashName>
		<InitialHandle>234242</InitialHandle>
		<ObjectProperties>
			<TextureVariation>0</TextureVariation>
		</ObjectProperties>
		<OpacityLevel>255</OpacityLevel>
		<LodDistance>16960</LodDistance>
		<IsVisible>true</IsVisible>
		<MaxHealth>1000</MaxHealth>
		<Health>1000</Health>
		<HasGravity>true</HasGravity>
		<IsOnFire>false</IsOnFire>
		<IsInvincible>true</IsInvincible>
		<IsBulletProof>false</IsBulletProof>
		<IsCollisionProof>true</IsCollisionProof>
		<IsExplosionProof>true</IsExplosionProof>
		<IsFireProof>true</IsFireProof>
		<IsMeleeProof>true</IsMeleeProof>
		<IsOnlyDamagedByPlayer>false</IsOnlyDamagedByPlayer>
		<PositionRotation>
			<X>-1224.24451</X>
			<Y>-2260.40674</Y>
			<Z>26.6231976</Z>
			<Pitch>90</Pitch>
			<Roll>60.21735</Roll>
			<Yaw>0</Yaw>
		</PositionRotation>
		<Attachment isAttached="false" />
	</Placement>
	<Placement>
		<ModelHash>0xf4385d0d</ModelHash>
		<Type>3</Type>
		<Dynamic>true</Dynamic>
		<FrozenPos>true</FrozenPos>
		<HashName>prop_cs_sm_27_gate</HashName>
		<InitialHandle>234498</InitialHandle>
		<ObjectProperties>
			<TextureVariation>0</TextureVariation>
		</ObjectProperties>
		<OpacityLevel>255</OpacityLevel>
		<LodDistance>16960</LodDistance>
		<IsVisible>true</IsVisible>
		<MaxHealth>1000</MaxHealth>
		<Health>1000</Health>
		<HasGravity>true</HasGravity>
		<IsOnFire>false</IsOnFire>
		<IsInvincible>true</IsInvincible>
		<IsBulletProof>false</IsBulletProof>
		<IsCollisionProof>false</IsCollisionProof>
		<IsExplosionProof>true</IsExplosionProof>
		<IsFireProof>true</IsFireProof>
		<IsMeleeProof>true</IsMeleeProof>
		<IsOnlyDamagedByPlayer>false</IsOnlyDamagedByPlayer>
		<PositionRotation>
			<X>-1228.4696</X>
			<Y>-2265.65601</Y>
			<Z>22.5458927</Z>
			<Pitch>1.2806604e-06</Pitch>
			<Roll>89.9999466</Roll>
			<Yaw>-121.506233</Yaw>
		</PositionRotation>
		<Attachment isAttached="false" />
	</Placement>
	<Placement>
		<ModelHash>0xdc280c4e</ModelHash>
		<Type>3</Type>
		<Dynamic>true</Dynamic>
		<FrozenPos>true</FrozenPos>
		<HashName>prop_cs_sc1_11_gate</HashName>
		<InitialHandle>234754</InitialHandle>
		<ObjectProperties>
			<TextureVariation>0</TextureVariation>
		</ObjectProperties>
		<OpacityLevel>255</OpacityLevel>
		<LodDistance>16960</LodDistance>
		<IsVisible>true</IsVisible>
		<MaxHealth>1000</MaxHealth>
		<Health>1000</Health>
		<HasGravity>true</HasGravity>
		<IsOnFire>false</IsOnFire>
		<IsInvincible>true</IsInvincible>
		<IsBulletProof>false</IsBulletProof>
		<IsCollisionProof>false</IsCollisionProof>
		<IsExplosionProof>true</IsExplosionProof>
		<IsFireProof>true</IsFireProof>
		<IsMeleeProof>true</IsMeleeProof>
		<IsOnlyDamagedByPlayer>false</IsOnlyDamagedByPlayer>
		<PositionRotation>
			<X>-1224.95056</X>
			<Y>-2268.64941</Y>
			<Z>22.7414036</Z>
			<Pitch>8.14221954e-12</Pitch>
			<Roll>-89.9999466</Roll>
			<Yaw>-30.3374386</Yaw>
		</PositionRotation>
		<Attachment isAttached="false" />
	</Placement>
	<Placement>
		<ModelHash>0xdc280c4e</ModelHash>
		<Type>3</Type>
		<Dynamic>true</Dynamic>
		<FrozenPos>true</FrozenPos>
		<HashName>prop_cs_sc1_11_gate</HashName>
		<InitialHandle>235010</InitialHandle>
		<ObjectProperties>
			<TextureVariation>0</TextureVariation>
		</ObjectProperties>
		<OpacityLevel>255</OpacityLevel>
		<LodDistance>16960</LodDistance>
		<IsVisible>true</IsVisible>
		<MaxHealth>1000</MaxHealth>
		<Health>1000</Health>
		<HasGravity>true</HasGravity>
		<IsOnFire>false</IsOnFire>
		<IsInvincible>true</IsInvincible>
		<IsBulletProof>false</IsBulletProof>
		<IsCollisionProof>false</IsCollisionProof>
		<IsExplosionProof>true</IsExplosionProof>
		<IsFireProof>true</IsFireProof>
		<IsMeleeProof>true</IsMeleeProof>
		<IsOnlyDamagedByPlayer>false</IsOnlyDamagedByPlayer>
		<PositionRotation>
			<X>-1227.07153</X>
			<Y>-2267.4082</Y>
			<Z>22.7414036</Z>
			<Pitch>8.14221954e-12</Pitch>
			<Roll>-89.9999466</Roll>
			<Yaw>-30.3374386</Yaw>
		</PositionRotation>
		<Attachment isAttached="false" />
	</Placement>
	<Placement>
		<ModelHash>0xdc280c4e</ModelHash>
		<Type>3</Type>
		<Dynamic>true</Dynamic>
		<FrozenPos>true</FrozenPos>
		<HashName>prop_cs_sc1_11_gate</HashName>
		<InitialHandle>235266</InitialHandle>
		<ObjectProperties>
			<TextureVariation>0</TextureVariation>
		</ObjectProperties>
		<OpacityLevel>255</OpacityLevel>
		<LodDistance>16960</LodDistance>
		<IsVisible>true</IsVisible>
		<MaxHealth>1000</MaxHealth>
		<Health>1000</Health>
		<HasGravity>true</HasGravity>
		<IsOnFire>false</IsOnFire>
		<IsInvincible>true</IsInvincible>
		<IsBulletProof>false</IsBulletProof>
		<IsCollisionProof>false</IsCollisionProof>
		<IsExplosionProof>true</IsExplosionProof>
		<IsFireProof>true</IsFireProof>
		<IsMeleeProof>true</IsMeleeProof>
		<IsOnlyDamagedByPlayer>false</IsOnlyDamagedByPlayer>
		<PositionRotation>
			<X>-1224.27063</X>
			<Y>-2267.47827</Y>
			<Z>22.7414036</Z>
			<Pitch>8.14221954e-12</Pitch>
			<Roll>-89.9999466</Roll>
			<Yaw>-30.3374386</Yaw>
		</PositionRotation>
		<Attachment isAttached="false" />
	</Placement>
	<Placement>
		<ModelHash>0xdc280c4e</ModelHash>
		<Type>3</Type>
		<Dynamic>true</Dynamic>
		<FrozenPos>true</FrozenPos>
		<HashName>prop_cs_sc1_11_gate</HashName>
		<InitialHandle>235522</InitialHandle>
		<ObjectProperties>
			<TextureVariation>0</TextureVariation>
		</ObjectProperties>
		<OpacityLevel>255</OpacityLevel>
		<LodDistance>16960</LodDistance>
		<IsVisible>true</IsVisible>
		<MaxHealth>1000</MaxHealth>
		<Health>1000</Health>
		<HasGravity>true</HasGravity>
		<IsOnFire>false</IsOnFire>
		<IsInvincible>true</IsInvincible>
		<IsBulletProof>false</IsBulletProof>
		<IsCollisionProof>false</IsCollisionProof>
		<IsExplosionProof>true</IsExplosionProof>
		<IsFireProof>true</IsFireProof>
		<IsMeleeProof>true</IsMeleeProof>
		<IsOnlyDamagedByPlayer>false</IsOnlyDamagedByPlayer>
		<PositionRotation>
			<X>-1221.79138</X>
			<Y>-2268.67944</Y>
			<Z>22.7414036</Z>
			<Pitch>8.14221954e-12</Pitch>
			<Roll>-89.9999466</Roll>
			<Yaw>-30.3374386</Yaw>
		</PositionRotation>
		<Attachment isAttached="false" />
	</Placement>
	<Placement>
		<ModelHash>0xdc280c4e</ModelHash>
		<Type>3</Type>
		<Dynamic>true</Dynamic>
		<FrozenPos>true</FrozenPos>
		<HashName>prop_cs_sc1_11_gate</HashName>
		<InitialHandle>235778</InitialHandle>
		<ObjectProperties>
			<TextureVariation>0</TextureVariation>
		</ObjectProperties>
		<OpacityLevel>255</OpacityLevel>
		<LodDistance>16960</LodDistance>
		<IsVisible>true</IsVisible>
		<MaxHealth>1000</MaxHealth>
		<Health>1000</Health>
		<HasGravity>true</HasGravity>
		<IsOnFire>false</IsOnFire>
		<IsInvincible>true</IsInvincible>
		<IsBulletProof>false</IsBulletProof>
		<IsCollisionProof>false</IsCollisionProof>
		<IsExplosionProof>true</IsExplosionProof>
		<IsFireProof>true</IsFireProof>
		<IsMeleeProof>true</IsMeleeProof>
		<IsOnlyDamagedByPlayer>false</IsOnlyDamagedByPlayer>
		<PositionRotation>
			<X>-1221.21155</X>
			<Y>-2270.7915</Y>
			<Z>22.7414036</Z>
			<Pitch>1.13991074e-11</Pitch>
			<Roll>-89.9999466</Roll>
			<Yaw>-120.336578</Yaw>
		</PositionRotation>
		<Attachment isAttached="false" />
	</Placement>
	<Placement>
		<ModelHash>0xdc280c4e</ModelHash>
		<Type>3</Type>
		<Dynamic>true</Dynamic>
		<FrozenPos>true</FrozenPos>
		<HashName>prop_cs_sc1_11_gate</HashName>
		<InitialHandle>236034</InitialHandle>
		<ObjectProperties>
			<TextureVariation>0</TextureVariation>
		</ObjectProperties>
		<OpacityLevel>255</OpacityLevel>
		<LodDistance>16960</LodDistance>
		<IsVisible>true</IsVisible>
		<MaxHealth>1000</MaxHealth>
		<Health>1000</Health>
		<HasGravity>true</HasGravity>
		<IsOnFire>false</IsOnFire>
		<IsInvincible>true</IsInvincible>
		<IsBulletProof>false</IsBulletProof>
		<IsCollisionProof>false</IsCollisionProof>
		<IsExplosionProof>true</IsExplosionProof>
		<IsFireProof>true</IsFireProof>
		<IsMeleeProof>true</IsMeleeProof>
		<IsOnlyDamagedByPlayer>false</IsOnlyDamagedByPlayer>
		<PositionRotation>
			<X>-1223.30127</X>
			<Y>-2271.33203</Y>
			<Z>22.7414036</Z>
			<Pitch>1.46559952e-11</Pitch>
			<Roll>-89.9999466</Roll>
			<Yaw>-30.3365402</Yaw>
		</PositionRotation>
		<Attachment isAttached="false" />
	</Placement>
	<Placement>
		<ModelHash>0xf4385d0d</ModelHash>
		<Type>3</Type>
		<Dynamic>true</Dynamic>
		<FrozenPos>true</FrozenPos>
		<HashName>prop_cs_sm_27_gate</HashName>
		<InitialHandle>236290</InitialHandle>
		<ObjectProperties>
			<TextureVariation>0</TextureVariation>
		</ObjectProperties>
		<OpacityLevel>255</OpacityLevel>
		<LodDistance>16960</LodDistance>
		<IsVisible>true</IsVisible>
		<MaxHealth>1000</MaxHealth>
		<Health>1000</Health>
		<HasGravity>true</HasGravity>
		<IsOnFire>false</IsOnFire>
		<IsInvincible>true</IsInvincible>
		<IsBulletProof>false</IsBulletProof>
		<IsCollisionProof>false</IsCollisionProof>
		<IsExplosionProof>true</IsExplosionProof>
		<IsFireProof>true</IsFireProof>
		<IsMeleeProof>true</IsMeleeProof>
		<IsOnlyDamagedByPlayer>false</IsOnlyDamagedByPlayer>
		<PositionRotation>
			<X>-1225.16028</X>
			<Y>-2259.95044</Y>
			<Z>26.5459232</Z>
			<Pitch>1.2806604e-06</Pitch>
			<Roll>89.9999466</Roll>
			<Yaw>-121.506233</Yaw>
		</PositionRotation>
		<Attachment isAttached="false" />
	</Placement>
	<Placement>
		<ModelHash>0x50d60cee</ModelHash>
		<Type>3</Type>
		<Dynamic>true</Dynamic>
		<FrozenPos>true</FrozenPos>
		<HashName>prop_sign_big_01</HashName>
		<InitialHandle>236546</InitialHandle>
		<ObjectProperties>
			<TextureVariation>0</TextureVariation>
		</ObjectProperties>
		<OpacityLevel>255</OpacityLevel>
		<LodDistance>16960</LodDistance>
		<IsVisible>true</IsVisible>
		<MaxHealth>1000</MaxHealth>
		<Health>1000</Health>
		<HasGravity>true</HasGravity>
		<IsOnFire>false</IsOnFire>
		<IsInvincible>true</IsInvincible>
		<IsBulletProof>false</IsBulletProof>
		<IsCollisionProof>false</IsCollisionProof>
		<IsExplosionProof>true</IsExplosionProof>
		<IsFireProof>true</IsFireProof>
		<IsMeleeProof>true</IsMeleeProof>
		<IsOnlyDamagedByPlayer>false</IsOnlyDamagedByPlayer>
		<PositionRotation>
			<X>-1226.52026</X>
			<Y>-2266.89258</Y>
			<Z>22.6883869</Z>
			<Pitch>-8.53775248e-07</Pitch>
			<Roll>179.999893</Roll>
			<Yaw>-101.878601</Yaw>
		</PositionRotation>
		<Attachment isAttached="false" />
	</Placement>
	<Placement>
		<ModelHash>0x50d60cee</ModelHash>
		<Type>3</Type>
		<Dynamic>true</Dynamic>
		<FrozenPos>true</FrozenPos>
		<HashName>prop_sign_big_01</HashName>
		<InitialHandle>236802</InitialHandle>
		<ObjectProperties>
			<TextureVariation>0</TextureVariation>
		</ObjectProperties>
		<OpacityLevel>255</OpacityLevel>
		<LodDistance>16960</LodDistance>
		<IsVisible>true</IsVisible>
		<MaxHealth>1000</MaxHealth>
		<Health>1000</Health>
		<HasGravity>true</HasGravity>
		<IsOnFire>false</IsOnFire>
		<IsInvincible>true</IsInvincible>
		<IsBulletProof>false</IsBulletProof>
		<IsCollisionProof>false</IsCollisionProof>
		<IsExplosionProof>true</IsExplosionProof>
		<IsFireProof>true</IsFireProof>
		<IsMeleeProof>true</IsMeleeProof>
		<IsOnlyDamagedByPlayer>false</IsOnlyDamagedByPlayer>
		<PositionRotation>
			<X>-1224.42078</X>
			<Y>-2260.19604</Y>
			<Z>26.5884018</Z>
			<Pitch>-8.53770359e-07</Pitch>
			<Roll>179.999893</Roll>
			<Yaw>-121.878548</Yaw>
		</PositionRotation>
		<Attachment isAttached="false" />
	</Placement>
	<Placement>
		<ModelHash>0x50d60cee</ModelHash>
		<Type>3</Type>
		<Dynamic>true</Dynamic>
		<FrozenPos>true</FrozenPos>
		<HashName>prop_sign_big_01</HashName>
		<InitialHandle>237058</InitialHandle>
		<ObjectProperties>
			<TextureVariation>0</TextureVariation>
		</ObjectProperties>
		<OpacityLevel>255</OpacityLevel>
		<LodDistance>16960</LodDistance>
		<IsVisible>true</IsVisible>
		<MaxHealth>1000</MaxHealth>
		<Health>1000</Health>
		<HasGravity>true</HasGravity>
		<IsOnFire>false</IsOnFire>
		<IsInvincible>true</IsInvincible>
		<IsBulletProof>false</IsBulletProof>
		<IsCollisionProof>false</IsCollisionProof>
		<IsExplosionProof>true</IsExplosionProof>
		<IsFireProof>true</IsFireProof>
		<IsMeleeProof>true</IsMeleeProof>
		<IsOnlyDamagedByPlayer>false</IsOnlyDamagedByPlayer>
		<PositionRotation>
			<X>-1224.18066</X>
			<Y>-2260.36621</Y>
			<Z>26.5784016</Z>
			<Pitch>-8.53786617e-07</Pitch>
			<Roll>179.999893</Roll>
			<Yaw>58.1215057</Yaw>
		</PositionRotation>
		<Attachment isAttached="false" />
	</Placement>
	<Placement>
		<ModelHash>0xc3d3e6e4</ModelHash>
		<Type>3</Type>
		<Dynamic>false</Dynamic>
		<FrozenPos>true</FrozenPos>
		<HashName>prop_worklight_04d_l1</HashName>
		<InitialHandle>237314</InitialHandle>
		<ObjectProperties>
			<TextureVariation>0</TextureVariation>
		</ObjectProperties>
		<OpacityLevel>255</OpacityLevel>
		<LodDistance>16960</LodDistance>
		<IsVisible>true</IsVisible>
		<MaxHealth>1000</MaxHealth>
		<Health>1000</Health>
		<HasGravity>true</HasGravity>
		<IsOnFire>false</IsOnFire>
		<IsInvincible>false</IsInvincible>
		<IsBulletProof>false</IsBulletProof>
		<IsCollisionProof>false</IsCollisionProof>
		<IsExplosionProof>false</IsExplosionProof>
		<IsFireProof>false</IsFireProof>
		<IsMeleeProof>false</IsMeleeProof>
		<IsOnlyDamagedByPlayer>false</IsOnlyDamagedByPlayer>
		<PositionRotation>
			<X>-1222.03784</X>
			<Y>-2272.02271</Y>
			<Z>18.6880322</Z>
			<Pitch>20.0000038</Pitch>
			<Roll>-1.81713369e-06</Roll>
			<Yaw>-27.8927517</Yaw>
		</PositionRotation>
		<Attachment isAttached="false" />
	</Placement>
	<Placement>
		<ModelHash>0xc3d3e6e4</ModelHash>
		<Type>3</Type>
		<Dynamic>false</Dynamic>
		<FrozenPos>true</FrozenPos>
		<HashName>prop_worklight_04d_l1</HashName>
		<InitialHandle>237570</InitialHandle>
		<ObjectProperties>
			<TextureVariation>0</TextureVariation>
		</ObjectProperties>
		<OpacityLevel>255</OpacityLevel>
		<LodDistance>16960</LodDistance>
		<IsVisible>true</IsVisible>
		<MaxHealth>1000</MaxHealth>
		<Health>1000</Health>
		<HasGravity>true</HasGravity>
		<IsOnFire>false</IsOnFire>
		<IsInvincible>false</IsInvincible>
		<IsBulletProof>false</IsBulletProof>
		<IsCollisionProof>false</IsCollisionProof>
		<IsExplosionProof>false</IsExplosionProof>
		<IsFireProof>false</IsFireProof>
		<IsMeleeProof>false</IsMeleeProof>
		<IsOnlyDamagedByPlayer>false</IsOnlyDamagedByPlayer>
		<PositionRotation>
			<X>-1224.53723</X>
			<Y>-2270.55127</Y>
			<Z>18.6880322</Z>
			<Pitch>20.0000038</Pitch>
			<Roll>-1.81713369e-06</Roll>
			<Yaw>-27.8927517</Yaw>
		</PositionRotation>
		<Attachment isAttached="false" />
	</Placement>
	<Placement>
		<ModelHash>0xc3d3e6e4</ModelHash>
		<Type>3</Type>
		<Dynamic>false</Dynamic>
		<FrozenPos>true</FrozenPos>
		<HashName>prop_worklight_04d_l1</HashName>
		<InitialHandle>237826</InitialHandle>
		<ObjectProperties>
			<TextureVariation>0</TextureVariation>
		</ObjectProperties>
		<OpacityLevel>255</OpacityLevel>
		<LodDistance>16960</LodDistance>
		<IsVisible>true</IsVisible>
		<MaxHealth>1000</MaxHealth>
		<Health>1000</Health>
		<HasGravity>true</HasGravity>
		<IsOnFire>false</IsOnFire>
		<IsInvincible>false</IsInvincible>
		<IsBulletProof>false</IsBulletProof>
		<IsCollisionProof>false</IsCollisionProof>
		<IsExplosionProof>false</IsExplosionProof>
		<IsFireProof>false</IsFireProof>
		<IsMeleeProof>false</IsMeleeProof>
		<IsOnlyDamagedByPlayer>false</IsOnlyDamagedByPlayer>
		<PositionRotation>
			<X>-1224.53723</X>
			<Y>-2270.55127</Y>
			<Z>21.8980522</Z>
			<Pitch>20</Pitch>
			<Roll>3.6342667e-06</Roll>
			<Yaw>152.107178</Yaw>
		</PositionRotation>
		<Attachment isAttached="false" />
	</Placement>
	<Placement>
		<ModelHash>0xc3d3e6e4</ModelHash>
		<Type>3</Type>
		<Dynamic>false</Dynamic>
		<FrozenPos>true</FrozenPos>
		<HashName>prop_worklight_04d_l1</HashName>
		<InitialHandle>238082</InitialHandle>
		<ObjectProperties>
			<TextureVariation>0</TextureVariation>
		</ObjectProperties>
		<OpacityLevel>255</OpacityLevel>
		<LodDistance>16960</LodDistance>
		<IsVisible>true</IsVisible>
		<MaxHealth>1000</MaxHealth>
		<Health>1000</Health>
		<HasGravity>true</HasGravity>
		<IsOnFire>false</IsOnFire>
		<IsInvincible>false</IsInvincible>
		<IsBulletProof>false</IsBulletProof>
		<IsCollisionProof>false</IsCollisionProof>
		<IsExplosionProof>false</IsExplosionProof>
		<IsFireProof>false</IsFireProof>
		<IsMeleeProof>false</IsMeleeProof>
		<IsOnlyDamagedByPlayer>false</IsOnlyDamagedByPlayer>
		<PositionRotation>
			<X>-1222.03784</X>
			<Y>-2272.02271</Y>
			<Z>21.8880291</Z>
			<Pitch>20.0000038</Pitch>
			<Roll>-0</Roll>
			<Yaw>152.10704</Yaw>
		</PositionRotation>
		<Attachment isAttached="false" />
	</Placement>
	<Placement>
		<ModelHash>0xc3d3e6e4</ModelHash>
		<Type>3</Type>
		<Dynamic>false</Dynamic>
		<FrozenPos>true</FrozenPos>
		<HashName>prop_worklight_04d_l1</HashName>
		<InitialHandle>238338</InitialHandle>
		<ObjectProperties>
			<TextureVariation>0</TextureVariation>
		</ObjectProperties>
		<OpacityLevel>255</OpacityLevel>
		<LodDistance>16960</LodDistance>
		<IsVisible>true</IsVisible>
		<MaxHealth>1000</MaxHealth>
		<Health>1000</Health>
		<HasGravity>true</HasGravity>
		<IsOnFire>false</IsOnFire>
		<IsInvincible>false</IsInvincible>
		<IsBulletProof>false</IsBulletProof>
		<IsCollisionProof>false</IsCollisionProof>
		<IsExplosionProof>false</IsExplosionProof>
		<IsFireProof>false</IsFireProof>
		<IsMeleeProof>false</IsMeleeProof>
		<IsOnlyDamagedByPlayer>false</IsOnlyDamagedByPlayer>
		<PositionRotation>
			<X>-1222.03784</X>
			<Y>-2272.02271</Y>
			<Z>17.9880142</Z>
			<Pitch>20.0000038</Pitch>
			<Roll>-0</Roll>
			<Yaw>152.10704</Yaw>
		</PositionRotation>
		<Attachment isAttached="false" />
	</Placement>
	<Placement>
		<ModelHash>0xc3d3e6e4</ModelHash>
		<Type>3</Type>
		<Dynamic>false</Dynamic>
		<FrozenPos>true</FrozenPos>
		<HashName>prop_worklight_04d_l1</HashName>
		<InitialHandle>238594</InitialHandle>
		<ObjectProperties>
			<TextureVariation>0</TextureVariation>
		</ObjectProperties>
		<OpacityLevel>255</OpacityLevel>
		<LodDistance>16960</LodDistance>
		<IsVisible>true</IsVisible>
		<MaxHealth>1000</MaxHealth>
		<Health>1000</Health>
		<HasGravity>true</HasGravity>
		<IsOnFire>false</IsOnFire>
		<IsInvincible>false</IsInvincible>
		<IsBulletProof>false</IsBulletProof>
		<IsCollisionProof>false</IsCollisionProof>
		<IsExplosionProof>false</IsExplosionProof>
		<IsFireProof>false</IsFireProof>
		<IsMeleeProof>false</IsMeleeProof>
		<IsOnlyDamagedByPlayer>false</IsOnlyDamagedByPlayer>
		<PositionRotation>
			<X>-1224.53723</X>
			<Y>-2270.55127</Y>
			<Z>17.9980373</Z>
			<Pitch>20</Pitch>
			<Roll>4.54283372e-06</Roll>
			<Yaw>152.107178</Yaw>
		</PositionRotation>
		<Attachment isAttached="false" />
	</Placement>
	<Placement>
		<ModelHash>0x08644ae1</ModelHash>
		<Type>3</Type>
		<Dynamic>true</Dynamic>
		<FrozenPos>true</FrozenPos>
		<HashName>prop_runlight_g</HashName>
		<InitialHandle>238850</InitialHandle>
		<ObjectProperties>
			<TextureVariation>0</TextureVariation>
		</ObjectProperties>
		<OpacityLevel>255</OpacityLevel>
		<LodDistance>16960</LodDistance>
		<IsVisible>true</IsVisible>
		<MaxHealth>1000</MaxHealth>
		<Health>1000</Health>
		<HasGravity>true</HasGravity>
		<IsOnFire>false</IsOnFire>
		<IsInvincible>true</IsInvincible>
		<IsBulletProof>false</IsBulletProof>
		<IsCollisionProof>true</IsCollisionProof>
		<IsExplosionProof>true</IsExplosionProof>
		<IsFireProof>true</IsFireProof>
		<IsMeleeProof>true</IsMeleeProof>
		<IsOnlyDamagedByPlayer>false</IsOnlyDamagedByPlayer>
		<PositionRotation>
			<X>-1223.7085</X>
			<Y>-2260.61646</Y>
			<Z>26.6411762</Z>
			<Pitch>0</Pitch>
			<Roll>0</Roll>
			<Yaw>-66.1258545</Yaw>
		</PositionRotation>
		<Attachment isAttached="false" />
	</Placement>
	<Placement>
		<ModelHash>0x099388b6</ModelHash>
		<Type>3</Type>
		<Dynamic>false</Dynamic>
		<FrozenPos>true</FrozenPos>
		<HashName>prop_worklight_02a</HashName>
		<InitialHandle>239106</InitialHandle>
		<ObjectProperties>
			<TextureVariation>0</TextureVariation>
		</ObjectProperties>
		<OpacityLevel>255</OpacityLevel>
		<LodDistance>16960</LodDistance>
		<IsVisible>true</IsVisible>
		<MaxHealth>1000</MaxHealth>
		<Health>1000</Health>
		<HasGravity>true</HasGravity>
		<IsOnFire>false</IsOnFire>
		<IsInvincible>false</IsInvincible>
		<IsBulletProof>false</IsBulletProof>
		<IsCollisionProof>false</IsCollisionProof>
		<IsExplosionProof>false</IsExplosionProof>
		<IsFireProof>false</IsFireProof>
		<IsMeleeProof>false</IsMeleeProof>
		<IsOnlyDamagedByPlayer>false</IsOnlyDamagedByPlayer>
		<PositionRotation>
			<X>-1210.21313</X>
			<Y>-2272.87305</Y>
			<Z>12.9541578</Z>
			<Pitch>0</Pitch>
			<Roll>-0</Roll>
			<Yaw>-147.22142</Yaw>
		</PositionRotation>
		<Attachment isAttached="false" />
	</Placement>
	<Placement>
		<ModelHash>0x099388b6</ModelHash>
		<Type>3</Type>
		<Dynamic>false</Dynamic>
		<FrozenPos>true</FrozenPos>
		<HashName>prop_worklight_02a</HashName>
		<InitialHandle>239362</InitialHandle>
		<ObjectProperties>
			<TextureVariation>0</TextureVariation>
		</ObjectProperties>
		<OpacityLevel>255</OpacityLevel>
		<LodDistance>16960</LodDistance>
		<IsVisible>true</IsVisible>
		<MaxHealth>1000</MaxHealth>
		<Health>1000</Health>
		<HasGravity>true</HasGravity>
		<IsOnFire>false</IsOnFire>
		<IsInvincible>false</IsInvincible>
		<IsBulletProof>false</IsBulletProof>
		<IsCollisionProof>false</IsCollisionProof>
		<IsExplosionProof>false</IsExplosionProof>
		<IsFireProof>false</IsFireProof>
		<IsMeleeProof>false</IsMeleeProof>
		<IsOnlyDamagedByPlayer>false</IsOnlyDamagedByPlayer>
		<PositionRotation>
			<X>-1205.56763</X>
			<Y>-2264.91968</Y>
			<Z>12.9541588</Z>
			<Pitch>0</Pitch>
			<Roll>-0</Roll>
			<Yaw>-100.856293</Yaw>
		</PositionRotation>
		<Attachment isAttached="false" />
	</Placement>
	<Placement>
		<ModelHash>0x099388b6</ModelHash>
		<Type>3</Type>
		<Dynamic>false</Dynamic>
		<FrozenPos>true</FrozenPos>
		<HashName>prop_worklight_02a</HashName>
		<InitialHandle>239618</InitialHandle>
		<ObjectProperties>
			<TextureVariation>0</TextureVariation>
		</ObjectProperties>
		<OpacityLevel>255</OpacityLevel>
		<LodDistance>16960</LodDistance>
		<IsVisible>true</IsVisible>
		<MaxHealth>1000</MaxHealth>
		<Health>1000</Health>
		<HasGravity>true</HasGravity>
		<IsOnFire>false</IsOnFire>
		<IsInvincible>false</IsInvincible>
		<IsBulletProof>false</IsBulletProof>
		<IsCollisionProof>false</IsCollisionProof>
		<IsExplosionProof>false</IsExplosionProof>
		<IsFireProof>false</IsFireProof>
		<IsMeleeProof>false</IsMeleeProof>
		<IsOnlyDamagedByPlayer>false</IsOnlyDamagedByPlayer>
		<PositionRotation>
			<X>-1226.62305</X>
			<Y>-2252.72534</Y>
			<Z>12.9541578</Z>
			<Pitch>0</Pitch>
			<Roll>0</Roll>
			<Yaw>25.9549084</Yaw>
		</PositionRotation>
		<Attachment isAttached="false" />
	</Placement>
	<Placement>
		<ModelHash>0x099388b6</ModelHash>
		<Type>3</Type>
		<Dynamic>false</Dynamic>
		<FrozenPos>true</FrozenPos>
		<HashName>prop_worklight_02a</HashName>
		<InitialHandle>239874</InitialHandle>
		<ObjectProperties>
			<TextureVariation>0</TextureVariation>
		</ObjectProperties>
		<OpacityLevel>255</OpacityLevel>
		<LodDistance>16960</LodDistance>
		<IsVisible>true</IsVisible>
		<MaxHealth>1000</MaxHealth>
		<Health>1000</Health>
		<HasGravity>true</HasGravity>
		<IsOnFire>false</IsOnFire>
		<IsInvincible>false</IsInvincible>
		<IsBulletProof>false</IsBulletProof>
		<IsCollisionProof>false</IsCollisionProof>
		<IsExplosionProof>false</IsExplosionProof>
		<IsFireProof>false</IsFireProof>
		<IsMeleeProof>false</IsMeleeProof>
		<IsOnlyDamagedByPlayer>false</IsOnlyDamagedByPlayer>
		<PositionRotation>
			<X>-1231.5144</X>
			<Y>-2260.78979</Y>
			<Z>12.9541578</Z>
			<Pitch>0</Pitch>
			<Roll>-0</Roll>
			<Yaw>100.783195</Yaw>
		</PositionRotation>
		<Attachment isAttached="false" />
	</Placement>
	<Placement>
		<ModelHash>0x6db9599a</ModelHash>
		<Type>3</Type>
		<Dynamic>true</Dynamic>
		<FrozenPos>true</FrozenPos>
		<HashName>prop_bskball_01</HashName>
		<InitialHandle>240130</InitialHandle>
		<ObjectProperties>
			<TextureVariation>0</TextureVariation>
		</ObjectProperties>
		<PtfxLopAsset>scr_rcpaparazzo1</PtfxLopAsset>
		<PtfxLopEffect>scr_rcpap1_camera</PtfxLopEffect>
		<OpacityLevel>255</OpacityLevel>
		<LodDistance>16960</LodDistance>
		<IsVisible>false</IsVisible>
		<MaxHealth>1000</MaxHealth>
		<Health>1000</Health>
		<HasGravity>true</HasGravity>
		<IsOnFire>false</IsOnFire>
		<IsInvincible>true</IsInvincible>
		<IsBulletProof>false</IsBulletProof>
		<IsCollisionProof>true</IsCollisionProof>
		<IsExplosionProof>true</IsExplosionProof>
		<IsFireProof>true</IsFireProof>
		<IsMeleeProof>true</IsMeleeProof>
		<IsOnlyDamagedByPlayer>false</IsOnlyDamagedByPlayer>
		<PositionRotation>
			<X>-1217.25464</X>
			<Y>-2260.42139</Y>
			<Z>46.2150993</Z>
			<Pitch>89.5878677</Pitch>
			<Roll>-1.51697481</Roll>
			<Yaw>-27.90378</Yaw>
		</PositionRotation>
		<Attachment isAttached="true">
			<AttachedTo>227586</AttachedTo>
			<BoneIndex>0</BoneIndex>
			<X>0</X>
			<Y>18.7000351</Y>
			<Z>-2.99999928</Z>
			<Pitch>0</Pitch>
			<Roll>0</Roll>
			<Yaw>0</Yaw>
		</Attachment>
	</Placement>
	<Placement>
		<ModelHash>0xb1b2b66b</ModelHash>
		<Type>3</Type>
		<Dynamic>true</Dynamic>
		<FrozenPos>true</FrozenPos>
		<HashName>prop_military_pickup_01</HashName>
		<InitialHandle>240386</InitialHandle>
		<ObjectProperties>
			<TextureVariation>0</TextureVariation>
		</ObjectProperties>
		<OpacityLevel>255</OpacityLevel>
		<LodDistance>16960</LodDistance>
		<IsVisible>true</IsVisible>
		<MaxHealth>1000</MaxHealth>
		<Health>1000</Health>
		<HasGravity>true</HasGravity>
		<IsOnFire>false</IsOnFire>
		<IsInvincible>true</IsInvincible>
		<IsBulletProof>false</IsBulletProof>
		<IsCollisionProof>true</IsCollisionProof>
		<IsExplosionProof>true</IsExplosionProof>
		<IsFireProof>true</IsFireProof>
		<IsMeleeProof>true</IsMeleeProof>
		<IsOnlyDamagedByPlayer>false</IsOnlyDamagedByPlayer>
		<PositionRotation>
			<X>-1213.42236</X>
			<Y>-2262.79688</Y>
			<Z>20.3165932</Z>
			<Pitch>-0.412935793</Pitch>
			<Roll>89.9890747</Roll>
			<Yaw>-29.4207993</Yaw>
		</PositionRotation>
		<Attachment isAttached="true">
			<AttachedTo>227586</AttachedTo>
			<BoneIndex>83</BoneIndex>
			<X>4.50000143</X>
			<Y>-7.20000172</Y>
			<Z>-3.00000048</Z>
			<Pitch>-90.0000076</Pitch>
			<Roll>90.0000153</Roll>
			<Yaw>0</Yaw>
		</Attachment>
	</Placement>
	<Placement>
		<ModelHash>0xb1b2b66b</ModelHash>
		<Type>3</Type>
		<Dynamic>true</Dynamic>
		<FrozenPos>true</FrozenPos>
		<HashName>prop_military_pickup_01</HashName>
		<InitialHandle>240642</InitialHandle>
		<ObjectProperties>
			<TextureVariation>0</TextureVariation>
		</ObjectProperties>
		<OpacityLevel>255</OpacityLevel>
		<LodDistance>16960</LodDistance>
		<IsVisible>true</IsVisible>
		<MaxHealth>1000</MaxHealth>
		<Health>1000</Health>
		<HasGravity>true</HasGravity>
		<IsOnFire>false</IsOnFire>
		<IsInvincible>true</IsInvincible>
		<IsBulletProof>false</IsBulletProof>
		<IsCollisionProof>true</IsCollisionProof>
		<IsExplosionProof>true</IsExplosionProof>
		<IsFireProof>true</IsFireProof>
		<IsMeleeProof>true</IsMeleeProof>
		<IsOnlyDamagedByPlayer>false</IsOnlyDamagedByPlayer>
		<PositionRotation>
			<X>-1221.26172</X>
			<Y>-2258.37598</Y>
			<Z>20.3148766</Z>
			<Pitch>0.412935764</Pitch>
			<Roll>90.0109482</Roll>
			<Yaw>150.579208</Yaw>
		</PositionRotation>
		<Attachment isAttached="true">
			<AttachedTo>227586</AttachedTo>
			<BoneIndex>83</BoneIndex>
			<X>-4.49999475</X>
			<Y>-7.20000172</Y>
			<Z>-3.00000048</Z>
			<Pitch>90</Pitch>
			<Roll>-89.9999847</Roll>
			<Yaw>0</Yaw>
		</Attachment>
	</Placement>
	<Placement>
		<ModelHash>0x6db9599a</ModelHash>
		<Type>3</Type>
		<Dynamic>true</Dynamic>
		<FrozenPos>true</FrozenPos>
		<HashName>prop_bskball_01</HashName>
		<InitialHandle>240898</InitialHandle>
		<TaskSequence>
			<Task>
				<Type>39</Type>
				<Duration>-2147483500</Duration>
				<KeepTaskRunningAfterTime>-2</KeepTaskRunningAfterTime>
				<IsLoopedTask>true</IsLoopedTask>
				<Delay>500</Delay>
				<AssetName>core</AssetName>
				<EffectName>ent_sht_flame</EffectName>
				<Scale>5.49999571</Scale>
				<Colour R="255" G="255" B="255" A="255" />
				<RelativePosition X="0" Y="0" Z="0" />
				<RelativeRotation X="89.9999924" Y="2.86102295e-05" Z="0" />
			</Task>
		</TaskSequence>
		<ObjectProperties>
			<TextureVariation>0</TextureVariation>
		</ObjectProperties>
		<OpacityLevel>255</OpacityLevel>
		<LodDistance>16960</LodDistance>
		<IsVisible>false</IsVisible>
		<MaxHealth>1000</MaxHealth>
		<Health>1000</Health>
		<HasGravity>true</HasGravity>
		<IsOnFire>true</IsOnFire>
		<IsInvincible>true</IsInvincible>
		<IsBulletProof>false</IsBulletProof>
		<IsCollisionProof>true</IsCollisionProof>
		<IsExplosionProof>true</IsExplosionProof>
		<IsFireProof>true</IsFireProof>
		<IsMeleeProof>true</IsMeleeProof>
		<IsOnlyDamagedByPlayer>false</IsOnlyDamagedByPlayer>
		<PositionRotation>
			<X>-1221.26428</X>
			<Y>-2258.38135</Y>
			<Z>18.0848236</Z>
			<Pitch>89.5878677</Pitch>
			<Roll>-1.51697481</Roll>
			<Yaw>-27.90378</Yaw>
		</PositionRotation>
		<Attachment isAttached="true">
			<AttachedTo>227586</AttachedTo>
			<BoneIndex>0</BoneIndex>
			<X>-4.50000095</X>
			<Y>-9.43004036</Y>
			<Z>-3.01000047</Z>
			<Pitch>0</Pitch>
			<Roll>0</Roll>
			<Yaw>0</Yaw>
		</Attachment>
	</Placement>
	<Placement>
		<ModelHash>0x6db9599a</ModelHash>
		<Type>3</Type>
		<Dynamic>true</Dynamic>
		<FrozenPos>true</FrozenPos>
		<HashName>prop_bskball_01</HashName>
		<InitialHandle>241154</InitialHandle>
		<TaskSequence>
			<Task>
				<Type>39</Type>
				<Duration>-2147483500</Duration>
				<KeepTaskRunningAfterTime>-2</KeepTaskRunningAfterTime>
				<IsLoopedTask>true</IsLoopedTask>
				<Delay>500</Delay>
				<AssetName>core</AssetName>
				<EffectName>ent_sht_flame</EffectName>
				<Scale>5.49999571</Scale>
				<Colour R="255" G="255" B="255" A="255" />
				<RelativePosition X="0" Y="0" Z="0" />
				<RelativeRotation X="89.9999924" Y="2.86102295e-05" Z="0" />
			</Task>
		</TaskSequence>
		<ObjectProperties>
			<TextureVariation>0</TextureVariation>
		</ObjectProperties>
		<OpacityLevel>255</OpacityLevel>
		<LodDistance>16960</LodDistance>
		<IsVisible>false</IsVisible>
		<MaxHealth>1000</MaxHealth>
		<Health>1000</Health>
		<HasGravity>true</HasGravity>
		<IsOnFire>true</IsOnFire>
		<IsInvincible>true</IsInvincible>
		<IsBulletProof>false</IsBulletProof>
		<IsCollisionProof>true</IsCollisionProof>
		<IsExplosionProof>true</IsExplosionProof>
		<IsFireProof>true</IsFireProof>
		<IsMeleeProof>true</IsMeleeProof>
		<IsOnlyDamagedByPlayer>false</IsOnlyDamagedByPlayer>
		<PositionRotation>
			<X>-1213.42505</X>
			<Y>-2262.80249</Y>
			<Z>18.0865402</Z>
			<Pitch>89.5878677</Pitch>
			<Roll>-1.51697481</Roll>
			<Yaw>-27.90378</Yaw>
		</PositionRotation>
		<Attachment isAttached="true">
			<AttachedTo>227586</AttachedTo>
			<BoneIndex>0</BoneIndex>
			<X>4.49999523</X>
			<Y>-9.43004036</Y>
			<Z>-3.01000047</Z>
			<Pitch>0</Pitch>
			<Roll>0</Roll>
			<Yaw>0</Yaw>
		</Attachment>
	</Placement>
	<Placement>
		<ModelHash>0xd40ba89f</ModelHash>
		<Type>3</Type>
		<Dynamic>true</Dynamic>
		<FrozenPos>true</FrozenPos>
		<HashName>hei_prop_carrier_panel_1</HashName>
		<InitialHandle>241410</InitialHandle>
		<ObjectProperties>
			<TextureVariation>0</TextureVariation>
		</ObjectProperties>
		<OpacityLevel>255</OpacityLevel>
		<LodDistance>16960</LodDistance>
		<IsVisible>true</IsVisible>
		<MaxHealth>1000</MaxHealth>
		<Health>1000</Health>
		<HasGravity>true</HasGravity>
		<IsOnFire>false</IsOnFire>
		<IsInvincible>true</IsInvincible>
		<IsBulletProof>false</IsBulletProof>
		<IsCollisionProof>false</IsCollisionProof>
		<IsExplosionProof>true</IsExplosionProof>
		<IsFireProof>true</IsFireProof>
		<IsMeleeProof>true</IsMeleeProof>
		<IsOnlyDamagedByPlayer>false</IsOnlyDamagedByPlayer>
		<PositionRotation>
			<X>-1227.73352</X>
			<Y>-2266.26245</Y>
			<Z>22.7231808</Z>
			<Pitch>-90</Pitch>
			<Roll>120.217773</Roll>
			<Yaw>0</Yaw>
		</PositionRotation>
		<Attachment isAttached="false" />
	</Placement>
	<Placement>
		<ModelHash>0xdc280c4e</ModelHash>
		<Type>3</Type>
		<Dynamic>true</Dynamic>
		<FrozenPos>true</FrozenPos>
		<HashName>prop_cs_sc1_11_gate</HashName>
		<InitialHandle>241666</InitialHandle>
		<ObjectProperties>
			<TextureVariation>0</TextureVariation>
		</ObjectProperties>
		<OpacityLevel>255</OpacityLevel>
		<LodDistance>16960</LodDistance>
		<IsVisible>true</IsVisible>
		<MaxHealth>1000</MaxHealth>
		<Health>1000</Health>
		<HasGravity>true</HasGravity>
		<IsOnFire>false</IsOnFire>
		<IsInvincible>true</IsInvincible>
		<IsBulletProof>false</IsBulletProof>
		<IsCollisionProof>false</IsCollisionProof>
		<IsExplosionProof>true</IsExplosionProof>
		<IsFireProof>true</IsFireProof>
		<IsMeleeProof>true</IsMeleeProof>
		<IsOnlyDamagedByPlayer>false</IsOnlyDamagedByPlayer>
		<PositionRotation>
			<X>-1226.00037</X>
			<Y>-2266.45728</Y>
			<Z>22.7414036</Z>
			<Pitch>8.14221954e-12</Pitch>
			<Roll>-89.9999466</Roll>
			<Yaw>-30.3374386</Yaw>
		</PositionRotation>
		<Attachment isAttached="false" />
	</Placement>
	<Placement>
		<ModelHash>0xd40ba89f</ModelHash>
		<Type>3</Type>
		<Dynamic>true</Dynamic>
		<FrozenPos>true</FrozenPos>
		<HashName>hei_prop_carrier_panel_1</HashName>
		<InitialHandle>241922</InitialHandle>
		<ObjectProperties>
			<TextureVariation>0</TextureVariation>
		</ObjectProperties>
		<OpacityLevel>255</OpacityLevel>
		<LodDistance>16960</LodDistance>
		<IsVisible>true</IsVisible>
		<MaxHealth>1000</MaxHealth>
		<Health>1000</Health>
		<HasGravity>true</HasGravity>
		<IsOnFire>false</IsOnFire>
		<IsInvincible>true</IsInvincible>
		<IsBulletProof>false</IsBulletProof>
		<IsCollisionProof>false</IsCollisionProof>
		<IsExplosionProof>true</IsExplosionProof>
		<IsFireProof>true</IsFireProof>
		<IsMeleeProof>true</IsMeleeProof>
		<IsOnlyDamagedByPlayer>false</IsOnlyDamagedByPlayer>
		<PositionRotation>
			<X>-1227.73352</X>
			<Y>-2266.26245</Y>
			<Z>22.733181</Z>
			<Pitch>90</Pitch>
			<Roll>60.2178421</Roll>
			<Yaw>0</Yaw>
		</PositionRotation>
		<Attachment isAttached="false" />
	</Placement>
	<Placement>
		<ModelHash>0xdc280c4e</ModelHash>
		<Type>3</Type>
		<Dynamic>true</Dynamic>
		<FrozenPos>true</FrozenPos>
		<HashName>prop_cs_sc1_11_gate</HashName>
		<InitialHandle>242178</InitialHandle>
		<ObjectProperties>
			<TextureVariation>0</TextureVariation>
		</ObjectProperties>
		<OpacityLevel>255</OpacityLevel>
		<LodDistance>16960</LodDistance>
		<IsVisible>true</IsVisible>
		<MaxHealth>1000</MaxHealth>
		<Health>1000</Health>
		<HasGravity>true</HasGravity>
		<IsOnFire>false</IsOnFire>
		<IsInvincible>true</IsInvincible>
		<IsBulletProof>false</IsBulletProof>
		<IsCollisionProof>false</IsCollisionProof>
		<IsExplosionProof>true</IsExplosionProof>
		<IsFireProof>true</IsFireProof>
		<IsMeleeProof>true</IsMeleeProof>
		<IsOnlyDamagedByPlayer>false</IsOnlyDamagedByPlayer>
		<PositionRotation>
			<X>-1227.85132</X>
			<Y>-2266.96777</Y>
			<Z>22.7414036</Z>
			<Pitch>8.14221954e-12</Pitch>
			<Roll>-89.9999466</Roll>
			<Yaw>-30.3374386</Yaw>
		</PositionRotation>
		<Attachment isAttached="false" />
	</Placement>
	<Marker>
		<Name>Wing</Name>
		<Type>7</Type>
		<Scale>0.899999976</Scale>
		<ShowName>true</ShowName>
		<RotateContinuously>true</RotateContinuously>
		<AllowVehicles>false</AllowVehicles>
		<Colour R="94" G="255" B="1" A="200" />
		<Position X="-1223.70288" Y="-2260.62671" Z="27.8021469" />
		<Rotation X="0" Y="0" Z="267.804382" />
		<Destination X="-1220.21753" Y="-2261.14795" Z="29.5421314" />
		<DestinationHeading>268</DestinationHeading>
	</Marker>
	<Marker>
		<Name>press F to ENTER</Name>
		<Type>7</Type>
		<Scale>0.549999893</Scale>
		<ShowName>true</ShowName>
		<RotateContinuously>true</RotateContinuously>
		<AllowVehicles>false</AllowVehicles>
		<Colour R="94" G="255" B="1" A="190" />
		<Position X="-1220.42383" Y="-2262.06226" Z="30.4644165" />
		<Rotation X="0" Y="89.9999924" Z="-92.0004578" />
		<Destination X="0" Y="0" Z="0" />
		<DestinationHeading>268</DestinationHeading>
	</Marker>
</SpoonerPlacements>
