<?xml version="1.0" encoding="ISO-8859-1"?>
<Vehicle menyoo_ver="0.999876b">
	<ModelHash>0x28b67aca</ModelHash>
	<InitialHandle>189700</InitialHandle>
	<VehicleProperties>
		<Colours>
			<Primary>12</Primary>
			<Secondary>0</Secondary>
			<Pearl>2</Pearl>
			<Rim>7</Rim>
			<Mod1_a>6</Mod1_a>
			<Mod1_b>-1</Mod1_b>
			<Mod1_c>-1</Mod1_c>
			<Mod2_a>6</Mod2_a>
			<Mod2_b>-1</Mod2_b>
			<IsPrimaryColourCustom>false</IsPrimaryColourCustom>
			<IsSecondaryColourCustom>false</IsSecondaryColourCustom>
			<tyreSmoke_R>255</tyreSmoke_R>
			<tyreSmoke_G>255</tyreSmoke_G>
			<tyreSmoke_B>255</tyreSmoke_B>
			<LrInterior>8</LrInterior>
			<LrDashboard>156</LrDashboard>
		</Colours>
		<Livery>-1</Livery>
		<NumberPlateText>SNOWBAE </NumberPlateText>
		<NumberPlateIndex>5</NumberPlateIndex>
		<WheelType>3</WheelType>
		<WheelsInvisible>false</WheelsInvisible>
		<EngineSoundName>RUBBLE</EngineSoundName>
		<WindowTint>-1</WindowTint>
		<BulletProofTyres>true</BulletProofTyres>
		<DirtLevel>0.0167498589</DirtLevel>
		<PaintFade>0.298039228</PaintFade>
		<RoofState>0</RoofState>
		<SirenActive>false</SirenActive>
		<EngineOn>true</EngineOn>
		<EngineHealth>2000</EngineHealth>
		<LightsOn>false</LightsOn>
		<IsRadioLoud>0</IsRadioLoud>
		<LockStatus>1</LockStatus>
		<Neons>
			<Left>false</Left>
			<Right>false</Right>
			<Front>false</Front>
			<Back>false</Back>
			<R>255</R>
			<G>0</G>
			<B>255</B>
		</Neons>
		<ModExtras>
			<_1>false</_1>
		</ModExtras>
		<Mods>
			<_0>-1,0</_0>
			<_1>-1,0</_1>
			<_2>-1,0</_2>
			<_3>-1,0</_3>
			<_4>-1,0</_4>
			<_5>-1,0</_5>
			<_6>-1,0</_6>
			<_7>-1,0</_7>
			<_8>-1,0</_8>
			<_9>-1,0</_9>
			<_10>-1,0</_10>
			<_11>3,0</_11>
			<_12>2,0</_12>
			<_13>2,0</_13>
			<_14>0,0</_14>
			<_15>3,0</_15>
			<_16>4,0</_16>
			<_17>false</_17>
			<_18>true</_18>
			<_19>false</_19>
			<_20>false</_20>
			<_21>false</_21>
			<_22>true</_22>
			<_23>-1,0</_23>
			<_24>-1,0</_24>
			<_25>-1,0</_25>
			<_26>-1,0</_26>
			<_27>-1,0</_27>
			<_28>-1,0</_28>
			<_29>-1,0</_29>
			<_30>-1,0</_30>
			<_31>-1,0</_31>
			<_32>-1,0</_32>
			<_33>-1,0</_33>
			<_34>-1,0</_34>
			<_35>-1,0</_35>
			<_36>-1,0</_36>
			<_37>-1,0</_37>
			<_38>-1,0</_38>
			<_39>-1,0</_39>
			<_40>-1,0</_40>
			<_41>-1,0</_41>
			<_42>-1,0</_42>
			<_43>-1,0</_43>
			<_44>-1,0</_44>
			<_45>-1,0</_45>
			<_46>-1,0</_46>
			<_47>-1,0</_47>
			<_48>-1,0</_48>
		</Mods>
		<DoorsOpen>
			<BackLeftDoor>false</BackLeftDoor>
			<BackRightDoor>false</BackRightDoor>
			<FrontLeftDoor>false</FrontLeftDoor>
			<FrontRightDoor>false</FrontRightDoor>
			<Hood>false</Hood>
			<Trunk>false</Trunk>
			<Trunk2>false</Trunk2>
		</DoorsOpen>
		<DoorsBroken>
			<BackLeftDoor>false</BackLeftDoor>
			<BackRightDoor>false</BackRightDoor>
			<FrontLeftDoor>false</FrontLeftDoor>
			<FrontRightDoor>false</FrontRightDoor>
			<Hood>false</Hood>
			<Trunk>false</Trunk>
			<Trunk2>false</Trunk2>
		</DoorsBroken>
		<TyresBursted>
			<FrontLeft>false</FrontLeft>
			<FrontRight>false</FrontRight>
			<_2>false</_2>
			<_3>false</_3>
			<BackLeft>false</BackLeft>
			<BackRight>false</BackRight>
			<_6>false</_6>
			<_7>false</_7>
			<_8>false</_8>
		</TyresBursted>
		<RpmMultiplier>1</RpmMultiplier>
		<TorqueMultiplier>1</TorqueMultiplier>
		<HeadlightIntensity>1</HeadlightIntensity>
	</VehicleProperties>
	<OpacityLevel>255</OpacityLevel>
	<LodDistance>500</LodDistance>
	<IsVisible>true</IsVisible>
	<IsDriverVisible>true</IsDriverVisible>
	<MaxHealth>1000</MaxHealth>
	<Health>1000</Health>
	<HasGravity>true</HasGravity>
	<IsOnFire>false</IsOnFire>
	<IsInvincible>true</IsInvincible>
	<IsBulletProof>true</IsBulletProof>
	<IsExplosionProof>true</IsExplosionProof>
	<IsFireProof>false</IsFireProof>
	<IsMeleeProof>true</IsMeleeProof>
	<IsOnlyDamagedByPlayer>false</IsOnlyDamagedByPlayer>
	<SpoonerAttachments SetAttachmentsPersistentAndAddToSpoonerDatabase="false" StartTaskSequencesOnLoad="true">
		<Attachment>
			<ModelHash>0xcab94be5</ModelHash>
			<Type>3</Type>
			<Dynamic>false</Dynamic>
			<FrozenPos>true</FrozenPos>
			<HashName>hei_prop_cc_metalcover_01</HashName>
			<InitialHandle>474628</InitialHandle>
			<ObjectProperties>
				<TextureVariation>0</TextureVariation>
			</ObjectProperties>
			<OpacityLevel>255</OpacityLevel>
			<LodDistance>16960</LodDistance>
			<IsVisible>true</IsVisible>
			<MaxHealth>1000</MaxHealth>
			<Health>1000</Health>
			<HasGravity>true</HasGravity>
			<IsOnFire>false</IsOnFire>
			<IsInvincible>false</IsInvincible>
			<IsBulletProof>false</IsBulletProof>
			<IsCollisionProof>false</IsCollisionProof>
			<IsExplosionProof>false</IsExplosionProof>
			<IsFireProof>false</IsFireProof>
			<IsMeleeProof>false</IsMeleeProof>
			<IsOnlyDamagedByPlayer>false</IsOnlyDamagedByPlayer>
			<PositionRotation>
				<X>3167.17017</X>
				<Y>-4832.7041</Y>
				<Z>111.312172</Z>
				<Pitch>-0.69935143</Pitch>
				<Roll>-38.0172348</Roll>
				<Yaw>3.71263671</Yaw>
			</PositionRotation>
			<Attachment isAttached="true">
				<AttachedTo>189700</AttachedTo>
				<BoneIndex>0</BoneIndex>
				<X>0.789588511</X>
				<Y>3.38934207</Y>
				<Z>-0.724080741</Z>
				<Pitch>-0.691398859</Pitch>
				<Roll>-37.6934242</Roll>
				<Yaw>-256.641388</Yaw>
			</Attachment>
		</Attachment>
		<Attachment>
			<ModelHash>0xcab94be5</ModelHash>
			<Type>3</Type>
			<Dynamic>false</Dynamic>
			<FrozenPos>true</FrozenPos>
			<HashName>hei_prop_cc_metalcover_01</HashName>
			<InitialHandle>289542</InitialHandle>
			<ObjectProperties>
				<TextureVariation>0</TextureVariation>
			</ObjectProperties>
			<OpacityLevel>255</OpacityLevel>
			<LodDistance>16960</LodDistance>
			<IsVisible>true</IsVisible>
			<MaxHealth>1000</MaxHealth>
			<Health>1000</Health>
			<HasGravity>true</HasGravity>
			<IsOnFire>false</IsOnFire>
			<IsInvincible>false</IsInvincible>
			<IsBulletProof>false</IsBulletProof>
			<IsCollisionProof>false</IsCollisionProof>
			<IsExplosionProof>false</IsExplosionProof>
			<IsFireProof>false</IsFireProof>
			<IsMeleeProof>false</IsMeleeProof>
			<IsOnlyDamagedByPlayer>false</IsOnlyDamagedByPlayer>
			<PositionRotation>
				<X>3167.42163</X>
				<Y>-4831.15527</Y>
				<Z>111.324547</Z>
				<Pitch>-0.687499762</Pitch>
				<Roll>-39.0774002</Roll>
				<Yaw>-20.9759731</Yaw>
			</PositionRotation>
			<Attachment isAttached="true">
				<AttachedTo>189700</AttachedTo>
				<BoneIndex>0</BoneIndex>
				<X>-0.779107332</X>
				<Y>3.37781954</Y>
				<Z>-0.713478088</Z>
				<Pitch>-0.815527797</Pitch>
				<Roll>-38.7798653</Roll>
				<Yaw>78.6699905</Yaw>
			</Attachment>
		</Attachment>
		<Attachment>
			<ModelHash>0xcab94be5</ModelHash>
			<Type>3</Type>
			<Dynamic>false</Dynamic>
			<FrozenPos>true</FrozenPos>
			<HashName>hei_prop_cc_metalcover_01</HashName>
			<InitialHandle>463878</InitialHandle>
			<ObjectProperties>
				<TextureVariation>0</TextureVariation>
			</ObjectProperties>
			<OpacityLevel>255</OpacityLevel>
			<LodDistance>16960</LodDistance>
			<IsVisible>true</IsVisible>
			<MaxHealth>1000</MaxHealth>
			<Health>1000</Health>
			<HasGravity>true</HasGravity>
			<IsOnFire>false</IsOnFire>
			<IsInvincible>false</IsInvincible>
			<IsBulletProof>false</IsBulletProof>
			<IsCollisionProof>false</IsCollisionProof>
			<IsExplosionProof>false</IsExplosionProof>
			<IsFireProof>false</IsFireProof>
			<IsMeleeProof>false</IsMeleeProof>
			<IsOnlyDamagedByPlayer>false</IsOnlyDamagedByPlayer>
			<PositionRotation>
				<X>3167.22729</X>
				<Y>-4831.79248</Y>
				<Z>111.328972</Z>
				<Pitch>-0.735654175</Pitch>
				<Roll>-39.0937767</Roll>
				<Yaw>-11.9688511</Yaw>
			</PositionRotation>
			<Attachment isAttached="true">
				<AttachedTo>189700</AttachedTo>
				<BoneIndex>0</BoneIndex>
				<X>-0.11858774</X>
				<Y>3.29298759</Y>
				<Z>-0.707816243</Z>
				<Pitch>-0.815521002</Pitch>
				<Roll>-38.7798653</Roll>
				<Yaw>87.6774521</Yaw>
			</Attachment>
		</Attachment>
		<Attachment>
			<ModelHash>0x7fd34040</ModelHash>
			<Type>3</Type>
			<Dynamic>false</Dynamic>
			<FrozenPos>true</FrozenPos>
			<HashName>prop_tool_shovel2</HashName>
			<InitialHandle>534025</InitialHandle>
			<ObjectProperties>
				<TextureVariation>0</TextureVariation>
			</ObjectProperties>
			<OpacityLevel>255</OpacityLevel>
			<LodDistance>16960</LodDistance>
			<IsVisible>true</IsVisible>
			<MaxHealth>1000</MaxHealth>
			<Health>1000</Health>
			<HasGravity>true</HasGravity>
			<IsOnFire>false</IsOnFire>
			<IsInvincible>false</IsInvincible>
			<IsBulletProof>false</IsBulletProof>
			<IsCollisionProof>false</IsCollisionProof>
			<IsExplosionProof>false</IsExplosionProof>
			<IsFireProof>false</IsFireProof>
			<IsMeleeProof>false</IsMeleeProof>
			<IsOnlyDamagedByPlayer>false</IsOnlyDamagedByPlayer>
			<PositionRotation>
				<X>3163.19702</X>
				<Y>-4830.18994</Y>
				<Z>111.61554</Z>
				<Pitch>-5.47759914</Pitch>
				<Roll>-2.11765981</Roll>
				<Yaw>166.609879</Yaw>
			</PositionRotation>
			<Attachment isAttached="true">
				<AttachedTo>189700</AttachedTo>
				<BoneIndex>0</BoneIndex>
				<X>-1.02355444</X>
				<Y>-0.947160363</Y>
				<Z>-0.398854196</Z>
				<Pitch>-5.38988733</Pitch>
				<Roll>-2.43084335</Roll>
				<Yaw>266.22229</Yaw>
			</Attachment>
		</Attachment>
		<Attachment>
			<ModelHash>0x0a8c5f36</ModelHash>
			<Type>3</Type>
			<Dynamic>false</Dynamic>
			<FrozenPos>true</FrozenPos>
			<HashName>prop_snow_flower_01</HashName>
			<InitialHandle>524042</InitialHandle>
			<ObjectProperties>
				<TextureVariation>0</TextureVariation>
			</ObjectProperties>
			<OpacityLevel>255</OpacityLevel>
			<LodDistance>16960</LodDistance>
			<IsVisible>true</IsVisible>
			<MaxHealth>1000</MaxHealth>
			<Health>1000</Health>
			<HasGravity>true</HasGravity>
			<IsOnFire>false</IsOnFire>
			<IsInvincible>false</IsInvincible>
			<IsBulletProof>false</IsBulletProof>
			<IsCollisionProof>false</IsCollisionProof>
			<IsExplosionProof>false</IsExplosionProof>
			<IsFireProof>false</IsFireProof>
			<IsMeleeProof>false</IsMeleeProof>
			<IsOnlyDamagedByPlayer>false</IsOnlyDamagedByPlayer>
			<PositionRotation>
				<X>3162.47437</X>
				<Y>-4830.75244</Y>
				<Z>111.750832</Z>
				<Pitch>-4.59237194</Pitch>
				<Roll>-0.763637125</Roll>
				<Yaw>170.872101</Yaw>
			</PositionRotation>
			<Attachment isAttached="true">
				<AttachedTo>189700</AttachedTo>
				<BoneIndex>0</BoneIndex>
				<X>-0.348089248</X>
				<Y>-1.56446624</Y>
				<Z>-0.259355336</Z>
				<Pitch>-4.52808619</Pitch>
				<Roll>-1.0820806</Roll>
				<Yaw>270.488861</Yaw>
			</Attachment>
		</Attachment>
		<Attachment>
			<ModelHash>0x9c0c8234</ModelHash>
			<Type>3</Type>
			<Dynamic>false</Dynamic>
			<FrozenPos>true</FrozenPos>
			<HashName>prop_snow_flower_02</HashName>
			<InitialHandle>555274</InitialHandle>
			<ObjectProperties>
				<TextureVariation>0</TextureVariation>
			</ObjectProperties>
			<OpacityLevel>255</OpacityLevel>
			<LodDistance>16960</LodDistance>
			<IsVisible>true</IsVisible>
			<MaxHealth>1000</MaxHealth>
			<Health>1000</Health>
			<HasGravity>true</HasGravity>
			<IsOnFire>false</IsOnFire>
			<IsInvincible>false</IsInvincible>
			<IsBulletProof>false</IsBulletProof>
			<IsCollisionProof>false</IsCollisionProof>
			<IsExplosionProof>false</IsExplosionProof>
			<IsFireProof>false</IsFireProof>
			<IsMeleeProof>false</IsMeleeProof>
			<IsOnlyDamagedByPlayer>false</IsOnlyDamagedByPlayer>
			<PositionRotation>
				<X>3162.09082</X>
				<Y>-4830.58936</Y>
				<Z>111.834534</Z>
				<Pitch>-4.84635973</Pitch>
				<Roll>-1.1422863</Roll>
				<Yaw>81.6290131</Yaw>
			</PositionRotation>
			<Attachment isAttached="true">
				<AttachedTo>189700</AttachedTo>
				<BoneIndex>0</BoneIndex>
				<X>-0.44485113</X>
				<Y>-1.96944284</Y>
				<Z>-0.173524752</Z>
				<Pitch>-4.52808619</Pitch>
				<Roll>-1.0820806</Roll>
				<Yaw>181.276001</Yaw>
			</Attachment>
		</Attachment>
		<Attachment>
			<ModelHash>0x9c0c8234</ModelHash>
			<Type>3</Type>
			<Dynamic>false</Dynamic>
			<FrozenPos>true</FrozenPos>
			<HashName>prop_snow_flower_02</HashName>
			<InitialHandle>689674</InitialHandle>
			<ObjectProperties>
				<TextureVariation>0</TextureVariation>
			</ObjectProperties>
			<OpacityLevel>255</OpacityLevel>
			<LodDistance>16960</LodDistance>
			<IsVisible>true</IsVisible>
			<MaxHealth>1000</MaxHealth>
			<Health>1000</Health>
			<HasGravity>true</HasGravity>
			<IsOnFire>false</IsOnFire>
			<IsInvincible>false</IsInvincible>
			<IsBulletProof>false</IsBulletProof>
			<IsCollisionProof>false</IsCollisionProof>
			<IsExplosionProof>false</IsExplosionProof>
			<IsFireProof>false</IsFireProof>
			<IsMeleeProof>false</IsMeleeProof>
			<IsOnlyDamagedByPlayer>false</IsOnlyDamagedByPlayer>
			<PositionRotation>
				<X>3162.07642</X>
				<Y>-4830.74805</Y>
				<Z>111.834389</Z>
				<Pitch>-4.84612846</Pitch>
				<Roll>-1.02065861</Roll>
				<Yaw>103.205696</Yaw>
			</PositionRotation>
			<Attachment isAttached="true">
				<AttachedTo>189700</AttachedTo>
				<BoneIndex>0</BoneIndex>
				<X>-0.28629443</X>
				<Y>-1.95711243</Y>
				<Z>-0.173550412</Z>
				<Pitch>-4.52808619</Pitch>
				<Roll>-1.0820806</Roll>
				<Yaw>202.842743</Yaw>
			</Attachment>
		</Attachment>
		<Attachment>
			<ModelHash>0xd1fbb176</ModelHash>
			<Type>3</Type>
			<Dynamic>false</Dynamic>
			<FrozenPos>true</FrozenPos>
			<HashName>prop_air_lights_02b</HashName>
			<InitialHandle>603148</InitialHandle>
			<ObjectProperties>
				<TextureVariation>0</TextureVariation>
			</ObjectProperties>
			<OpacityLevel>255</OpacityLevel>
			<LodDistance>16960</LodDistance>
			<IsVisible>true</IsVisible>
			<MaxHealth>1000</MaxHealth>
			<Health>1000</Health>
			<HasGravity>true</HasGravity>
			<IsOnFire>false</IsOnFire>
			<IsInvincible>false</IsInvincible>
			<IsBulletProof>false</IsBulletProof>
			<IsCollisionProof>false</IsCollisionProof>
			<IsExplosionProof>false</IsExplosionProof>
			<IsFireProof>false</IsFireProof>
			<IsMeleeProof>false</IsMeleeProof>
			<IsOnlyDamagedByPlayer>false</IsOnlyDamagedByPlayer>
			<PositionRotation>
				<X>3164.70386</X>
				<Y>-4831.99854</Y>
				<Z>112.602898</Z>
				<Pitch>-4.21817732</Pitch>
				<Roll>-0.987707734</Roll>
				<Yaw>-104.577896</Yaw>
			</PositionRotation>
			<Attachment isAttached="true">
				<AttachedTo>189700</AttachedTo>
				<BoneIndex>0</BoneIndex>
				<X>0.505580306</X>
				<Y>0.846688449</Y>
				<Z>0.580390275</Z>
				<Pitch>-4.52808619</Pitch>
				<Roll>-1.0820806</Roll>
				<Yaw>-4.94304657</Yaw>
			</Attachment>
		</Attachment>
		<Attachment>
			<ModelHash>0xd1fbb176</ModelHash>
			<Type>3</Type>
			<Dynamic>false</Dynamic>
			<FrozenPos>true</FrozenPos>
			<HashName>prop_air_lights_02b</HashName>
			<InitialHandle>676876</InitialHandle>
			<ObjectProperties>
				<TextureVariation>0</TextureVariation>
			</ObjectProperties>
			<OpacityLevel>255</OpacityLevel>
			<LodDistance>16960</LodDistance>
			<IsVisible>true</IsVisible>
			<MaxHealth>1000</MaxHealth>
			<Health>1000</Health>
			<HasGravity>true</HasGravity>
			<IsOnFire>false</IsOnFire>
			<IsInvincible>false</IsInvincible>
			<IsBulletProof>false</IsBulletProof>
			<IsCollisionProof>false</IsCollisionProof>
			<IsExplosionProof>false</IsExplosionProof>
			<IsFireProof>false</IsFireProof>
			<IsMeleeProof>false</IsMeleeProof>
			<IsOnlyDamagedByPlayer>false</IsOnlyDamagedByPlayer>
			<PositionRotation>
				<X>3164.91577</X>
				<Y>-4831.06787</Y>
				<Z>112.604424</Z>
				<Pitch>-4.21495724</Pitch>
				<Roll>-1.165079</Roll>
				<Yaw>-72.8904877</Yaw>
			</PositionRotation>
			<Attachment isAttached="true">
				<AttachedTo>189700</AttachedTo>
				<BoneIndex>0</BoneIndex>
				<X>-0.447014689</X>
				<Y>0.899972796</Y>
				<Z>0.58050853</Z>
				<Pitch>-4.52808619</Pitch>
				<Roll>-1.0820806</Roll>
				<Yaw>26.7578964</Yaw>
			</Attachment>
		</Attachment>
	</SpoonerAttachments>
</Vehicle>
