<?xml version="1.0" encoding="ISO-8859-1"?>
<Vehicle menyoo_ver="0.999869b">
	<ModelHash>0x0612f4b6</ModelHash>
	<InitialHandle>251394</InitialHandle>
	<VehicleProperties>
		<Colours>
			<Primary>0</Primary>
			<Secondary>0</Secondary>
			<Pearl>10</Pearl>
			<Rim>0</Rim>
			<Mod1_a>6</Mod1_a>
			<Mod1_b>-1</Mod1_b>
			<Mod1_c>-1</Mod1_c>
			<Mod2_a>6</Mod2_a>
			<Mod2_b>-1</Mod2_b>
			<IsPrimaryColourCustom>false</IsPrimaryColourCustom>
			<IsSecondaryColourCustom>false</IsSecondaryColourCustom>
			<tyreSmoke_R>255</tyreSmoke_R>
			<tyreSmoke_G>255</tyreSmoke_G>
			<tyreSmoke_B>255</tyreSmoke_B>
			<LrInterior>0</LrInterior>
			<LrDashboard>134</LrDashboard>
		</Colours>
		<Livery>-1</Livery>
		<NumberPlateText>46EEK572</NumberPlateText>
		<NumberPlateIndex>0</NumberPlateIndex>
		<WheelType>4</WheelType>
		<WheelsInvisible>false</WheelsInvisible>
		<EngineSoundName>VOLTIC</EngineSoundName>
		<WindowTint>1</WindowTint>
		<BulletProofTyres>true</BulletProofTyres>
		<DirtLevel>0.0207167603</DirtLevel>
		<PaintFade>0.235294133</PaintFade>
		<RoofState>0</RoofState>
		<SirenActive>false</SirenActive>
		<EngineOn>true</EngineOn>
		<EngineHealth>1000</EngineHealth>
		<LightsOn>true</LightsOn>
		<IsRadioLoud>0</IsRadioLoud>
		<Neons>
			<Left>false</Left>
			<Right>false</Right>
			<Front>false</Front>
			<Back>false</Back>
			<R>255</R>
			<G>0</G>
			<B>255</B>
		</Neons>
		<ModExtras>
			<_1>true</_1>
			<_2>true</_2>
			<_3>true</_3>
			<_4>true</_4>
			<_5>true</_5>
		</ModExtras>
		<Mods>
			<_0>-1,0</_0>
			<_1>-1,0</_1>
			<_2>-1,0</_2>
			<_3>-1,0</_3>
			<_4>-1,0</_4>
			<_5>-1,0</_5>
			<_6>-1,0</_6>
			<_7>-1,0</_7>
			<_8>-1,0</_8>
			<_9>-1,0</_9>
			<_10>-1,0</_10>
			<_11>3,0</_11>
			<_12>2,0</_12>
			<_13>2,0</_13>
			<_14>44,0</_14>
			<_15>4,0</_15>
			<_16>4,0</_16>
			<_17>false</_17>
			<_18>true</_18>
			<_19>false</_19>
			<_20>true</_20>
			<_21>false</_21>
			<_22>true</_22>
			<_23>-1,0</_23>
			<_24>-1,0</_24>
			<_25>-1,0</_25>
			<_26>-1,0</_26>
			<_27>-1,0</_27>
			<_28>-1,0</_28>
			<_29>-1,0</_29>
			<_30>-1,0</_30>
			<_31>-1,0</_31>
			<_32>-1,0</_32>
			<_33>-1,0</_33>
			<_34>-1,0</_34>
			<_35>-1,0</_35>
			<_36>-1,0</_36>
			<_37>-1,0</_37>
			<_38>-1,0</_38>
			<_39>-1,0</_39>
			<_40>-1,0</_40>
			<_41>-1,0</_41>
			<_42>-1,0</_42>
			<_43>-1,0</_43>
			<_44>-1,0</_44>
			<_45>-1,0</_45>
			<_46>-1,0</_46>
			<_47>-1,0</_47>
			<_48>-1,0</_48>
		</Mods>
		<DoorsOpen>
			<BackLeftDoor>false</BackLeftDoor>
			<BackRightDoor>false</BackRightDoor>
			<FrontLeftDoor>false</FrontLeftDoor>
			<FrontRightDoor>false</FrontRightDoor>
			<Hood>false</Hood>
			<Trunk>false</Trunk>
			<Trunk2>false</Trunk2>
		</DoorsOpen>
		<DoorsBroken>
			<BackLeftDoor>false</BackLeftDoor>
			<BackRightDoor>false</BackRightDoor>
			<FrontLeftDoor>false</FrontLeftDoor>
			<FrontRightDoor>false</FrontRightDoor>
			<Hood>false</Hood>
			<Trunk>false</Trunk>
			<Trunk2>false</Trunk2>
		</DoorsBroken>
		<TyresBursted>
			<FrontLeft>false</FrontLeft>
			<FrontRight>false</FrontRight>
			<_2>false</_2>
			<_3>false</_3>
			<BackLeft>false</BackLeft>
			<BackRight>false</BackRight>
			<_6>false</_6>
			<_7>false</_7>
			<_8>false</_8>
		</TyresBursted>
		<RpmMultiplier>2.49999976</RpmMultiplier>
		<TorqueMultiplier>2.49999976</TorqueMultiplier>
		<HeadlightIntensity>1</HeadlightIntensity>
	</VehicleProperties>
	<OpacityLevel>255</OpacityLevel>
	<LodDistance>500</LodDistance>
	<IsVisible>true</IsVisible>
	<IsDriverVisible>true</IsDriverVisible>
	<MaxHealth>1000</MaxHealth>
	<Health>1000</Health>
	<HasGravity>true</HasGravity>
	<IsOnFire>false</IsOnFire>
	<IsInvincible>true</IsInvincible>
	<IsBulletProof>true</IsBulletProof>
	<IsExplosionProof>true</IsExplosionProof>
	<IsFireProof>false</IsFireProof>
	<IsMeleeProof>true</IsMeleeProof>
	<IsOnlyDamagedByPlayer>false</IsOnlyDamagedByPlayer>
	<SpoonerAttachments SetAttachmentsPersistentAndAddToSpoonerDatabase="true" StartTaskSequencesOnLoad="true">
		<Attachment>
			<ModelHash>0x05283265</ModelHash>
			<Type>2</Type>
			<Dynamic>true</Dynamic>
			<FrozenPos>false</FrozenPos>
			<HashName>BF400</HashName>
			<InitialHandle>251650</InitialHandle>
			<VehicleProperties>
				<Colours>
					<Primary>12</Primary>
					<Secondary>0</Secondary>
					<Pearl>2</Pearl>
					<Rim>7</Rim>
					<Mod1_a>6</Mod1_a>
					<Mod1_b>-1</Mod1_b>
					<Mod1_c>-1</Mod1_c>
					<Mod2_a>6</Mod2_a>
					<Mod2_b>-1</Mod2_b>
					<IsPrimaryColourCustom>false</IsPrimaryColourCustom>
					<IsSecondaryColourCustom>false</IsSecondaryColourCustom>
					<tyreSmoke_R>255</tyreSmoke_R>
					<tyreSmoke_G>255</tyreSmoke_G>
					<tyreSmoke_B>255</tyreSmoke_B>
					<LrInterior>8</LrInterior>
					<LrDashboard>156</LrDashboard>
				</Colours>
				<Livery>-1</Livery>
				<NumberPlateText>89OEX196</NumberPlateText>
				<NumberPlateIndex>0</NumberPlateIndex>
				<WheelType>6</WheelType>
				<WheelsInvisible>false</WheelsInvisible>
				<EngineSoundName></EngineSoundName>
				<WindowTint>-1</WindowTint>
				<BulletProofTyres>false</BulletProofTyres>
				<DirtLevel>0</DirtLevel>
				<PaintFade>0.298039228</PaintFade>
				<RoofState>0</RoofState>
				<SirenActive>false</SirenActive>
				<EngineOn>false</EngineOn>
				<EngineHealth>1000</EngineHealth>
				<LightsOn>false</LightsOn>
				<IsRadioLoud>0</IsRadioLoud>
				<Neons>
					<Left>false</Left>
					<Right>false</Right>
					<Front>false</Front>
					<Back>false</Back>
					<R>255</R>
					<G>0</G>
					<B>255</B>
				</Neons>
				<DoorsOpen>
					<BackLeftDoor>false</BackLeftDoor>
					<BackRightDoor>false</BackRightDoor>
					<FrontLeftDoor>false</FrontLeftDoor>
					<FrontRightDoor>false</FrontRightDoor>
					<Hood>false</Hood>
					<Trunk>false</Trunk>
					<Trunk2>false</Trunk2>
				</DoorsOpen>
				<DoorsBroken>
					<BackLeftDoor>false</BackLeftDoor>
					<BackRightDoor>false</BackRightDoor>
					<FrontLeftDoor>false</FrontLeftDoor>
					<FrontRightDoor>false</FrontRightDoor>
					<Hood>false</Hood>
					<Trunk>false</Trunk>
					<Trunk2>false</Trunk2>
				</DoorsBroken>
				<TyresBursted>
					<FrontLeft>false</FrontLeft>
					<FrontRight>false</FrontRight>
					<_2>false</_2>
					<_3>false</_3>
					<BackLeft>false</BackLeft>
					<BackRight>false</BackRight>
					<_6>false</_6>
					<_7>false</_7>
					<_8>false</_8>
				</TyresBursted>
				<ModExtras />
				<Mods>
					<_0>-1,0</_0>
					<_1>-1,0</_1>
					<_2>-1,0</_2>
					<_3>-1,0</_3>
					<_4>-1,0</_4>
					<_5>-1,0</_5>
					<_6>-1,0</_6>
					<_7>-1,0</_7>
					<_8>-1,0</_8>
					<_9>-1,0</_9>
					<_10>-1,0</_10>
					<_11>-1,0</_11>
					<_12>-1,0</_12>
					<_13>-1,0</_13>
					<_14>-1,0</_14>
					<_15>-1,0</_15>
					<_16>-1,0</_16>
					<_17>false</_17>
					<_18>false</_18>
					<_19>false</_19>
					<_20>false</_20>
					<_21>false</_21>
					<_22>false</_22>
					<_23>-1,0</_23>
					<_24>-1,0</_24>
					<_25>-1,0</_25>
					<_26>-1,0</_26>
					<_27>-1,0</_27>
					<_28>-1,0</_28>
					<_29>-1,0</_29>
					<_30>-1,0</_30>
					<_31>-1,0</_31>
					<_32>-1,0</_32>
					<_33>-1,0</_33>
					<_34>-1,0</_34>
					<_35>-1,0</_35>
					<_36>-1,0</_36>
					<_37>-1,0</_37>
					<_38>-1,0</_38>
					<_39>-1,0</_39>
					<_40>-1,0</_40>
					<_41>-1,0</_41>
					<_42>-1,0</_42>
					<_43>-1,0</_43>
					<_44>-1,0</_44>
					<_45>-1,0</_45>
					<_46>-1,0</_46>
					<_47>-1,0</_47>
					<_48>-1,0</_48>
				</Mods>
			</VehicleProperties>
			<OpacityLevel>255</OpacityLevel>
			<LodDistance>16960</LodDistance>
			<IsVisible>true</IsVisible>
			<MaxHealth>1000</MaxHealth>
			<Health>1000</Health>
			<HasGravity>true</HasGravity>
			<IsOnFire>false</IsOnFire>
			<IsInvincible>true</IsInvincible>
			<IsBulletProof>false</IsBulletProof>
			<IsCollisionProof>false</IsCollisionProof>
			<IsExplosionProof>true</IsExplosionProof>
			<IsFireProof>true</IsFireProof>
			<IsMeleeProof>true</IsMeleeProof>
			<IsOnlyDamagedByPlayer>false</IsOnlyDamagedByPlayer>
			<PositionRotation>
				<X>72.5321426</X>
				<Y>611.777283</Y>
				<Z>197.659851</Z>
				<Pitch>2.62125945</Pitch>
				<Roll>92.1581726</Roll>
				<Yaw>-109.335289</Yaw>
			</PositionRotation>
			<Attachment isAttached="true">
				<AttachedTo>251394</AttachedTo>
				<BoneIndex>24</BoneIndex>
				<X>0</X>
				<Y>-1.50000012</Y>
				<Z>0.800000072</Z>
				<Pitch>360</Pitch>
				<Roll>80</Roll>
				<Yaw>90</Yaw>
			</Attachment>
		</Attachment>
		<Attachment>
			<ModelHash>0x36dac2c6</ModelHash>
			<Type>3</Type>
			<Dynamic>false</Dynamic>
			<FrozenPos>true</FrozenPos>
			<HashName>prop_gascyl_ramp_door_01</HashName>
			<InitialHandle>251906</InitialHandle>
			<ObjectProperties>
				<TextureVariation>0</TextureVariation>
			</ObjectProperties>
			<OpacityLevel>255</OpacityLevel>
			<LodDistance>16960</LodDistance>
			<IsVisible>true</IsVisible>
			<MaxHealth>1000</MaxHealth>
			<Health>1000</Health>
			<HasGravity>true</HasGravity>
			<IsOnFire>false</IsOnFire>
			<IsInvincible>true</IsInvincible>
			<IsBulletProof>false</IsBulletProof>
			<IsCollisionProof>false</IsCollisionProof>
			<IsExplosionProof>true</IsExplosionProof>
			<IsFireProof>false</IsFireProof>
			<IsMeleeProof>true</IsMeleeProof>
			<IsOnlyDamagedByPlayer>false</IsOnlyDamagedByPlayer>
			<PositionRotation>
				<X>72.907959</X>
				<Y>610.433655</Y>
				<Z>197.303741</Z>
				<Pitch>22.1463757</Pitch>
				<Roll>13.1293058</Roll>
				<Yaw>-113.795761</Yaw>
			</PositionRotation>
			<Attachment isAttached="true">
				<AttachedTo>251394</AttachedTo>
				<BoneIndex>34</BoneIndex>
				<X>0.049999997</X>
				<Y>-0.900000095</Y>
				<Z>0.299999982</Z>
				<Pitch>19.9999981</Pitch>
				<Roll>0</Roll>
				<Yaw>450</Yaw>
			</Attachment>
		</Attachment>
		<Attachment>
			<ModelHash>0x36dac2c6</ModelHash>
			<Type>3</Type>
			<Dynamic>false</Dynamic>
			<FrozenPos>true</FrozenPos>
			<HashName>prop_gascyl_ramp_door_01</HashName>
			<InitialHandle>252162</InitialHandle>
			<ObjectProperties>
				<TextureVariation>0</TextureVariation>
			</ObjectProperties>
			<OpacityLevel>255</OpacityLevel>
			<LodDistance>16960</LodDistance>
			<IsVisible>true</IsVisible>
			<MaxHealth>1000</MaxHealth>
			<Health>1000</Health>
			<HasGravity>true</HasGravity>
			<IsOnFire>false</IsOnFire>
			<IsInvincible>true</IsInvincible>
			<IsBulletProof>false</IsBulletProof>
			<IsCollisionProof>false</IsCollisionProof>
			<IsExplosionProof>true</IsExplosionProof>
			<IsFireProof>false</IsFireProof>
			<IsMeleeProof>true</IsMeleeProof>
			<IsOnlyDamagedByPlayer>false</IsOnlyDamagedByPlayer>
			<PositionRotation>
				<X>71.379837</X>
				<Y>609.613953</Y>
				<Z>197.017929</Z>
				<Pitch>27.8101444</Pitch>
				<Roll>2.96384406</Roll>
				<Yaw>159.280991</Yaw>
			</PositionRotation>
			<Attachment isAttached="true">
				<AttachedTo>251394</AttachedTo>
				<BoneIndex>0</BoneIndex>
				<X>0.399999976</X>
				<Y>1</Y>
				<Z>0.699999928</Z>
				<Pitch>39.9999962</Pitch>
				<Roll>360</Roll>
				<Yaw>360</Yaw>
			</Attachment>
		</Attachment>
		<Attachment>
			<ModelHash>0x36dac2c6</ModelHash>
			<Type>3</Type>
			<Dynamic>false</Dynamic>
			<FrozenPos>true</FrozenPos>
			<HashName>prop_gascyl_ramp_door_01</HashName>
			<InitialHandle>253186</InitialHandle>
			<ObjectProperties>
				<TextureVariation>0</TextureVariation>
			</ObjectProperties>
			<OpacityLevel>255</OpacityLevel>
			<LodDistance>16960</LodDistance>
			<IsVisible>true</IsVisible>
			<MaxHealth>1000</MaxHealth>
			<Health>1000</Health>
			<HasGravity>true</HasGravity>
			<IsOnFire>false</IsOnFire>
			<IsInvincible>true</IsInvincible>
			<IsBulletProof>false</IsBulletProof>
			<IsCollisionProof>false</IsCollisionProof>
			<IsExplosionProof>true</IsExplosionProof>
			<IsFireProof>false</IsFireProof>
			<IsMeleeProof>true</IsMeleeProof>
			<IsOnlyDamagedByPlayer>false</IsOnlyDamagedByPlayer>
			<PositionRotation>
				<X>71.4124756</X>
				<Y>609.728882</Y>
				<Z>197.176437</Z>
				<Pitch>27.8101444</Pitch>
				<Roll>2.96384406</Roll>
				<Yaw>159.280991</Yaw>
			</PositionRotation>
			<Attachment isAttached="true">
				<AttachedTo>251394</AttachedTo>
				<BoneIndex>0</BoneIndex>
				<X>0.399999976</X>
				<Y>0.849999905</Y>
				<Z>0.830000043</Z>
				<Pitch>39.9999962</Pitch>
				<Roll>360</Roll>
				<Yaw>360</Yaw>
			</Attachment>
		</Attachment>
		<Attachment>
			<ModelHash>0x36dac2c6</ModelHash>
			<Type>3</Type>
			<Dynamic>false</Dynamic>
			<FrozenPos>true</FrozenPos>
			<HashName>prop_gascyl_ramp_door_01</HashName>
			<InitialHandle>253442</InitialHandle>
			<ObjectProperties>
				<TextureVariation>0</TextureVariation>
			</ObjectProperties>
			<OpacityLevel>255</OpacityLevel>
			<LodDistance>16960</LodDistance>
			<IsVisible>true</IsVisible>
			<MaxHealth>1000</MaxHealth>
			<Health>1000</Health>
			<HasGravity>true</HasGravity>
			<IsOnFire>false</IsOnFire>
			<IsInvincible>true</IsInvincible>
			<IsBulletProof>false</IsBulletProof>
			<IsCollisionProof>false</IsCollisionProof>
			<IsExplosionProof>true</IsExplosionProof>
			<IsFireProof>false</IsFireProof>
			<IsMeleeProof>true</IsMeleeProof>
			<IsOnlyDamagedByPlayer>false</IsOnlyDamagedByPlayer>
			<PositionRotation>
				<X>71.4482574</X>
				<Y>609.853088</Y>
				<Z>197.337051</Z>
				<Pitch>27.8101444</Pitch>
				<Roll>2.96384406</Roll>
				<Yaw>159.280991</Yaw>
			</PositionRotation>
			<Attachment isAttached="true">
				<AttachedTo>251394</AttachedTo>
				<BoneIndex>0</BoneIndex>
				<X>0.399999976</X>
				<Y>0.690000057</Y>
				<Z>0.959999919</Z>
				<Pitch>39.9999962</Pitch>
				<Roll>360</Roll>
				<Yaw>360</Yaw>
			</Attachment>
		</Attachment>
		<Attachment>
			<ModelHash>0x36dac2c6</ModelHash>
			<Type>3</Type>
			<Dynamic>false</Dynamic>
			<FrozenPos>true</FrozenPos>
			<HashName>prop_gascyl_ramp_door_01</HashName>
			<InitialHandle>253698</InitialHandle>
			<ObjectProperties>
				<TextureVariation>0</TextureVariation>
			</ObjectProperties>
			<OpacityLevel>255</OpacityLevel>
			<LodDistance>16960</LodDistance>
			<IsVisible>true</IsVisible>
			<MaxHealth>1000</MaxHealth>
			<Health>1000</Health>
			<HasGravity>true</HasGravity>
			<IsOnFire>false</IsOnFire>
			<IsInvincible>true</IsInvincible>
			<IsBulletProof>false</IsBulletProof>
			<IsCollisionProof>false</IsCollisionProof>
			<IsExplosionProof>true</IsExplosionProof>
			<IsFireProof>false</IsFireProof>
			<IsMeleeProof>true</IsMeleeProof>
			<IsOnlyDamagedByPlayer>false</IsOnlyDamagedByPlayer>
			<PositionRotation>
				<X>72.2023468</X>
				<Y>609.58844</Y>
				<Z>197.373642</Z>
				<Pitch>27.8101444</Pitch>
				<Roll>2.96384406</Roll>
				<Yaw>159.280991</Yaw>
			</PositionRotation>
			<Attachment isAttached="true">
				<AttachedTo>251394</AttachedTo>
				<BoneIndex>0</BoneIndex>
				<X>-0.399999976</X>
				<Y>0.690000057</Y>
				<Z>0.959999919</Z>
				<Pitch>39.9999962</Pitch>
				<Roll>360</Roll>
				<Yaw>360</Yaw>
			</Attachment>
		</Attachment>
		<Attachment>
			<ModelHash>0x36dac2c6</ModelHash>
			<Type>3</Type>
			<Dynamic>false</Dynamic>
			<FrozenPos>true</FrozenPos>
			<HashName>prop_gascyl_ramp_door_01</HashName>
			<InitialHandle>253954</InitialHandle>
			<ObjectProperties>
				<TextureVariation>0</TextureVariation>
			</ObjectProperties>
			<OpacityLevel>255</OpacityLevel>
			<LodDistance>16960</LodDistance>
			<IsVisible>true</IsVisible>
			<MaxHealth>1000</MaxHealth>
			<Health>1000</Health>
			<HasGravity>true</HasGravity>
			<IsOnFire>false</IsOnFire>
			<IsInvincible>true</IsInvincible>
			<IsBulletProof>false</IsBulletProof>
			<IsCollisionProof>false</IsCollisionProof>
			<IsExplosionProof>true</IsExplosionProof>
			<IsFireProof>false</IsFireProof>
			<IsMeleeProof>true</IsMeleeProof>
			<IsOnlyDamagedByPlayer>false</IsOnlyDamagedByPlayer>
			<PositionRotation>
				<X>72.1339264</X>
				<Y>609.349365</Y>
				<Z>197.05452</Z>
				<Pitch>27.8101444</Pitch>
				<Roll>2.96384406</Roll>
				<Yaw>159.280991</Yaw>
			</PositionRotation>
			<Attachment isAttached="true">
				<AttachedTo>251394</AttachedTo>
				<BoneIndex>0</BoneIndex>
				<X>-0.399999976</X>
				<Y>1</Y>
				<Z>0.699999928</Z>
				<Pitch>39.9999962</Pitch>
				<Roll>360</Roll>
				<Yaw>360</Yaw>
			</Attachment>
		</Attachment>
		<Attachment>
			<ModelHash>0x36dac2c6</ModelHash>
			<Type>3</Type>
			<Dynamic>false</Dynamic>
			<FrozenPos>true</FrozenPos>
			<HashName>prop_gascyl_ramp_door_01</HashName>
			<InitialHandle>254210</InitialHandle>
			<ObjectProperties>
				<TextureVariation>0</TextureVariation>
			</ObjectProperties>
			<OpacityLevel>255</OpacityLevel>
			<LodDistance>16960</LodDistance>
			<IsVisible>true</IsVisible>
			<MaxHealth>1000</MaxHealth>
			<Health>1000</Health>
			<HasGravity>true</HasGravity>
			<IsOnFire>false</IsOnFire>
			<IsInvincible>true</IsInvincible>
			<IsBulletProof>false</IsBulletProof>
			<IsCollisionProof>false</IsCollisionProof>
			<IsExplosionProof>true</IsExplosionProof>
			<IsFireProof>false</IsFireProof>
			<IsMeleeProof>true</IsMeleeProof>
			<IsOnlyDamagedByPlayer>false</IsOnlyDamagedByPlayer>
			<PositionRotation>
				<X>72.1665649</X>
				<Y>609.464294</Y>
				<Z>197.213028</Z>
				<Pitch>27.8101444</Pitch>
				<Roll>2.96384406</Roll>
				<Yaw>159.280991</Yaw>
			</PositionRotation>
			<Attachment isAttached="true">
				<AttachedTo>251394</AttachedTo>
				<BoneIndex>0</BoneIndex>
				<X>-0.399999976</X>
				<Y>0.849999905</Y>
				<Z>0.830000043</Z>
				<Pitch>39.9999962</Pitch>
				<Roll>360</Roll>
				<Yaw>360</Yaw>
			</Attachment>
		</Attachment>
		<Attachment>
			<ModelHash>0x36dac2c6</ModelHash>
			<Type>3</Type>
			<Dynamic>false</Dynamic>
			<FrozenPos>true</FrozenPos>
			<HashName>prop_gascyl_ramp_door_01</HashName>
			<InitialHandle>254466</InitialHandle>
			<ObjectProperties>
				<TextureVariation>0</TextureVariation>
			</ObjectProperties>
			<OpacityLevel>255</OpacityLevel>
			<LodDistance>16960</LodDistance>
			<IsVisible>true</IsVisible>
			<MaxHealth>1000</MaxHealth>
			<Health>1000</Health>
			<HasGravity>true</HasGravity>
			<IsOnFire>false</IsOnFire>
			<IsInvincible>true</IsInvincible>
			<IsBulletProof>false</IsBulletProof>
			<IsCollisionProof>false</IsCollisionProof>
			<IsExplosionProof>true</IsExplosionProof>
			<IsFireProof>false</IsFireProof>
			<IsMeleeProof>true</IsMeleeProof>
			<IsOnlyDamagedByPlayer>false</IsOnlyDamagedByPlayer>
			<PositionRotation>
				<X>71.4801102</X>
				<Y>610.934631</Y>
				<Z>197.234467</Z>
				<Pitch>-26.6582031</Pitch>
				<Roll>13.6161509</Roll>
				<Yaw>-102.568344</Yaw>
			</PositionRotation>
			<Attachment isAttached="true">
				<AttachedTo>251394</AttachedTo>
				<BoneIndex>43</BoneIndex>
				<X>-0.099999994</X>
				<Y>-0.900000095</Y>
				<Z>0.299999982</Z>
				<Pitch>-30</Pitch>
				<Roll>0</Roll>
				<Yaw>450</Yaw>
			</Attachment>
		</Attachment>
		<Attachment>
			<ModelHash>0x36dac2c6</ModelHash>
			<Type>3</Type>
			<Dynamic>false</Dynamic>
			<FrozenPos>true</FrozenPos>
			<HashName>prop_gascyl_ramp_door_01</HashName>
			<InitialHandle>231940</InitialHandle>
			<ObjectProperties>
				<TextureVariation>0</TextureVariation>
			</ObjectProperties>
			<OpacityLevel>255</OpacityLevel>
			<LodDistance>16960</LodDistance>
			<IsVisible>true</IsVisible>
			<MaxHealth>1000</MaxHealth>
			<Health>1000</Health>
			<HasGravity>true</HasGravity>
			<IsOnFire>false</IsOnFire>
			<IsInvincible>true</IsInvincible>
			<IsBulletProof>false</IsBulletProof>
			<IsCollisionProof>false</IsCollisionProof>
			<IsExplosionProof>true</IsExplosionProof>
			<IsFireProof>false</IsFireProof>
			<IsMeleeProof>true</IsMeleeProof>
			<IsOnlyDamagedByPlayer>false</IsOnlyDamagedByPlayer>
			<PositionRotation>
				<X>71.259903</X>
				<Y>610.286682</Y>
				<Z>197.087189</Z>
				<Pitch>-26.6582031</Pitch>
				<Roll>13.6161509</Roll>
				<Yaw>-102.568344</Yaw>
			</PositionRotation>
			<Attachment isAttached="true">
				<AttachedTo>251394</AttachedTo>
				<BoneIndex>43</BoneIndex>
				<X>-0.099999994</X>
				<Y>-0.200000018</Y>
				<Z>0.299999982</Z>
				<Pitch>-30</Pitch>
				<Roll>0</Roll>
				<Yaw>450</Yaw>
			</Attachment>
		</Attachment>
		<Attachment>
			<ModelHash>0x36dac2c6</ModelHash>
			<Type>3</Type>
			<Dynamic>false</Dynamic>
			<FrozenPos>true</FrozenPos>
			<HashName>prop_gascyl_ramp_door_01</HashName>
			<InitialHandle>546820</InitialHandle>
			<ObjectProperties>
				<TextureVariation>0</TextureVariation>
			</ObjectProperties>
			<OpacityLevel>255</OpacityLevel>
			<LodDistance>16960</LodDistance>
			<IsVisible>true</IsVisible>
			<MaxHealth>1000</MaxHealth>
			<Health>1000</Health>
			<HasGravity>true</HasGravity>
			<IsOnFire>false</IsOnFire>
			<IsInvincible>true</IsInvincible>
			<IsBulletProof>false</IsBulletProof>
			<IsCollisionProof>false</IsCollisionProof>
			<IsExplosionProof>true</IsExplosionProof>
			<IsFireProof>false</IsFireProof>
			<IsMeleeProof>true</IsMeleeProof>
			<IsOnlyDamagedByPlayer>false</IsOnlyDamagedByPlayer>
			<PositionRotation>
				<X>71.3946915</X>
				<Y>610.401978</Y>
				<Z>197.329147</Z>
				<Pitch>-26.6582031</Pitch>
				<Roll>13.6161509</Roll>
				<Yaw>-102.568344</Yaw>
			</PositionRotation>
			<Attachment isAttached="true">
				<AttachedTo>251394</AttachedTo>
				<BoneIndex>43</BoneIndex>
				<X>-0.199999988</X>
				<Y>-0.400000006</Y>
				<Z>0.49999997</Z>
				<Pitch>-30</Pitch>
				<Roll>0</Roll>
				<Yaw>450</Yaw>
			</Attachment>
		</Attachment>
		<Attachment>
			<ModelHash>0x36dac2c6</ModelHash>
			<Type>3</Type>
			<Dynamic>false</Dynamic>
			<FrozenPos>true</FrozenPos>
			<HashName>prop_gascyl_ramp_door_01</HashName>
			<InitialHandle>175365</InitialHandle>
			<ObjectProperties>
				<TextureVariation>0</TextureVariation>
			</ObjectProperties>
			<OpacityLevel>255</OpacityLevel>
			<LodDistance>16960</LodDistance>
			<IsVisible>true</IsVisible>
			<MaxHealth>1000</MaxHealth>
			<Health>1000</Health>
			<HasGravity>true</HasGravity>
			<IsOnFire>false</IsOnFire>
			<IsInvincible>true</IsInvincible>
			<IsBulletProof>false</IsBulletProof>
			<IsCollisionProof>false</IsCollisionProof>
			<IsExplosionProof>true</IsExplosionProof>
			<IsFireProof>false</IsFireProof>
			<IsMeleeProof>true</IsMeleeProof>
			<IsOnlyDamagedByPlayer>false</IsOnlyDamagedByPlayer>
			<PositionRotation>
				<X>71.4890671</X>
				<Y>610.679626</Y>
				<Z>197.392273</Z>
				<Pitch>-26.6582031</Pitch>
				<Roll>13.6161509</Roll>
				<Yaw>-102.568344</Yaw>
			</PositionRotation>
			<Attachment isAttached="true">
				<AttachedTo>251394</AttachedTo>
				<BoneIndex>43</BoneIndex>
				<X>-0.199999988</X>
				<Y>-0.700000048</Y>
				<Z>0.49999997</Z>
				<Pitch>-30</Pitch>
				<Roll>0</Roll>
				<Yaw>450</Yaw>
			</Attachment>
		</Attachment>
		<Attachment>
			<ModelHash>0x36dac2c6</ModelHash>
			<Type>3</Type>
			<Dynamic>false</Dynamic>
			<FrozenPos>true</FrozenPos>
			<HashName>prop_gascyl_ramp_door_01</HashName>
			<InitialHandle>696070</InitialHandle>
			<ObjectProperties>
				<TextureVariation>0</TextureVariation>
			</ObjectProperties>
			<OpacityLevel>255</OpacityLevel>
			<LodDistance>16960</LodDistance>
			<IsVisible>true</IsVisible>
			<MaxHealth>1000</MaxHealth>
			<Health>1000</Health>
			<HasGravity>true</HasGravity>
			<IsOnFire>false</IsOnFire>
			<IsInvincible>true</IsInvincible>
			<IsBulletProof>false</IsBulletProof>
			<IsCollisionProof>false</IsCollisionProof>
			<IsExplosionProof>true</IsExplosionProof>
			<IsFireProof>false</IsFireProof>
			<IsMeleeProof>true</IsMeleeProof>
			<IsOnlyDamagedByPlayer>false</IsOnlyDamagedByPlayer>
			<PositionRotation>
				<X>72.6814651</X>
				<Y>609.767212</Y>
				<Z>197.152267</Z>
				<Pitch>22.1463757</Pitch>
				<Roll>13.1293058</Roll>
				<Yaw>-113.795761</Yaw>
			</PositionRotation>
			<Attachment isAttached="true">
				<AttachedTo>251394</AttachedTo>
				<BoneIndex>34</BoneIndex>
				<X>0.049999997</X>
				<Y>-0.180000678</Y>
				<Z>0.299999982</Z>
				<Pitch>19.9999981</Pitch>
				<Roll>0</Roll>
				<Yaw>450</Yaw>
			</Attachment>
		</Attachment>
		<Attachment>
			<ModelHash>0x36dac2c6</ModelHash>
			<Type>3</Type>
			<Dynamic>false</Dynamic>
			<FrozenPos>true</FrozenPos>
			<HashName>prop_gascyl_ramp_door_01</HashName>
			<InitialHandle>279559</InitialHandle>
			<ObjectProperties>
				<TextureVariation>0</TextureVariation>
			</ObjectProperties>
			<OpacityLevel>255</OpacityLevel>
			<LodDistance>16960</LodDistance>
			<IsVisible>true</IsVisible>
			<MaxHealth>1000</MaxHealth>
			<Health>1000</Health>
			<HasGravity>true</HasGravity>
			<IsOnFire>false</IsOnFire>
			<IsInvincible>true</IsInvincible>
			<IsBulletProof>false</IsBulletProof>
			<IsCollisionProof>false</IsCollisionProof>
			<IsExplosionProof>true</IsExplosionProof>
			<IsFireProof>false</IsFireProof>
			<IsMeleeProof>true</IsMeleeProof>
			<IsOnlyDamagedByPlayer>false</IsOnlyDamagedByPlayer>
			<PositionRotation>
				<X>72.6319962</X>
				<Y>609.959717</Y>
				<Z>197.377411</Z>
				<Pitch>22.1463757</Pitch>
				<Roll>13.1293058</Roll>
				<Yaw>-113.795761</Yaw>
			</PositionRotation>
			<Attachment isAttached="true">
				<AttachedTo>251394</AttachedTo>
				<BoneIndex>34</BoneIndex>
				<X>0.149999991</X>
				<Y>-0.390000582</Y>
				<Z>0.489999831</Z>
				<Pitch>19.9999981</Pitch>
				<Roll>0</Roll>
				<Yaw>450</Yaw>
			</Attachment>
		</Attachment>
		<Attachment>
			<ModelHash>0x36dac2c6</ModelHash>
			<Type>3</Type>
			<Dynamic>false</Dynamic>
			<FrozenPos>true</FrozenPos>
			<HashName>prop_gascyl_ramp_door_01</HashName>
			<InitialHandle>737287</InitialHandle>
			<ObjectProperties>
				<TextureVariation>0</TextureVariation>
			</ObjectProperties>
			<OpacityLevel>255</OpacityLevel>
			<LodDistance>16960</LodDistance>
			<IsVisible>true</IsVisible>
			<MaxHealth>1000</MaxHealth>
			<Health>1000</Health>
			<HasGravity>true</HasGravity>
			<IsOnFire>false</IsOnFire>
			<IsInvincible>true</IsInvincible>
			<IsBulletProof>false</IsBulletProof>
			<IsCollisionProof>false</IsCollisionProof>
			<IsExplosionProof>true</IsExplosionProof>
			<IsFireProof>false</IsFireProof>
			<IsMeleeProof>true</IsMeleeProof>
			<IsOnlyDamagedByPlayer>false</IsOnlyDamagedByPlayer>
			<PositionRotation>
				<X>72.7200775</X>
				<Y>610.218872</Y>
				<Z>197.436325</Z>
				<Pitch>22.1463757</Pitch>
				<Roll>13.1293058</Roll>
				<Yaw>-113.795761</Yaw>
			</PositionRotation>
			<Attachment isAttached="true">
				<AttachedTo>251394</AttachedTo>
				<BoneIndex>34</BoneIndex>
				<X>0.149999991</X>
				<Y>-0.670000315</Y>
				<Z>0.489999831</Z>
				<Pitch>19.9999981</Pitch>
				<Roll>0</Roll>
				<Yaw>450</Yaw>
			</Attachment>
		</Attachment>
		<Attachment>
			<ModelHash>0x44083a8f</ModelHash>
			<Type>3</Type>
			<Dynamic>false</Dynamic>
			<FrozenPos>true</FrozenPos>
			<HashName>prop_ballistic_shield</HashName>
			<InitialHandle>487689</InitialHandle>
			<ObjectProperties>
				<TextureVariation>0</TextureVariation>
			</ObjectProperties>
			<OpacityLevel>255</OpacityLevel>
			<LodDistance>16960</LodDistance>
			<IsVisible>true</IsVisible>
			<MaxHealth>1000</MaxHealth>
			<Health>1000</Health>
			<HasGravity>true</HasGravity>
			<IsOnFire>false</IsOnFire>
			<IsInvincible>true</IsInvincible>
			<IsBulletProof>false</IsBulletProof>
			<IsCollisionProof>false</IsCollisionProof>
			<IsExplosionProof>true</IsExplosionProof>
			<IsFireProof>false</IsFireProof>
			<IsMeleeProof>true</IsMeleeProof>
			<IsOnlyDamagedByPlayer>false</IsOnlyDamagedByPlayer>
			<PositionRotation>
				<X>72.6066666</X>
				<Y>611.078369</Y>
				<Z>197.628922</Z>
				<Pitch>-71.9728775</Pitch>
				<Roll>8.49837875</Roll>
				<Yaw>168.751541</Yaw>
			</PositionRotation>
			<Attachment isAttached="true">
				<AttachedTo>251394</AttachedTo>
				<BoneIndex>0</BoneIndex>
				<X>-0.299999982</X>
				<Y>-0.870000124</Y>
				<Z>0.890000045</Z>
				<Pitch>-60</Pitch>
				<Roll>360</Roll>
				<Yaw>0</Yaw>
			</Attachment>
		</Attachment>
		<Attachment>
			<ModelHash>0x44083a8f</ModelHash>
			<Type>3</Type>
			<Dynamic>false</Dynamic>
			<FrozenPos>true</FrozenPos>
			<HashName>prop_ballistic_shield</HashName>
			<InitialHandle>625418</InitialHandle>
			<ObjectProperties>
				<TextureVariation>0</TextureVariation>
			</ObjectProperties>
			<OpacityLevel>255</OpacityLevel>
			<LodDistance>16960</LodDistance>
			<IsVisible>true</IsVisible>
			<MaxHealth>1000</MaxHealth>
			<Health>1000</Health>
			<HasGravity>true</HasGravity>
			<IsOnFire>false</IsOnFire>
			<IsInvincible>true</IsInvincible>
			<IsBulletProof>false</IsBulletProof>
			<IsCollisionProof>false</IsCollisionProof>
			<IsExplosionProof>true</IsExplosionProof>
			<IsFireProof>false</IsFireProof>
			<IsMeleeProof>true</IsMeleeProof>
			<IsOnlyDamagedByPlayer>false</IsOnlyDamagedByPlayer>
			<PositionRotation>
				<X>72.0410995</X>
				<Y>611.276855</Y>
				<Z>197.601486</Z>
				<Pitch>-71.9728775</Pitch>
				<Roll>8.49837875</Roll>
				<Yaw>168.751541</Yaw>
			</PositionRotation>
			<Attachment isAttached="true">
				<AttachedTo>251394</AttachedTo>
				<BoneIndex>0</BoneIndex>
				<X>0.300000012</X>
				<Y>-0.870000124</Y>
				<Z>0.890000045</Z>
				<Pitch>-60</Pitch>
				<Roll>360</Roll>
				<Yaw>0</Yaw>
			</Attachment>
		</Attachment>
		<Attachment>
			<ModelHash>0x44083a8f</ModelHash>
			<Type>3</Type>
			<Dynamic>false</Dynamic>
			<FrozenPos>true</FrozenPos>
			<HashName>prop_ballistic_shield</HashName>
			<InitialHandle>421900</InitialHandle>
			<ObjectProperties>
				<TextureVariation>0</TextureVariation>
			</ObjectProperties>
			<OpacityLevel>255</OpacityLevel>
			<LodDistance>16960</LodDistance>
			<IsVisible>true</IsVisible>
			<MaxHealth>1000</MaxHealth>
			<Health>1000</Health>
			<HasGravity>true</HasGravity>
			<IsOnFire>false</IsOnFire>
			<IsInvincible>true</IsInvincible>
			<IsBulletProof>false</IsBulletProof>
			<IsCollisionProof>false</IsCollisionProof>
			<IsExplosionProof>true</IsExplosionProof>
			<IsFireProof>false</IsFireProof>
			<IsMeleeProof>true</IsMeleeProof>
			<IsOnlyDamagedByPlayer>false</IsOnlyDamagedByPlayer>
			<PositionRotation>
				<X>72.1155319</X>
				<Y>608.125854</Y>
				<Z>196.238281</Z>
				<Pitch>35.8850403</Pitch>
				<Roll>83.007782</Roll>
				<Yaw>-0.493993193</Yaw>
			</PositionRotation>
			<Attachment isAttached="true">
				<AttachedTo>251394</AttachedTo>
				<BoneIndex>0</BoneIndex>
				<X>-0.749999881</X>
				<Y>2.30999994</Y>
				<Z>0.12999998</Z>
				<Pitch>25</Pitch>
				<Roll>450</Roll>
				<Yaw>-165</Yaw>
			</Attachment>
		</Attachment>
		<Attachment>
			<ModelHash>0x44083a8f</ModelHash>
			<Type>3</Type>
			<Dynamic>false</Dynamic>
			<FrozenPos>true</FrozenPos>
			<HashName>prop_ballistic_shield</HashName>
			<InitialHandle>250126</InitialHandle>
			<ObjectProperties>
				<TextureVariation>0</TextureVariation>
			</ObjectProperties>
			<OpacityLevel>255</OpacityLevel>
			<LodDistance>16960</LodDistance>
			<IsVisible>true</IsVisible>
			<MaxHealth>1000</MaxHealth>
			<Health>1000</Health>
			<HasGravity>true</HasGravity>
			<IsOnFire>false</IsOnFire>
			<IsInvincible>true</IsInvincible>
			<IsBulletProof>false</IsBulletProof>
			<IsCollisionProof>false</IsCollisionProof>
			<IsExplosionProof>true</IsExplosionProof>
			<IsFireProof>false</IsFireProof>
			<IsMeleeProof>true</IsMeleeProof>
			<IsOnlyDamagedByPlayer>false</IsOnlyDamagedByPlayer>
			<PositionRotation>
				<X>70.7016144</X>
				<Y>608.621948</Y>
				<Z>196.169678</Z>
				<Pitch>37.4173355</Pitch>
				<Roll>-89.2585068</Roll>
				<Yaw>-34.442585</Yaw>
			</PositionRotation>
			<Attachment isAttached="true">
				<AttachedTo>251394</AttachedTo>
				<BoneIndex>0</BoneIndex>
				<X>0.750000119</X>
				<Y>2.30999994</Y>
				<Z>0.12999998</Z>
				<Pitch>25</Pitch>
				<Roll>270</Roll>
				<Yaw>525</Yaw>
			</Attachment>
		</Attachment>
	</SpoonerAttachments>
</Vehicle>
