<?xml version="1.0" encoding="ISO-8859-1"?>
<Vehicle menyoo_ver="0.999873b">
	<ModelHash>0x698521e3</ModelHash>
	<InitialHandle>442374</InitialHandle>
	<VehicleProperties>
		<Colours>
			<Primary>100</Primary>
			<Secondary>0</Secondary>
			<Pearl>100</Pearl>
			<Rim>8</Rim>
			<Mod1_a>6</Mod1_a>
			<Mod1_b>-1</Mod1_b>
			<Mod1_c>-1</Mod1_c>
			<Mod2_a>6</Mod2_a>
			<Mod2_b>-1</Mod2_b>
			<IsPrimaryColourCustom>false</IsPrimaryColourCustom>
			<IsSecondaryColourCustom>false</IsSecondaryColourCustom>
			<tyreSmoke_R>255</tyreSmoke_R>
			<tyreSmoke_G>255</tyreSmoke_G>
			<tyreSmoke_B>255</tyreSmoke_B>
			<LrInterior>0</LrInterior>
			<LrDashboard>0</LrDashboard>
		</Colours>
		<Livery>-1</Livery>
		<NumberPlateText>40CLP824</NumberPlateText>
		<NumberPlateIndex>1</NumberPlateIndex>
		<WheelType>1</WheelType>
		<WheelsInvisible>false</WheelsInvisible>
		<EngineSoundName>PHANTOM</EngineSoundName>
		<WindowTint>1</WindowTint>
		<BulletProofTyres>true</BulletProofTyres>
		<DirtLevel>0.00362117565</DirtLevel>
		<PaintFade>0.0156862754</PaintFade>
		<RoofState>0</RoofState>
		<SirenActive>false</SirenActive>
		<EngineOn>true</EngineOn>
		<EngineHealth>2000</EngineHealth>
		<LightsOn>false</LightsOn>
		<IsRadioLoud>0</IsRadioLoud>
		<Neons>
			<Left>false</Left>
			<Right>false</Right>
			<Front>false</Front>
			<Back>false</Back>
			<R>255</R>
			<G>0</G>
			<B>255</B>
		</Neons>
		<ModExtras>
			<_1>false</_1>
			<_2>false</_2>
			<_3>false</_3>
			<_10>false</_10>
			<_11>false</_11>
			<_12>false</_12>
		</ModExtras>
		<Mods>
			<_0>-1,0</_0>
			<_1>-1,0</_1>
			<_2>-1,0</_2>
			<_3>-1,0</_3>
			<_4>-1,0</_4>
			<_5>-1,0</_5>
			<_6>-1,0</_6>
			<_7>-1,0</_7>
			<_8>-1,0</_8>
			<_9>-1,0</_9>
			<_10>-1,0</_10>
			<_11>3,0</_11>
			<_12>2,0</_12>
			<_13>2,0</_13>
			<_14>44,0</_14>
			<_15>3,0</_15>
			<_16>4,0</_16>
			<_17>false</_17>
			<_18>true</_18>
			<_19>false</_19>
			<_20>true</_20>
			<_21>false</_21>
			<_22>true</_22>
			<_23>2,0</_23>
			<_24>-1,0</_24>
			<_25>-1,0</_25>
			<_26>-1,0</_26>
			<_27>-1,0</_27>
			<_28>-1,0</_28>
			<_29>-1,0</_29>
			<_30>-1,0</_30>
			<_31>-1,0</_31>
			<_32>-1,0</_32>
			<_33>-1,0</_33>
			<_34>-1,0</_34>
			<_35>-1,0</_35>
			<_36>-1,0</_36>
			<_37>-1,0</_37>
			<_38>-1,0</_38>
			<_39>-1,0</_39>
			<_40>-1,0</_40>
			<_41>-1,0</_41>
			<_42>-1,0</_42>
			<_43>-1,0</_43>
			<_44>-1,0</_44>
			<_45>-1,0</_45>
			<_46>-1,0</_46>
			<_47>-1,0</_47>
			<_48>-1,0</_48>
		</Mods>
		<DoorsOpen>
			<BackLeftDoor>false</BackLeftDoor>
			<BackRightDoor>false</BackRightDoor>
			<FrontLeftDoor>false</FrontLeftDoor>
			<FrontRightDoor>false</FrontRightDoor>
			<Hood>false</Hood>
			<Trunk>false</Trunk>
			<Trunk2>false</Trunk2>
		</DoorsOpen>
		<DoorsBroken>
			<BackLeftDoor>false</BackLeftDoor>
			<BackRightDoor>false</BackRightDoor>
			<FrontLeftDoor>false</FrontLeftDoor>
			<FrontRightDoor>false</FrontRightDoor>
			<Hood>false</Hood>
			<Trunk>false</Trunk>
			<Trunk2>false</Trunk2>
		</DoorsBroken>
		<TyresBursted>
			<FrontLeft>false</FrontLeft>
			<FrontRight>false</FrontRight>
			<_2>false</_2>
			<_3>false</_3>
			<BackLeft>false</BackLeft>
			<BackRight>false</BackRight>
			<_6>false</_6>
			<_7>false</_7>
			<_8>false</_8>
		</TyresBursted>
		<RpmMultiplier>2.49999976</RpmMultiplier>
		<TorqueMultiplier>2.49999976</TorqueMultiplier>
		<HeadlightIntensity>9.99999523</HeadlightIntensity>
	</VehicleProperties>
	<OpacityLevel>255</OpacityLevel>
	<LodDistance>750</LodDistance>
	<IsVisible>true</IsVisible>
	<IsDriverVisible>true</IsDriverVisible>
	<MaxHealth>1000</MaxHealth>
	<Health>1000</Health>
	<HasGravity>true</HasGravity>
	<IsOnFire>false</IsOnFire>
	<IsInvincible>true</IsInvincible>
	<IsBulletProof>true</IsBulletProof>
	<IsExplosionProof>true</IsExplosionProof>
	<IsFireProof>false</IsFireProof>
	<IsMeleeProof>true</IsMeleeProof>
	<IsOnlyDamagedByPlayer>false</IsOnlyDamagedByPlayer>
	<SpoonerAttachments SetAttachmentsPersistentAndAddToSpoonerDatabase="true" StartTaskSequencesOnLoad="true">
		<Attachment>
			<ModelHash>0xdf31c32b</ModelHash>
			<Type>3</Type>
			<Dynamic>false</Dynamic>
			<FrozenPos>true</FrozenPos>
			<HashName>prop_burto_gate_01</HashName>
			<InitialHandle>442630</InitialHandle>
			<ObjectProperties>
				<TextureVariation>0</TextureVariation>
			</ObjectProperties>
			<OpacityLevel>255</OpacityLevel>
			<LodDistance>16960</LodDistance>
			<IsVisible>true</IsVisible>
			<MaxHealth>1000</MaxHealth>
			<Health>977</Health>
			<HasGravity>true</HasGravity>
			<IsOnFire>false</IsOnFire>
			<IsInvincible>false</IsInvincible>
			<IsBulletProof>false</IsBulletProof>
			<IsCollisionProof>false</IsCollisionProof>
			<IsExplosionProof>false</IsExplosionProof>
			<IsFireProof>false</IsFireProof>
			<IsMeleeProof>false</IsMeleeProof>
			<IsOnlyDamagedByPlayer>false</IsOnlyDamagedByPlayer>
			<PositionRotation>
				<X>1031.6626</X>
				<Y>425.860382</Y>
				<Z>92.4443436</Z>
				<Pitch>-3.08646989</Pitch>
				<Roll>91.2570801</Roll>
				<Yaw>-111.614922</Yaw>
			</PositionRotation>
			<Attachment isAttached="true">
				<AttachedTo>442374</AttachedTo>
				<BoneIndex>0</BoneIndex>
				<X>0.100000054</X>
				<Y>2.30000043</Y>
				<Z>1</Z>
				<Pitch>0</Pitch>
				<Roll>89.9999924</Roll>
				<Yaw>0</Yaw>
			</Attachment>
		</Attachment>
		<Attachment>
			<ModelHash>0xf0c46723</ModelHash>
			<Type>3</Type>
			<Dynamic>false</Dynamic>
			<FrozenPos>true</FrozenPos>
			<HashName>p_bison_winch_s</HashName>
			<InitialHandle>442886</InitialHandle>
			<ObjectProperties>
				<TextureVariation>0</TextureVariation>
			</ObjectProperties>
			<OpacityLevel>255</OpacityLevel>
			<LodDistance>16960</LodDistance>
			<IsVisible>true</IsVisible>
			<MaxHealth>1000</MaxHealth>
			<Health>1000</Health>
			<HasGravity>true</HasGravity>
			<IsOnFire>false</IsOnFire>
			<IsInvincible>false</IsInvincible>
			<IsBulletProof>false</IsBulletProof>
			<IsCollisionProof>false</IsCollisionProof>
			<IsExplosionProof>false</IsExplosionProof>
			<IsFireProof>false</IsFireProof>
			<IsMeleeProof>false</IsMeleeProof>
			<IsOnlyDamagedByPlayer>false</IsOnlyDamagedByPlayer>
			<PositionRotation>
				<X>1031.38757</X>
				<Y>426.095825</Y>
				<Z>91.6640396</Z>
				<Pitch>-86.6678009</Pitch>
				<Roll>157.860092</Roll>
				<Yaw>46.2112885</Yaw>
			</PositionRotation>
			<Attachment isAttached="true">
				<AttachedTo>442374</AttachedTo>
				<BoneIndex>0</BoneIndex>
				<X>0</X>
				<Y>2.00000024</Y>
				<Z>0.199999988</Z>
				<Pitch>-89.9999924</Pitch>
				<Roll>0</Roll>
				<Yaw>0</Yaw>
			</Attachment>
		</Attachment>
		<Attachment>
			<ModelHash>0x44083a8f</ModelHash>
			<Type>3</Type>
			<Dynamic>false</Dynamic>
			<FrozenPos>true</FrozenPos>
			<HashName>prop_ballistic_shield</HashName>
			<InitialHandle>319494</InitialHandle>
			<ObjectProperties>
				<TextureVariation>0</TextureVariation>
			</ObjectProperties>
			<OpacityLevel>255</OpacityLevel>
			<LodDistance>16960</LodDistance>
			<IsVisible>true</IsVisible>
			<MaxHealth>1000</MaxHealth>
			<Health>1000</Health>
			<HasGravity>true</HasGravity>
			<IsOnFire>false</IsOnFire>
			<IsInvincible>false</IsInvincible>
			<IsBulletProof>false</IsBulletProof>
			<IsCollisionProof>false</IsCollisionProof>
			<IsExplosionProof>false</IsExplosionProof>
			<IsFireProof>false</IsFireProof>
			<IsMeleeProof>false</IsMeleeProof>
			<IsOnlyDamagedByPlayer>false</IsOnlyDamagedByPlayer>
			<PositionRotation>
				<X>1032.01746</X>
				<Y>426.598999</Y>
				<Z>91.6578445</Z>
				<Pitch>-26.9058056</Pitch>
				<Roll>178.592331</Roll>
				<Yaw>67.6802292</Yaw>
			</PositionRotation>
			<Attachment isAttached="true">
				<AttachedTo>442374</AttachedTo>
				<BoneIndex>0</BoneIndex>
				<X>-0.699999928</X>
				<Y>2.39999986</Y>
				<Z>0.199999988</Z>
				<Pitch>-29.9999962</Pitch>
				<Roll>-179.999985</Roll>
				<Yaw>179.999985</Yaw>
			</Attachment>
		</Attachment>
		<Attachment>
			<ModelHash>0x44083a8f</ModelHash>
			<Type>3</Type>
			<Dynamic>false</Dynamic>
			<FrozenPos>true</FrozenPos>
			<HashName>prop_ballistic_shield</HashName>
			<InitialHandle>320262</InitialHandle>
			<ObjectProperties>
				<TextureVariation>0</TextureVariation>
			</ObjectProperties>
			<OpacityLevel>255</OpacityLevel>
			<LodDistance>16960</LodDistance>
			<IsVisible>true</IsVisible>
			<MaxHealth>1000</MaxHealth>
			<Health>1000</Health>
			<HasGravity>true</HasGravity>
			<IsOnFire>false</IsOnFire>
			<IsInvincible>false</IsInvincible>
			<IsBulletProof>false</IsBulletProof>
			<IsCollisionProof>false</IsCollisionProof>
			<IsExplosionProof>false</IsExplosionProof>
			<IsFireProof>false</IsFireProof>
			<IsMeleeProof>false</IsMeleeProof>
			<IsOnlyDamagedByPlayer>false</IsOnlyDamagedByPlayer>
			<PositionRotation>
				<X>1031.50024</X>
				<Y>425.29837</Y>
				<Z>91.6271744</Z>
				<Pitch>-26.9058056</Pitch>
				<Roll>178.592331</Roll>
				<Yaw>67.6802292</Yaw>
			</PositionRotation>
			<Attachment isAttached="true">
				<AttachedTo>442374</AttachedTo>
				<BoneIndex>0</BoneIndex>
				<X>0.699999809</X>
				<Y>2.39999986</Y>
				<Z>0.199999988</Z>
				<Pitch>-29.9999962</Pitch>
				<Roll>-179.999985</Roll>
				<Yaw>179.999985</Yaw>
			</Attachment>
		</Attachment>
		<Attachment>
			<ModelHash>0xcaec9bd1</ModelHash>
			<Type>3</Type>
			<Dynamic>false</Dynamic>
			<FrozenPos>true</FrozenPos>
			<HashName>prop_stockade_wheel</HashName>
			<InitialHandle>443142</InitialHandle>
			<ObjectProperties>
				<TextureVariation>0</TextureVariation>
			</ObjectProperties>
			<OpacityLevel>255</OpacityLevel>
			<LodDistance>16960</LodDistance>
			<IsVisible>true</IsVisible>
			<MaxHealth>1000</MaxHealth>
			<Health>1000</Health>
			<HasGravity>true</HasGravity>
			<IsOnFire>false</IsOnFire>
			<IsInvincible>false</IsInvincible>
			<IsBulletProof>false</IsBulletProof>
			<IsCollisionProof>false</IsCollisionProof>
			<IsExplosionProof>false</IsExplosionProof>
			<IsFireProof>false</IsFireProof>
			<IsMeleeProof>false</IsMeleeProof>
			<IsOnlyDamagedByPlayer>false</IsOnlyDamagedByPlayer>
			<PositionRotation>
				<X>1027.61316</X>
				<Y>426.618774</Y>
				<Z>91.4512482</Z>
				<Pitch>-66.0716553</Pitch>
				<Roll>-176.857224</Roll>
				<Yaw>-108.810509</Yaw>
			</PositionRotation>
			<Attachment isAttached="true">
				<AttachedTo>442374</AttachedTo>
				<BoneIndex>36</BoneIndex>
				<X>0</X>
				<Y>0</Y>
				<Z>0</Z>
				<Pitch>0</Pitch>
				<Roll>0</Roll>
				<Yaw>0</Yaw>
			</Attachment>
		</Attachment>
		<Attachment>
			<ModelHash>0xcaec9bd1</ModelHash>
			<Type>3</Type>
			<Dynamic>false</Dynamic>
			<FrozenPos>true</FrozenPos>
			<HashName>prop_stockade_wheel</HashName>
			<InitialHandle>320006</InitialHandle>
			<ObjectProperties>
				<TextureVariation>0</TextureVariation>
			</ObjectProperties>
			<OpacityLevel>255</OpacityLevel>
			<LodDistance>16960</LodDistance>
			<IsVisible>true</IsVisible>
			<MaxHealth>1000</MaxHealth>
			<Health>1000</Health>
			<HasGravity>true</HasGravity>
			<IsOnFire>false</IsOnFire>
			<IsInvincible>false</IsInvincible>
			<IsBulletProof>false</IsBulletProof>
			<IsCollisionProof>false</IsCollisionProof>
			<IsExplosionProof>false</IsExplosionProof>
			<IsFireProof>false</IsFireProof>
			<IsMeleeProof>false</IsMeleeProof>
			<IsOnlyDamagedByPlayer>false</IsOnlyDamagedByPlayer>
			<PositionRotation>
				<X>1028.28723</X>
				<Y>428.31546</Y>
				<Z>91.4810944</Z>
				<Pitch>75.5840836</Pitch>
				<Roll>176.785904</Roll>
				<Yaw>71.4550323</Yaw>
			</PositionRotation>
			<Attachment isAttached="true">
				<AttachedTo>442374</AttachedTo>
				<BoneIndex>37</BoneIndex>
				<X>0</X>
				<Y>0</Y>
				<Z>0</Z>
				<Pitch>0</Pitch>
				<Roll>0</Roll>
				<Yaw>0</Yaw>
			</Attachment>
		</Attachment>
		<Attachment>
			<ModelHash>0xcaec9bd1</ModelHash>
			<Type>3</Type>
			<Dynamic>false</Dynamic>
			<FrozenPos>true</FrozenPos>
			<HashName>prop_stockade_wheel</HashName>
			<InitialHandle>319238</InitialHandle>
			<ObjectProperties>
				<TextureVariation>0</TextureVariation>
			</ObjectProperties>
			<OpacityLevel>255</OpacityLevel>
			<LodDistance>16960</LodDistance>
			<IsVisible>true</IsVisible>
			<MaxHealth>1000</MaxHealth>
			<Health>1000</Health>
			<HasGravity>true</HasGravity>
			<IsOnFire>false</IsOnFire>
			<IsInvincible>false</IsInvincible>
			<IsBulletProof>false</IsBulletProof>
			<IsCollisionProof>false</IsCollisionProof>
			<IsExplosionProof>false</IsExplosionProof>
			<IsFireProof>false</IsFireProof>
			<IsMeleeProof>false</IsMeleeProof>
			<IsOnlyDamagedByPlayer>false</IsOnlyDamagedByPlayer>
			<PositionRotation>
				<X>1028.41272</X>
				<Y>428.631439</Y>
				<Z>91.4858398</Z>
				<Pitch>75.5840836</Pitch>
				<Roll>176.785904</Roll>
				<Yaw>71.4550323</Yaw>
			</PositionRotation>
			<Attachment isAttached="true">
				<AttachedTo>442374</AttachedTo>
				<BoneIndex>37</BoneIndex>
				<X>-0.339999944</X>
				<Y>0</Y>
				<Z>0</Z>
				<Pitch>0</Pitch>
				<Roll>0</Roll>
				<Yaw>0</Yaw>
			</Attachment>
		</Attachment>
		<Attachment>
			<ModelHash>0xcaec9bd1</ModelHash>
			<Type>3</Type>
			<Dynamic>false</Dynamic>
			<FrozenPos>true</FrozenPos>
			<HashName>prop_stockade_wheel</HashName>
			<InitialHandle>318982</InitialHandle>
			<ObjectProperties>
				<TextureVariation>0</TextureVariation>
			</ObjectProperties>
			<OpacityLevel>255</OpacityLevel>
			<LodDistance>16960</LodDistance>
			<IsVisible>true</IsVisible>
			<MaxHealth>1000</MaxHealth>
			<Health>1000</Health>
			<HasGravity>true</HasGravity>
			<IsOnFire>false</IsOnFire>
			<IsInvincible>false</IsInvincible>
			<IsBulletProof>false</IsBulletProof>
			<IsCollisionProof>false</IsCollisionProof>
			<IsExplosionProof>false</IsExplosionProof>
			<IsFireProof>false</IsFireProof>
			<IsMeleeProof>false</IsMeleeProof>
			<IsOnlyDamagedByPlayer>false</IsOnlyDamagedByPlayer>
			<PositionRotation>
				<X>1027.48755</X>
				<Y>426.302917</Y>
				<Z>91.4436874</Z>
				<Pitch>-66.0716553</Pitch>
				<Roll>-176.857224</Roll>
				<Yaw>-108.810509</Yaw>
			</PositionRotation>
			<Attachment isAttached="true">
				<AttachedTo>442374</AttachedTo>
				<BoneIndex>36</BoneIndex>
				<X>-0.339999944</X>
				<Y>0</Y>
				<Z>0</Z>
				<Pitch>0</Pitch>
				<Roll>0</Roll>
				<Yaw>0</Yaw>
			</Attachment>
		</Attachment>
		<Attachment>
			<ModelHash>0x44083a8f</ModelHash>
			<Type>3</Type>
			<Dynamic>false</Dynamic>
			<FrozenPos>true</FrozenPos>
			<HashName>prop_ballistic_shield</HashName>
			<InitialHandle>91398</InitialHandle>
			<ObjectProperties>
				<TextureVariation>0</TextureVariation>
			</ObjectProperties>
			<OpacityLevel>255</OpacityLevel>
			<LodDistance>16960</LodDistance>
			<IsVisible>true</IsVisible>
			<MaxHealth>1000</MaxHealth>
			<Health>1000</Health>
			<HasGravity>true</HasGravity>
			<IsOnFire>false</IsOnFire>
			<IsInvincible>false</IsInvincible>
			<IsBulletProof>false</IsBulletProof>
			<IsCollisionProof>false</IsCollisionProof>
			<IsExplosionProof>false</IsExplosionProof>
			<IsFireProof>false</IsFireProof>
			<IsMeleeProof>false</IsMeleeProof>
			<IsOnlyDamagedByPlayer>false</IsOnlyDamagedByPlayer>
			<PositionRotation>
				<X>1028.35669</X>
				<Y>428.596588</Y>
				<Z>92.2851486</Z>
				<Pitch>-86.6678009</Pitch>
				<Roll>157.860092</Roll>
				<Yaw>46.2112885</Yaw>
			</PositionRotation>
			<Attachment isAttached="true">
				<AttachedTo>442374</AttachedTo>
				<BoneIndex>27</BoneIndex>
				<X>-0.799999952</X>
				<Y>1.20000005</Y>
				<Z>0.299999982</Z>
				<Pitch>-89.9999924</Pitch>
				<Roll>0</Roll>
				<Yaw>0</Yaw>
			</Attachment>
		</Attachment>
		<Attachment>
			<ModelHash>0x44083a8f</ModelHash>
			<Type>3</Type>
			<Dynamic>false</Dynamic>
			<FrozenPos>true</FrozenPos>
			<HashName>prop_ballistic_shield</HashName>
			<InitialHandle>91654</InitialHandle>
			<ObjectProperties>
				<TextureVariation>0</TextureVariation>
			</ObjectProperties>
			<OpacityLevel>255</OpacityLevel>
			<LodDistance>16960</LodDistance>
			<IsVisible>true</IsVisible>
			<MaxHealth>1000</MaxHealth>
			<Health>1000</Health>
			<HasGravity>true</HasGravity>
			<IsOnFire>false</IsOnFire>
			<IsInvincible>false</IsInvincible>
			<IsBulletProof>false</IsBulletProof>
			<IsCollisionProof>false</IsCollisionProof>
			<IsExplosionProof>false</IsExplosionProof>
			<IsFireProof>false</IsFireProof>
			<IsMeleeProof>false</IsMeleeProof>
			<IsOnlyDamagedByPlayer>false</IsOnlyDamagedByPlayer>
			<PositionRotation>
				<X>1028.98975</X>
				<Y>428.355194</Y>
				<Z>91.8481369</Z>
				<Pitch>-26.9058247</Pitch>
				<Roll>178.5923</Roll>
				<Yaw>67.6802521</Yaw>
			</PositionRotation>
			<Attachment isAttached="true">
				<AttachedTo>442374</AttachedTo>
				<BoneIndex>27</BoneIndex>
				<X>-0.799999952</X>
				<Y>1.90000021</Y>
				<Z>-0.099999994</Z>
				<Pitch>-149.999985</Pitch>
				<Roll>0</Roll>
				<Yaw>0</Yaw>
			</Attachment>
		</Attachment>
		<Attachment>
			<ModelHash>0x44083a8f</ModelHash>
			<Type>3</Type>
			<Dynamic>false</Dynamic>
			<FrozenPos>true</FrozenPos>
			<HashName>prop_ballistic_shield</HashName>
			<InitialHandle>91910</InitialHandle>
			<ObjectProperties>
				<TextureVariation>0</TextureVariation>
			</ObjectProperties>
			<OpacityLevel>255</OpacityLevel>
			<LodDistance>16960</LodDistance>
			<IsVisible>true</IsVisible>
			<MaxHealth>1000</MaxHealth>
			<Health>1000</Health>
			<HasGravity>true</HasGravity>
			<IsOnFire>false</IsOnFire>
			<IsInvincible>false</IsInvincible>
			<IsBulletProof>false</IsBulletProof>
			<IsCollisionProof>false</IsCollisionProof>
			<IsExplosionProof>false</IsExplosionProof>
			<IsFireProof>false</IsFireProof>
			<IsMeleeProof>false</IsMeleeProof>
			<IsOnlyDamagedByPlayer>false</IsOnlyDamagedByPlayer>
			<PositionRotation>
				<X>1028.00684</X>
				<Y>428.738708</Y>
				<Z>92.1553268</Z>
				<Pitch>-73.0420303</Pitch>
				<Roll>4.30746889</Roll>
				<Yaw>-107.561783</Yaw>
			</PositionRotation>
			<Attachment isAttached="true">
				<AttachedTo>442374</AttachedTo>
				<BoneIndex>27</BoneIndex>
				<X>-0.799999952</X>
				<Y>0.830000043</Y>
				<Z>0.150000006</Z>
				<Pitch>-69.9999847</Pitch>
				<Roll>0</Roll>
				<Yaw>0</Yaw>
			</Attachment>
		</Attachment>
		<Attachment>
			<ModelHash>0x44083a8f</ModelHash>
			<Type>3</Type>
			<Dynamic>false</Dynamic>
			<FrozenPos>true</FrozenPos>
			<HashName>prop_ballistic_shield</HashName>
			<InitialHandle>446982</InitialHandle>
			<ObjectProperties>
				<TextureVariation>0</TextureVariation>
			</ObjectProperties>
			<OpacityLevel>255</OpacityLevel>
			<LodDistance>16960</LodDistance>
			<IsVisible>true</IsVisible>
			<MaxHealth>1000</MaxHealth>
			<Health>1000</Health>
			<HasGravity>true</HasGravity>
			<IsOnFire>false</IsOnFire>
			<IsInvincible>false</IsInvincible>
			<IsBulletProof>false</IsBulletProof>
			<IsCollisionProof>false</IsCollisionProof>
			<IsExplosionProof>false</IsExplosionProof>
			<IsFireProof>false</IsFireProof>
			<IsMeleeProof>false</IsMeleeProof>
			<IsOnlyDamagedByPlayer>false</IsOnlyDamagedByPlayer>
			<PositionRotation>
				<X>1027.10754</X>
				<Y>426.476929</Y>
				<Z>92.1019897</Z>
				<Pitch>-73.0420303</Pitch>
				<Roll>4.30746889</Roll>
				<Yaw>-107.561783</Yaw>
			</PositionRotation>
			<Attachment isAttached="true">
				<AttachedTo>442374</AttachedTo>
				<BoneIndex>28</BoneIndex>
				<X>0.800000072</X>
				<Y>0.830000043</Y>
				<Z>0.150000006</Z>
				<Pitch>-69.9999847</Pitch>
				<Roll>0</Roll>
				<Yaw>0</Yaw>
			</Attachment>
		</Attachment>
		<Attachment>
			<ModelHash>0x44083a8f</ModelHash>
			<Type>3</Type>
			<Dynamic>false</Dynamic>
			<FrozenPos>true</FrozenPos>
			<HashName>prop_ballistic_shield</HashName>
			<InitialHandle>343558</InitialHandle>
			<ObjectProperties>
				<TextureVariation>0</TextureVariation>
			</ObjectProperties>
			<OpacityLevel>255</OpacityLevel>
			<LodDistance>16960</LodDistance>
			<IsVisible>true</IsVisible>
			<MaxHealth>1000</MaxHealth>
			<Health>1000</Health>
			<HasGravity>true</HasGravity>
			<IsOnFire>false</IsOnFire>
			<IsInvincible>false</IsInvincible>
			<IsBulletProof>false</IsBulletProof>
			<IsCollisionProof>false</IsCollisionProof>
			<IsExplosionProof>false</IsExplosionProof>
			<IsFireProof>false</IsFireProof>
			<IsMeleeProof>false</IsMeleeProof>
			<IsOnlyDamagedByPlayer>false</IsOnlyDamagedByPlayer>
			<PositionRotation>
				<X>1027.44983</X>
				<Y>426.316071</Y>
				<Z>92.2313766</Z>
				<Pitch>-86.6678009</Pitch>
				<Roll>157.860092</Roll>
				<Yaw>46.2112885</Yaw>
			</PositionRotation>
			<Attachment isAttached="true">
				<AttachedTo>442374</AttachedTo>
				<BoneIndex>24</BoneIndex>
				<X>0.600000024</X>
				<Y>1.20000005</Y>
				<Z>0.299999982</Z>
				<Pitch>-89.9999924</Pitch>
				<Roll>0</Roll>
				<Yaw>0</Yaw>
			</Attachment>
		</Attachment>
		<Attachment>
			<ModelHash>0x44083a8f</ModelHash>
			<Type>3</Type>
			<Dynamic>false</Dynamic>
			<FrozenPos>true</FrozenPos>
			<HashName>prop_ballistic_shield</HashName>
			<InitialHandle>318214</InitialHandle>
			<ObjectProperties>
				<TextureVariation>0</TextureVariation>
			</ObjectProperties>
			<OpacityLevel>255</OpacityLevel>
			<LodDistance>16960</LodDistance>
			<IsVisible>true</IsVisible>
			<MaxHealth>1000</MaxHealth>
			<Health>1000</Health>
			<HasGravity>true</HasGravity>
			<IsOnFire>false</IsOnFire>
			<IsInvincible>false</IsInvincible>
			<IsBulletProof>false</IsBulletProof>
			<IsCollisionProof>false</IsCollisionProof>
			<IsExplosionProof>false</IsExplosionProof>
			<IsFireProof>false</IsFireProof>
			<IsMeleeProof>false</IsMeleeProof>
			<IsOnlyDamagedByPlayer>false</IsOnlyDamagedByPlayer>
			<PositionRotation>
				<X>1028.09033</X>
				<Y>426.093414</Y>
				<Z>91.7947998</Z>
				<Pitch>-26.9058247</Pitch>
				<Roll>178.5923</Roll>
				<Yaw>67.6802521</Yaw>
			</PositionRotation>
			<Attachment isAttached="true">
				<AttachedTo>442374</AttachedTo>
				<BoneIndex>28</BoneIndex>
				<X>0.800000072</X>
				<Y>1.90000021</Y>
				<Z>-0.099999994</Z>
				<Pitch>-149.999985</Pitch>
				<Roll>0</Roll>
				<Yaw>0</Yaw>
			</Attachment>
		</Attachment>
		<Attachment>
			<ModelHash>0x55a8cf2a</ModelHash>
			<Type>3</Type>
			<Dynamic>false</Dynamic>
			<FrozenPos>true</FrozenPos>
			<HashName>prop_container_door_mb_l</HashName>
			<InitialHandle>429318</InitialHandle>
			<ObjectProperties>
				<TextureVariation>0</TextureVariation>
			</ObjectProperties>
			<OpacityLevel>255</OpacityLevel>
			<LodDistance>16960</LodDistance>
			<IsVisible>true</IsVisible>
			<MaxHealth>1000</MaxHealth>
			<Health>1000</Health>
			<HasGravity>true</HasGravity>
			<IsOnFire>false</IsOnFire>
			<IsInvincible>false</IsInvincible>
			<IsBulletProof>false</IsBulletProof>
			<IsCollisionProof>false</IsCollisionProof>
			<IsExplosionProof>false</IsExplosionProof>
			<IsFireProof>false</IsFireProof>
			<IsMeleeProof>false</IsMeleeProof>
			<IsOnlyDamagedByPlayer>false</IsOnlyDamagedByPlayer>
			<PositionRotation>
				<X>1028.25073</X>
				<Y>427.969879</Y>
				<Z>92.0116425</Z>
				<Pitch>86.6676865</Pitch>
				<Roll>22.1397705</Roll>
				<Yaw>-133.788559</Yaw>
			</PositionRotation>
			<Attachment isAttached="true">
				<AttachedTo>442374</AttachedTo>
				<BoneIndex>48</BoneIndex>
				<X>-0.589999735</X>
				<Y>-1.61999965</Y>
				<Z>0.340000033</Z>
				<Pitch>90</Pitch>
				<Roll>0</Roll>
				<Yaw>0</Yaw>
			</Attachment>
		</Attachment>
		<Attachment>
			<ModelHash>0x55a8cf2a</ModelHash>
			<Type>3</Type>
			<Dynamic>false</Dynamic>
			<FrozenPos>true</FrozenPos>
			<HashName>prop_container_door_mb_l</HashName>
			<InitialHandle>440326</InitialHandle>
			<ObjectProperties>
				<TextureVariation>0</TextureVariation>
			</ObjectProperties>
			<OpacityLevel>255</OpacityLevel>
			<LodDistance>16960</LodDistance>
			<IsVisible>true</IsVisible>
			<MaxHealth>1000</MaxHealth>
			<Health>1000</Health>
			<HasGravity>true</HasGravity>
			<IsOnFire>false</IsOnFire>
			<IsInvincible>false</IsInvincible>
			<IsBulletProof>false</IsBulletProof>
			<IsCollisionProof>false</IsCollisionProof>
			<IsExplosionProof>false</IsExplosionProof>
			<IsFireProof>false</IsFireProof>
			<IsMeleeProof>false</IsMeleeProof>
			<IsOnlyDamagedByPlayer>false</IsOnlyDamagedByPlayer>
			<PositionRotation>
				<X>1028.30981</X>
				<Y>428.11853</Y>
				<Z>92.015152</Z>
				<Pitch>86.6676865</Pitch>
				<Roll>22.1397705</Roll>
				<Yaw>-133.788559</Yaw>
			</PositionRotation>
			<Attachment isAttached="true">
				<AttachedTo>442374</AttachedTo>
				<BoneIndex>48</BoneIndex>
				<X>-0.749999583</X>
				<Y>-1.61999965</Y>
				<Z>0.340000033</Z>
				<Pitch>90</Pitch>
				<Roll>0</Roll>
				<Yaw>0</Yaw>
			</Attachment>
		</Attachment>
		<Attachment>
			<ModelHash>0x55a8cf2a</ModelHash>
			<Type>3</Type>
			<Dynamic>false</Dynamic>
			<FrozenPos>true</FrozenPos>
			<HashName>prop_container_door_mb_l</HashName>
			<InitialHandle>439046</InitialHandle>
			<ObjectProperties>
				<TextureVariation>0</TextureVariation>
			</ObjectProperties>
			<OpacityLevel>255</OpacityLevel>
			<LodDistance>16960</LodDistance>
			<IsVisible>true</IsVisible>
			<MaxHealth>1000</MaxHealth>
			<Health>1000</Health>
			<HasGravity>true</HasGravity>
			<IsOnFire>false</IsOnFire>
			<IsInvincible>false</IsInvincible>
			<IsBulletProof>false</IsBulletProof>
			<IsCollisionProof>false</IsCollisionProof>
			<IsExplosionProof>false</IsExplosionProof>
			<IsFireProof>false</IsFireProof>
			<IsMeleeProof>false</IsMeleeProof>
			<IsOnlyDamagedByPlayer>false</IsOnlyDamagedByPlayer>
			<PositionRotation>
				<X>1027.78247</X>
				<Y>426.213623</Y>
				<Z>92.2210007</Z>
				<Pitch>1.25527811</Pitch>
				<Roll>-86.9127731</Roll>
				<Yaw>-21.6826363</Yaw>
			</PositionRotation>
			<Attachment isAttached="true">
				<AttachedTo>442374</AttachedTo>
				<BoneIndex>48</BoneIndex>
				<X>1.2100004</X>
				<Y>-1.4199996</Y>
				<Z>0.600000262</Z>
				<Pitch>1.90734863e-06</Pitch>
				<Roll>-89.9999924</Roll>
				<Yaw>89.9999924</Yaw>
			</Attachment>
		</Attachment>
		<Attachment>
			<ModelHash>0x55a8cf2a</ModelHash>
			<Type>3</Type>
			<Dynamic>false</Dynamic>
			<FrozenPos>true</FrozenPos>
			<HashName>prop_container_door_mb_l</HashName>
			<InitialHandle>174342</InitialHandle>
			<ObjectProperties>
				<TextureVariation>0</TextureVariation>
			</ObjectProperties>
			<OpacityLevel>255</OpacityLevel>
			<LodDistance>16960</LodDistance>
			<IsVisible>true</IsVisible>
			<MaxHealth>1000</MaxHealth>
			<Health>1000</Health>
			<HasGravity>true</HasGravity>
			<IsOnFire>false</IsOnFire>
			<IsInvincible>false</IsInvincible>
			<IsBulletProof>false</IsBulletProof>
			<IsCollisionProof>false</IsCollisionProof>
			<IsExplosionProof>false</IsExplosionProof>
			<IsFireProof>false</IsFireProof>
			<IsMeleeProof>false</IsMeleeProof>
			<IsOnlyDamagedByPlayer>false</IsOnlyDamagedByPlayer>
			<PositionRotation>
				<X>1028.79688</X>
				<Y>428.521637</Y>
				<Z>92.2713623</Z>
				<Pitch>-1.25527692</Pitch>
				<Roll>-93.0871964</Roll>
				<Yaw>158.317368</Yaw>
			</PositionRotation>
			<Attachment isAttached="true">
				<AttachedTo>442374</AttachedTo>
				<BoneIndex>48</BoneIndex>
				<X>-1.30999982</X>
				<Y>-1.32999957</Y>
				<Z>0.600000203</Z>
				<Pitch>1.90734863e-06</Pitch>
				<Roll>-89.9999924</Roll>
				<Yaw>-90</Yaw>
			</Attachment>
		</Attachment>
		<Attachment>
			<ModelHash>0x44083a8f</ModelHash>
			<Type>3</Type>
			<Dynamic>false</Dynamic>
			<FrozenPos>true</FrozenPos>
			<HashName>prop_ballistic_shield</HashName>
			<InitialHandle>451590</InitialHandle>
			<ObjectProperties>
				<TextureVariation>0</TextureVariation>
			</ObjectProperties>
			<OpacityLevel>255</OpacityLevel>
			<LodDistance>16960</LodDistance>
			<IsVisible>true</IsVisible>
			<MaxHealth>1000</MaxHealth>
			<Health>1000</Health>
			<HasGravity>true</HasGravity>
			<IsOnFire>false</IsOnFire>
			<IsInvincible>false</IsInvincible>
			<IsBulletProof>false</IsBulletProof>
			<IsCollisionProof>false</IsCollisionProof>
			<IsExplosionProof>false</IsExplosionProof>
			<IsFireProof>false</IsFireProof>
			<IsMeleeProof>false</IsMeleeProof>
			<IsOnlyDamagedByPlayer>false</IsOnlyDamagedByPlayer>
			<PositionRotation>
				<X>1027.00317</X>
				<Y>428.253723</Y>
				<Z>92.3359604</Z>
				<Pitch>-3.08646941</Pitch>
				<Roll>-88.7428818</Roll>
				<Yaw>-111.614922</Yaw>
			</PositionRotation>
			<Attachment isAttached="true">
				<AttachedTo>442374</AttachedTo>
				<BoneIndex>0</BoneIndex>
				<X>-0.399999976</X>
				<Y>-2.89999938</Y>
				<Z>0.599999964</Z>
				<Pitch>0</Pitch>
				<Roll>-89.9999924</Roll>
				<Yaw>0</Yaw>
			</Attachment>
		</Attachment>
		<Attachment>
			<ModelHash>0x44083a8f</ModelHash>
			<Type>3</Type>
			<Dynamic>false</Dynamic>
			<FrozenPos>true</FrozenPos>
			<HashName>prop_ballistic_shield</HashName>
			<InitialHandle>319750</InitialHandle>
			<ObjectProperties>
				<TextureVariation>0</TextureVariation>
			</ObjectProperties>
			<OpacityLevel>255</OpacityLevel>
			<LodDistance>16960</LodDistance>
			<IsVisible>true</IsVisible>
			<MaxHealth>1000</MaxHealth>
			<Health>1000</Health>
			<HasGravity>true</HasGravity>
			<IsOnFire>false</IsOnFire>
			<IsInvincible>false</IsInvincible>
			<IsBulletProof>false</IsBulletProof>
			<IsCollisionProof>false</IsCollisionProof>
			<IsExplosionProof>false</IsExplosionProof>
			<IsFireProof>false</IsFireProof>
			<IsMeleeProof>false</IsMeleeProof>
			<IsOnlyDamagedByPlayer>false</IsOnlyDamagedByPlayer>
			<PositionRotation>
				<X>1026.70776</X>
				<Y>427.510498</Y>
				<Z>92.3184357</Z>
				<Pitch>-3.08646941</Pitch>
				<Roll>91.2570877</Roll>
				<Yaw>-111.614922</Yaw>
			</PositionRotation>
			<Attachment isAttached="true">
				<AttachedTo>442374</AttachedTo>
				<BoneIndex>0</BoneIndex>
				<X>0.399999976</X>
				<Y>-2.89999938</Y>
				<Z>0.599999964</Z>
				<Pitch>0</Pitch>
				<Roll>90</Roll>
				<Yaw>0</Yaw>
			</Attachment>
		</Attachment>
		<Attachment>
			<ModelHash>0x36dac2c6</ModelHash>
			<Type>3</Type>
			<Dynamic>false</Dynamic>
			<FrozenPos>true</FrozenPos>
			<HashName>prop_gascyl_ramp_door_01</HashName>
			<InitialHandle>462598</InitialHandle>
			<ObjectProperties>
				<TextureVariation>0</TextureVariation>
			</ObjectProperties>
			<OpacityLevel>255</OpacityLevel>
			<LodDistance>16960</LodDistance>
			<IsVisible>true</IsVisible>
			<MaxHealth>1000</MaxHealth>
			<Health>1000</Health>
			<HasGravity>true</HasGravity>
			<IsOnFire>false</IsOnFire>
			<IsInvincible>false</IsInvincible>
			<IsBulletProof>false</IsBulletProof>
			<IsCollisionProof>false</IsCollisionProof>
			<IsExplosionProof>false</IsExplosionProof>
			<IsFireProof>false</IsFireProof>
			<IsMeleeProof>false</IsMeleeProof>
			<IsOnlyDamagedByPlayer>false</IsOnlyDamagedByPlayer>
			<PositionRotation>
				<X>1030.74646</X>
				<Y>426.764191</Y>
				<Z>92.3890533</Z>
				<Pitch>17.0276165</Pitch>
				<Roll>1.58913004</Roll>
				<Yaw>-107.153595</Yaw>
			</PositionRotation>
			<Attachment isAttached="true">
				<AttachedTo>442374</AttachedTo>
				<BoneIndex>0</BoneIndex>
				<X>-0.399999976</X>
				<Y>1.12</Y>
				<Z>0.870000005</Z>
				<Pitch>19.9999962</Pitch>
				<Roll>0</Roll>
				<Yaw>4.99999905</Yaw>
			</Attachment>
		</Attachment>
		<Attachment>
			<ModelHash>0x36dac2c6</ModelHash>
			<Type>3</Type>
			<Dynamic>false</Dynamic>
			<FrozenPos>true</FrozenPos>
			<HashName>prop_gascyl_ramp_door_01</HashName>
			<InitialHandle>46598</InitialHandle>
			<ObjectProperties>
				<TextureVariation>0</TextureVariation>
			</ObjectProperties>
			<OpacityLevel>255</OpacityLevel>
			<LodDistance>16960</LodDistance>
			<IsVisible>true</IsVisible>
			<MaxHealth>1000</MaxHealth>
			<Health>1000</Health>
			<HasGravity>true</HasGravity>
			<IsOnFire>false</IsOnFire>
			<IsInvincible>false</IsInvincible>
			<IsBulletProof>false</IsBulletProof>
			<IsCollisionProof>false</IsCollisionProof>
			<IsExplosionProof>false</IsExplosionProof>
			<IsFireProof>false</IsFireProof>
			<IsMeleeProof>false</IsMeleeProof>
			<IsOnlyDamagedByPlayer>false</IsOnlyDamagedByPlayer>
			<PositionRotation>
				<X>1030.66162</X>
				<Y>426.793304</Y>
				<Z>92.5841141</Z>
				<Pitch>17.0276165</Pitch>
				<Roll>1.58913004</Roll>
				<Yaw>-107.153595</Yaw>
			</PositionRotation>
			<Attachment isAttached="true">
				<AttachedTo>442374</AttachedTo>
				<BoneIndex>0</BoneIndex>
				<X>-0.399999976</X>
				<Y>1.0200001</Y>
				<Z>1.05999982</Z>
				<Pitch>19.9999962</Pitch>
				<Roll>0</Roll>
				<Yaw>4.99999905</Yaw>
			</Attachment>
		</Attachment>
		<Attachment>
			<ModelHash>0x36dac2c6</ModelHash>
			<Type>3</Type>
			<Dynamic>false</Dynamic>
			<FrozenPos>true</FrozenPos>
			<HashName>prop_gascyl_ramp_door_01</HashName>
			<InitialHandle>462342</InitialHandle>
			<ObjectProperties>
				<TextureVariation>0</TextureVariation>
			</ObjectProperties>
			<OpacityLevel>255</OpacityLevel>
			<LodDistance>16960</LodDistance>
			<IsVisible>true</IsVisible>
			<MaxHealth>1000</MaxHealth>
			<Health>1000</Health>
			<HasGravity>true</HasGravity>
			<IsOnFire>false</IsOnFire>
			<IsInvincible>false</IsInvincible>
			<IsBulletProof>false</IsBulletProof>
			<IsCollisionProof>false</IsCollisionProof>
			<IsExplosionProof>false</IsExplosionProof>
			<IsFireProof>false</IsFireProof>
			<IsMeleeProof>false</IsMeleeProof>
			<IsOnlyDamagedByPlayer>false</IsOnlyDamagedByPlayer>
			<PositionRotation>
				<X>1030.61133</X>
				<Y>426.81015</Y>
				<Z>92.7171249</Z>
				<Pitch>17.0276165</Pitch>
				<Roll>1.58913004</Roll>
				<Yaw>-107.153595</Yaw>
			</PositionRotation>
			<Attachment isAttached="true">
				<AttachedTo>442374</AttachedTo>
				<BoneIndex>0</BoneIndex>
				<X>-0.399999976</X>
				<Y>0.960000157</Y>
				<Z>1.1899997</Z>
				<Pitch>19.9999962</Pitch>
				<Roll>0</Roll>
				<Yaw>4.99999905</Yaw>
			</Attachment>
		</Attachment>
		<Attachment>
			<ModelHash>0x36dac2c6</ModelHash>
			<Type>3</Type>
			<Dynamic>false</Dynamic>
			<FrozenPos>true</FrozenPos>
			<HashName>prop_gascyl_ramp_door_01</HashName>
			<InitialHandle>439302</InitialHandle>
			<ObjectProperties>
				<TextureVariation>0</TextureVariation>
			</ObjectProperties>
			<OpacityLevel>255</OpacityLevel>
			<LodDistance>16960</LodDistance>
			<IsVisible>true</IsVisible>
			<MaxHealth>1000</MaxHealth>
			<Health>1000</Health>
			<HasGravity>true</HasGravity>
			<IsOnFire>false</IsOnFire>
			<IsInvincible>false</IsInvincible>
			<IsBulletProof>false</IsBulletProof>
			<IsCollisionProof>false</IsCollisionProof>
			<IsExplosionProof>false</IsExplosionProof>
			<IsFireProof>false</IsFireProof>
			<IsMeleeProof>false</IsMeleeProof>
			<IsOnlyDamagedByPlayer>false</IsOnlyDamagedByPlayer>
			<PositionRotation>
				<X>1030.32324</X>
				<Y>426.08551</Y>
				<Z>92.7000427</Z>
				<Pitch>16.8127155</Pitch>
				<Roll>1.02541149</Roll>
				<Yaw>-116.97271</Yaw>
			</PositionRotation>
			<Attachment isAttached="true">
				<AttachedTo>442374</AttachedTo>
				<BoneIndex>0</BoneIndex>
				<X>0.379999995</X>
				<Y>0.960000157</Y>
				<Z>1.1899997</Z>
				<Pitch>19.9999962</Pitch>
				<Roll>0</Roll>
				<Yaw>-5</Yaw>
			</Attachment>
		</Attachment>
		<Attachment>
			<ModelHash>0x36dac2c6</ModelHash>
			<Type>3</Type>
			<Dynamic>false</Dynamic>
			<FrozenPos>true</FrozenPos>
			<HashName>prop_gascyl_ramp_door_01</HashName>
			<InitialHandle>404486</InitialHandle>
			<ObjectProperties>
				<TextureVariation>0</TextureVariation>
			</ObjectProperties>
			<OpacityLevel>255</OpacityLevel>
			<LodDistance>16960</LodDistance>
			<IsVisible>true</IsVisible>
			<MaxHealth>1000</MaxHealth>
			<Health>1000</Health>
			<HasGravity>true</HasGravity>
			<IsOnFire>false</IsOnFire>
			<IsInvincible>false</IsInvincible>
			<IsBulletProof>false</IsBulletProof>
			<IsCollisionProof>false</IsCollisionProof>
			<IsExplosionProof>false</IsExplosionProof>
			<IsFireProof>false</IsFireProof>
			<IsMeleeProof>false</IsMeleeProof>
			<IsOnlyDamagedByPlayer>false</IsOnlyDamagedByPlayer>
			<PositionRotation>
				<X>1030.45837</X>
				<Y>426.039551</Y>
				<Z>92.3719711</Z>
				<Pitch>16.8127155</Pitch>
				<Roll>1.02541149</Roll>
				<Yaw>-116.97271</Yaw>
			</PositionRotation>
			<Attachment isAttached="true">
				<AttachedTo>442374</AttachedTo>
				<BoneIndex>0</BoneIndex>
				<X>0.379999995</X>
				<Y>1.12</Y>
				<Z>0.870000005</Z>
				<Pitch>19.9999962</Pitch>
				<Roll>0</Roll>
				<Yaw>-5</Yaw>
			</Attachment>
		</Attachment>
		<Attachment>
			<ModelHash>0x36dac2c6</ModelHash>
			<Type>3</Type>
			<Dynamic>false</Dynamic>
			<FrozenPos>true</FrozenPos>
			<HashName>prop_gascyl_ramp_door_01</HashName>
			<InitialHandle>379654</InitialHandle>
			<ObjectProperties>
				<TextureVariation>0</TextureVariation>
			</ObjectProperties>
			<OpacityLevel>255</OpacityLevel>
			<LodDistance>16960</LodDistance>
			<IsVisible>true</IsVisible>
			<MaxHealth>1000</MaxHealth>
			<Health>1000</Health>
			<HasGravity>true</HasGravity>
			<IsOnFire>false</IsOnFire>
			<IsInvincible>false</IsInvincible>
			<IsBulletProof>false</IsBulletProof>
			<IsCollisionProof>false</IsCollisionProof>
			<IsExplosionProof>false</IsExplosionProof>
			<IsFireProof>false</IsFireProof>
			<IsMeleeProof>false</IsMeleeProof>
			<IsOnlyDamagedByPlayer>false</IsOnlyDamagedByPlayer>
			<PositionRotation>
				<X>1030.37354</X>
				<Y>426.068695</Y>
				<Z>92.5670319</Z>
				<Pitch>16.8127155</Pitch>
				<Roll>1.02541149</Roll>
				<Yaw>-116.97271</Yaw>
			</PositionRotation>
			<Attachment isAttached="true">
				<AttachedTo>442374</AttachedTo>
				<BoneIndex>0</BoneIndex>
				<X>0.379999995</X>
				<Y>1.0200001</Y>
				<Z>1.05999982</Z>
				<Pitch>19.9999962</Pitch>
				<Roll>0</Roll>
				<Yaw>-5</Yaw>
			</Attachment>
		</Attachment>
		<Attachment>
			<ModelHash>0x36dac2c6</ModelHash>
			<Type>3</Type>
			<Dynamic>false</Dynamic>
			<FrozenPos>true</FrozenPos>
			<HashName>prop_gascyl_ramp_door_01</HashName>
			<InitialHandle>409350</InitialHandle>
			<ObjectProperties>
				<TextureVariation>0</TextureVariation>
			</ObjectProperties>
			<OpacityLevel>255</OpacityLevel>
			<LodDistance>16960</LodDistance>
			<IsVisible>true</IsVisible>
			<MaxHealth>1000</MaxHealth>
			<Health>1000</Health>
			<HasGravity>true</HasGravity>
			<IsOnFire>false</IsOnFire>
			<IsInvincible>false</IsInvincible>
			<IsBulletProof>false</IsBulletProof>
			<IsCollisionProof>false</IsCollisionProof>
			<IsExplosionProof>false</IsExplosionProof>
			<IsFireProof>false</IsFireProof>
			<IsMeleeProof>false</IsMeleeProof>
			<IsOnlyDamagedByPlayer>false</IsOnlyDamagedByPlayer>
			<PositionRotation>
				<X>1030.20386</X>
				<Y>427.467804</Y>
				<Z>92.4748383</Z>
				<Pitch>1.2552774</Pitch>
				<Roll>3.08721089</Roll>
				<Yaw>-21.6826382</Yaw>
			</PositionRotation>
			<Attachment isAttached="true">
				<AttachedTo>442374</AttachedTo>
				<BoneIndex>4</BoneIndex>
				<X>0.0199999996</X>
				<Y>-0.549999952</Y>
				<Z>0.199999958</Z>
				<Pitch>0</Pitch>
				<Roll>0</Roll>
				<Yaw>89.9999924</Yaw>
			</Attachment>
		</Attachment>
		<Attachment>
			<ModelHash>0x36dac2c6</ModelHash>
			<Type>3</Type>
			<Dynamic>false</Dynamic>
			<FrozenPos>true</FrozenPos>
			<HashName>prop_gascyl_ramp_door_01</HashName>
			<InitialHandle>461574</InitialHandle>
			<ObjectProperties>
				<TextureVariation>0</TextureVariation>
			</ObjectProperties>
			<OpacityLevel>255</OpacityLevel>
			<LodDistance>16960</LodDistance>
			<IsVisible>true</IsVisible>
			<MaxHealth>1000</MaxHealth>
			<Health>1000</Health>
			<HasGravity>true</HasGravity>
			<IsOnFire>false</IsOnFire>
			<IsInvincible>false</IsInvincible>
			<IsBulletProof>false</IsBulletProof>
			<IsCollisionProof>false</IsCollisionProof>
			<IsExplosionProof>false</IsExplosionProof>
			<IsFireProof>false</IsFireProof>
			<IsMeleeProof>false</IsMeleeProof>
			<IsOnlyDamagedByPlayer>false</IsOnlyDamagedByPlayer>
			<PositionRotation>
				<X>1030.20239</X>
				<Y>427.430664</Y>
				<Z>92.7037964</Z>
				<Pitch>1.2552774</Pitch>
				<Roll>3.08721089</Roll>
				<Yaw>-21.6826382</Yaw>
			</PositionRotation>
			<Attachment isAttached="true">
				<AttachedTo>442374</AttachedTo>
				<BoneIndex>4</BoneIndex>
				<X>0.049999997</X>
				<Y>-0.549999952</Y>
				<Z>0.429999828</Z>
				<Pitch>0</Pitch>
				<Roll>0</Roll>
				<Yaw>89.9999924</Yaw>
			</Attachment>
		</Attachment>
		<Attachment>
			<ModelHash>0x36dac2c6</ModelHash>
			<Type>3</Type>
			<Dynamic>false</Dynamic>
			<FrozenPos>true</FrozenPos>
			<HashName>prop_gascyl_ramp_door_01</HashName>
			<InitialHandle>462086</InitialHandle>
			<ObjectProperties>
				<TextureVariation>0</TextureVariation>
			</ObjectProperties>
			<OpacityLevel>255</OpacityLevel>
			<LodDistance>16960</LodDistance>
			<IsVisible>true</IsVisible>
			<MaxHealth>1000</MaxHealth>
			<Health>1000</Health>
			<HasGravity>true</HasGravity>
			<IsOnFire>false</IsOnFire>
			<IsInvincible>false</IsInvincible>
			<IsBulletProof>false</IsBulletProof>
			<IsCollisionProof>false</IsCollisionProof>
			<IsExplosionProof>false</IsExplosionProof>
			<IsFireProof>false</IsFireProof>
			<IsMeleeProof>false</IsMeleeProof>
			<IsOnlyDamagedByPlayer>false</IsOnlyDamagedByPlayer>
			<PositionRotation>
				<X>1029.58728</X>
				<Y>425.910614</Y>
				<Z>92.668396</Z>
				<Pitch>-13.7225733</Pitch>
				<Roll>3.17725039</Roll>
				<Yaw>-20.8604946</Yaw>
			</PositionRotation>
			<Attachment isAttached="true">
				<AttachedTo>442374</AttachedTo>
				<BoneIndex>1</BoneIndex>
				<X>-0.0599999949</X>
				<Y>-0.559999943</Y>
				<Z>0.429999828</Z>
				<Pitch>-14.999999</Pitch>
				<Roll>0</Roll>
				<Yaw>89.9999924</Yaw>
			</Attachment>
		</Attachment>
		<Attachment>
			<ModelHash>0x36dac2c6</ModelHash>
			<Type>3</Type>
			<Dynamic>false</Dynamic>
			<FrozenPos>true</FrozenPos>
			<HashName>prop_gascyl_ramp_door_01</HashName>
			<InitialHandle>455174</InitialHandle>
			<ObjectProperties>
				<TextureVariation>0</TextureVariation>
			</ObjectProperties>
			<OpacityLevel>255</OpacityLevel>
			<LodDistance>16960</LodDistance>
			<IsVisible>true</IsVisible>
			<MaxHealth>1000</MaxHealth>
			<Health>1000</Health>
			<HasGravity>true</HasGravity>
			<IsOnFire>false</IsOnFire>
			<IsInvincible>false</IsInvincible>
			<IsBulletProof>false</IsBulletProof>
			<IsCollisionProof>false</IsCollisionProof>
			<IsExplosionProof>false</IsExplosionProof>
			<IsFireProof>false</IsFireProof>
			<IsMeleeProof>false</IsMeleeProof>
			<IsOnlyDamagedByPlayer>false</IsOnlyDamagedByPlayer>
			<PositionRotation>
				<X>1029.56653</X>
				<Y>425.891968</Y>
				<Z>92.4381256</Z>
				<Pitch>-13.7225733</Pitch>
				<Roll>3.17725039</Roll>
				<Yaw>-20.8604946</Yaw>
			</PositionRotation>
			<Attachment isAttached="true">
				<AttachedTo>442374</AttachedTo>
				<BoneIndex>1</BoneIndex>
				<X>-0.0299999993</X>
				<Y>-0.559999943</Y>
				<Z>0.199999958</Z>
				<Pitch>-14.999999</Pitch>
				<Roll>0</Roll>
				<Yaw>89.9999924</Yaw>
			</Attachment>
		</Attachment>
		<Attachment>
			<ModelHash>0x55a8cf2a</ModelHash>
			<Type>3</Type>
			<Dynamic>false</Dynamic>
			<FrozenPos>true</FrozenPos>
			<HashName>prop_container_door_mb_l</HashName>
			<InitialHandle>201992</InitialHandle>
			<ObjectProperties>
				<TextureVariation>0</TextureVariation>
			</ObjectProperties>
			<OpacityLevel>255</OpacityLevel>
			<LodDistance>16960</LodDistance>
			<IsVisible>true</IsVisible>
			<MaxHealth>1000</MaxHealth>
			<Health>1000</Health>
			<HasGravity>true</HasGravity>
			<IsOnFire>false</IsOnFire>
			<IsInvincible>false</IsInvincible>
			<IsBulletProof>false</IsBulletProof>
			<IsCollisionProof>false</IsCollisionProof>
			<IsExplosionProof>false</IsExplosionProof>
			<IsFireProof>false</IsFireProof>
			<IsMeleeProof>false</IsMeleeProof>
			<IsOnlyDamagedByPlayer>false</IsOnlyDamagedByPlayer>
			<PositionRotation>
				<X>1028.49695</X>
				<Y>428.610718</Y>
				<Z>93.5496902</Z>
				<Pitch>86.6676865</Pitch>
				<Roll>22.1396179</Roll>
				<Yaw>-133.788406</Yaw>
			</PositionRotation>
			<Attachment isAttached="true">
				<AttachedTo>442374</AttachedTo>
				<BoneIndex>48</BoneIndex>
				<X>-1.30999982</X>
				<Y>-1.7099992</Y>
				<Z>1.85999918</Z>
				<Pitch>90.0000153</Pitch>
				<Roll>90</Roll>
				<Yaw>-90</Yaw>
			</Attachment>
		</Attachment>
		<Attachment>
			<ModelHash>0x55a8cf2a</ModelHash>
			<Type>3</Type>
			<Dynamic>false</Dynamic>
			<FrozenPos>true</FrozenPos>
			<HashName>prop_container_door_mb_l</HashName>
			<InitialHandle>562697</InitialHandle>
			<ObjectProperties>
				<TextureVariation>0</TextureVariation>
			</ObjectProperties>
			<OpacityLevel>255</OpacityLevel>
			<LodDistance>16960</LodDistance>
			<IsVisible>true</IsVisible>
			<MaxHealth>1000</MaxHealth>
			<Health>1000</Health>
			<HasGravity>true</HasGravity>
			<IsOnFire>false</IsOnFire>
			<IsInvincible>false</IsInvincible>
			<IsBulletProof>false</IsBulletProof>
			<IsCollisionProof>false</IsCollisionProof>
			<IsExplosionProof>false</IsExplosionProof>
			<IsFireProof>false</IsFireProof>
			<IsMeleeProof>false</IsMeleeProof>
			<IsOnlyDamagedByPlayer>false</IsOnlyDamagedByPlayer>
			<PositionRotation>
				<X>1027.78845</X>
				<Y>426.200226</Y>
				<Z>92.2302246</Z>
				<Pitch>86.6676865</Pitch>
				<Roll>-157.85997</Roll>
				<Yaw>-133.788803</Yaw>
			</PositionRotation>
			<Attachment isAttached="true">
				<AttachedTo>442374</AttachedTo>
				<BoneIndex>48</BoneIndex>
				<X>1.22000098</X>
				<Y>-1.40999937</Y>
				<Z>0.610000372</Z>
				<Pitch>90.0000153</Pitch>
				<Roll>90</Roll>
				<Yaw>90.0000076</Yaw>
			</Attachment>
		</Attachment>
		<Attachment>
			<ModelHash>0x55a8cf2a</ModelHash>
			<Type>3</Type>
			<Dynamic>false</Dynamic>
			<FrozenPos>true</FrozenPos>
			<HashName>prop_container_door_mb_l</HashName>
			<InitialHandle>367115</InitialHandle>
			<ObjectProperties>
				<TextureVariation>0</TextureVariation>
			</ObjectProperties>
			<OpacityLevel>255</OpacityLevel>
			<LodDistance>16960</LodDistance>
			<IsVisible>true</IsVisible>
			<MaxHealth>1000</MaxHealth>
			<Health>1000</Health>
			<HasGravity>true</HasGravity>
			<IsOnFire>false</IsOnFire>
			<IsInvincible>false</IsInvincible>
			<IsBulletProof>false</IsBulletProof>
			<IsCollisionProof>false</IsCollisionProof>
			<IsExplosionProof>false</IsExplosionProof>
			<IsFireProof>false</IsFireProof>
			<IsMeleeProof>false</IsMeleeProof>
			<IsOnlyDamagedByPlayer>false</IsOnlyDamagedByPlayer>
			<PositionRotation>
				<X>1029.43628</X>
				<Y>426.859558</Y>
				<Z>92.1775131</Z>
				<Pitch>3.08647156</Pitch>
				<Roll>-91.2570801</Roll>
				<Yaw>68.3850708</Yaw>
			</PositionRotation>
			<Attachment isAttached="true">
				<AttachedTo>442374</AttachedTo>
				<BoneIndex>48</BoneIndex>
				<X>1.2665987e-07</X>
				<Y>-0.119999297</Y>
				<Z>0.600000262</Z>
				<Pitch>1.90734863e-06</Pitch>
				<Roll>-89.9999924</Roll>
				<Yaw>180</Yaw>
			</Attachment>
		</Attachment>
		<Attachment>
			<ModelHash>0x55a8cf2a</ModelHash>
			<Type>3</Type>
			<Dynamic>false</Dynamic>
			<FrozenPos>true</FrozenPos>
			<HashName>prop_container_door_mb_l</HashName>
			<InitialHandle>636430</InitialHandle>
			<ObjectProperties>
				<TextureVariation>0</TextureVariation>
			</ObjectProperties>
			<OpacityLevel>255</OpacityLevel>
			<LodDistance>16960</LodDistance>
			<IsVisible>true</IsVisible>
			<MaxHealth>1000</MaxHealth>
			<Health>1000</Health>
			<HasGravity>true</HasGravity>
			<IsOnFire>false</IsOnFire>
			<IsInvincible>false</IsInvincible>
			<IsBulletProof>false</IsBulletProof>
			<IsCollisionProof>false</IsCollisionProof>
			<IsExplosionProof>false</IsExplosionProof>
			<IsFireProof>false</IsFireProof>
			<IsMeleeProof>false</IsMeleeProof>
			<IsOnlyDamagedByPlayer>false</IsOnlyDamagedByPlayer>
			<PositionRotation>
				<X>1027.51929</X>
				<Y>426.306915</Y>
				<Z>92.245842</Z>
				<Pitch>86.6676865</Pitch>
				<Roll>-157.85997</Roll>
				<Yaw>-133.788803</Yaw>
			</PositionRotation>
			<Attachment isAttached="true">
				<AttachedTo>442374</AttachedTo>
				<BoneIndex>48</BoneIndex>
				<X>1.22000098</X>
				<Y>-1.69999945</Y>
				<Z>0.610000372</Z>
				<Pitch>90.0000153</Pitch>
				<Roll>90</Roll>
				<Yaw>90.0000076</Yaw>
			</Attachment>
		</Attachment>
		<Attachment>
			<ModelHash>0x55a8cf2a</ModelHash>
			<Type>3</Type>
			<Dynamic>false</Dynamic>
			<FrozenPos>true</FrozenPos>
			<HashName>prop_container_door_mb_l</HashName>
			<InitialHandle>73999</InitialHandle>
			<ObjectProperties>
				<TextureVariation>0</TextureVariation>
			</ObjectProperties>
			<OpacityLevel>255</OpacityLevel>
			<LodDistance>16960</LodDistance>
			<IsVisible>true</IsVisible>
			<MaxHealth>1000</MaxHealth>
			<Health>1000</Health>
			<HasGravity>true</HasGravity>
			<IsOnFire>false</IsOnFire>
			<IsInvincible>false</IsInvincible>
			<IsBulletProof>false</IsBulletProof>
			<IsCollisionProof>false</IsCollisionProof>
			<IsExplosionProof>false</IsExplosionProof>
			<IsFireProof>false</IsFireProof>
			<IsMeleeProof>false</IsMeleeProof>
			<IsOnlyDamagedByPlayer>false</IsOnlyDamagedByPlayer>
			<PositionRotation>
				<X>1028.45374</X>
				<Y>428.657349</Y>
				<Z>92.3012695</Z>
				<Pitch>86.6676865</Pitch>
				<Roll>22.1396179</Roll>
				<Yaw>-133.788406</Yaw>
			</PositionRotation>
			<Attachment isAttached="true">
				<AttachedTo>442374</AttachedTo>
				<BoneIndex>48</BoneIndex>
				<X>-1.30999982</X>
				<Y>-1.69999957</Y>
				<Z>0.610000372</Z>
				<Pitch>90.0000153</Pitch>
				<Roll>90</Roll>
				<Yaw>-90</Yaw>
			</Attachment>
		</Attachment>
		<Attachment>
			<ModelHash>0x55a8cf2a</ModelHash>
			<Type>3</Type>
			<Dynamic>false</Dynamic>
			<FrozenPos>true</FrozenPos>
			<HashName>prop_container_door_mb_l</HashName>
			<InitialHandle>682767</InitialHandle>
			<ObjectProperties>
				<TextureVariation>0</TextureVariation>
			</ObjectProperties>
			<OpacityLevel>255</OpacityLevel>
			<LodDistance>16960</LodDistance>
			<IsVisible>true</IsVisible>
			<MaxHealth>1000</MaxHealth>
			<Health>1000</Health>
			<HasGravity>true</HasGravity>
			<IsOnFire>false</IsOnFire>
			<IsInvincible>false</IsInvincible>
			<IsBulletProof>false</IsBulletProof>
			<IsCollisionProof>false</IsCollisionProof>
			<IsExplosionProof>false</IsExplosionProof>
			<IsFireProof>false</IsFireProof>
			<IsMeleeProof>false</IsMeleeProof>
			<IsOnlyDamagedByPlayer>false</IsOnlyDamagedByPlayer>
			<PositionRotation>
				<X>1027.50391</X>
				<Y>426.323944</Y>
				<Z>92.2371521</Z>
				<Pitch>1.25527811</Pitch>
				<Roll>-86.9127731</Roll>
				<Yaw>-21.6826363</Yaw>
			</PositionRotation>
			<Attachment isAttached="true">
				<AttachedTo>442374</AttachedTo>
				<BoneIndex>48</BoneIndex>
				<X>1.2100004</X>
				<Y>-1.71999967</Y>
				<Z>0.600000262</Z>
				<Pitch>1.90734863e-06</Pitch>
				<Roll>-89.9999924</Roll>
				<Yaw>89.9999924</Yaw>
			</Attachment>
		</Attachment>
		<Attachment>
			<ModelHash>0x55a8cf2a</ModelHash>
			<Type>3</Type>
			<Dynamic>false</Dynamic>
			<FrozenPos>true</FrozenPos>
			<HashName>prop_container_door_mb_l</HashName>
			<InitialHandle>239120</InitialHandle>
			<ObjectProperties>
				<TextureVariation>0</TextureVariation>
			</ObjectProperties>
			<OpacityLevel>255</OpacityLevel>
			<LodDistance>16960</LodDistance>
			<IsVisible>true</IsVisible>
			<MaxHealth>1000</MaxHealth>
			<Health>1000</Health>
			<HasGravity>true</HasGravity>
			<IsOnFire>false</IsOnFire>
			<IsInvincible>false</IsInvincible>
			<IsBulletProof>false</IsBulletProof>
			<IsCollisionProof>false</IsCollisionProof>
			<IsExplosionProof>false</IsExplosionProof>
			<IsFireProof>false</IsFireProof>
			<IsMeleeProof>false</IsMeleeProof>
			<IsOnlyDamagedByPlayer>false</IsOnlyDamagedByPlayer>
			<PositionRotation>
				<X>1028.45337</X>
				<Y>428.657745</Y>
				<Z>92.2912827</Z>
				<Pitch>-1.25527692</Pitch>
				<Roll>-93.0871964</Roll>
				<Yaw>158.317368</Yaw>
			</PositionRotation>
			<Attachment isAttached="true">
				<AttachedTo>442374</AttachedTo>
				<BoneIndex>48</BoneIndex>
				<X>-1.30999982</X>
				<Y>-1.69999969</Y>
				<Z>0.600000203</Z>
				<Pitch>1.90734863e-06</Pitch>
				<Roll>-89.9999924</Roll>
				<Yaw>-90</Yaw>
			</Attachment>
		</Attachment>
		<Attachment>
			<ModelHash>0x55a8cf2a</ModelHash>
			<Type>3</Type>
			<Dynamic>false</Dynamic>
			<FrozenPos>true</FrozenPos>
			<HashName>prop_container_door_mb_l</HashName>
			<InitialHandle>100623</InitialHandle>
			<ObjectProperties>
				<TextureVariation>0</TextureVariation>
			</ObjectProperties>
			<OpacityLevel>255</OpacityLevel>
			<LodDistance>16960</LodDistance>
			<IsVisible>true</IsVisible>
			<MaxHealth>1000</MaxHealth>
			<Health>1000</Health>
			<HasGravity>true</HasGravity>
			<IsOnFire>false</IsOnFire>
			<IsInvincible>false</IsInvincible>
			<IsBulletProof>false</IsBulletProof>
			<IsCollisionProof>false</IsCollisionProof>
			<IsExplosionProof>false</IsExplosionProof>
			<IsFireProof>false</IsFireProof>
			<IsMeleeProof>false</IsMeleeProof>
			<IsOnlyDamagedByPlayer>false</IsOnlyDamagedByPlayer>
			<PositionRotation>
				<X>1026.81262</X>
				<Y>427.963593</Y>
				<Z>92.332283</Z>
				<Pitch>-3.08646774</Pitch>
				<Roll>-88.7428818</Roll>
				<Yaw>-111.614922</Yaw>
			</PositionRotation>
			<Attachment isAttached="true">
				<AttachedTo>442374</AttachedTo>
				<BoneIndex>48</BoneIndex>
				<X>-0.0599998832</X>
				<Y>-2.96999884</Y>
				<Z>0.600000262</Z>
				<Pitch>1.90734863e-06</Pitch>
				<Roll>-89.9999924</Roll>
				<Yaw>1.90734863e-06</Yaw>
			</Attachment>
		</Attachment>
		<Attachment>
			<ModelHash>0x55a8cf2a</ModelHash>
			<Type>3</Type>
			<Dynamic>false</Dynamic>
			<FrozenPos>true</FrozenPos>
			<HashName>prop_container_door_mb_l</HashName>
			<InitialHandle>693010</InitialHandle>
			<ObjectProperties>
				<TextureVariation>0</TextureVariation>
			</ObjectProperties>
			<OpacityLevel>255</OpacityLevel>
			<LodDistance>16960</LodDistance>
			<IsVisible>true</IsVisible>
			<MaxHealth>1000</MaxHealth>
			<Health>1000</Health>
			<HasGravity>true</HasGravity>
			<IsOnFire>false</IsOnFire>
			<IsInvincible>false</IsInvincible>
			<IsBulletProof>false</IsBulletProof>
			<IsCollisionProof>false</IsCollisionProof>
			<IsExplosionProof>false</IsExplosionProof>
			<IsFireProof>false</IsFireProof>
			<IsMeleeProof>false</IsMeleeProof>
			<IsOnlyDamagedByPlayer>false</IsOnlyDamagedByPlayer>
			<PositionRotation>
				<X>1027.84094</X>
				<Y>426.149963</Y>
				<Z>93.4781113</Z>
				<Pitch>86.6676865</Pitch>
				<Roll>-157.85997</Roll>
				<Yaw>-133.788803</Yaw>
			</PositionRotation>
			<Attachment isAttached="true">
				<AttachedTo>442374</AttachedTo>
				<BoneIndex>48</BoneIndex>
				<X>1.22000098</X>
				<Y>-1.40999937</Y>
				<Z>1.85999918</Z>
				<Pitch>90.0000153</Pitch>
				<Roll>90</Roll>
				<Yaw>90.0000076</Yaw>
			</Attachment>
		</Attachment>
		<Attachment>
			<ModelHash>0x55a8cf2a</ModelHash>
			<Type>3</Type>
			<Dynamic>false</Dynamic>
			<FrozenPos>true</FrozenPos>
			<HashName>prop_container_door_mb_l</HashName>
			<InitialHandle>774674</InitialHandle>
			<ObjectProperties>
				<TextureVariation>0</TextureVariation>
			</ObjectProperties>
			<OpacityLevel>255</OpacityLevel>
			<LodDistance>16960</LodDistance>
			<IsVisible>true</IsVisible>
			<MaxHealth>1000</MaxHealth>
			<Health>1000</Health>
			<HasGravity>true</HasGravity>
			<IsOnFire>false</IsOnFire>
			<IsInvincible>false</IsInvincible>
			<IsBulletProof>false</IsBulletProof>
			<IsCollisionProof>false</IsCollisionProof>
			<IsExplosionProof>false</IsExplosionProof>
			<IsFireProof>false</IsFireProof>
			<IsMeleeProof>false</IsMeleeProof>
			<IsOnlyDamagedByPlayer>false</IsOnlyDamagedByPlayer>
			<PositionRotation>
				<X>1027.57166</X>
				<Y>426.256622</Y>
				<Z>93.4937286</Z>
				<Pitch>86.6676865</Pitch>
				<Roll>-157.85997</Roll>
				<Yaw>-133.788803</Yaw>
			</PositionRotation>
			<Attachment isAttached="true">
				<AttachedTo>442374</AttachedTo>
				<BoneIndex>48</BoneIndex>
				<X>1.22000098</X>
				<Y>-1.69999945</Y>
				<Z>1.86000061</Z>
				<Pitch>90.0000153</Pitch>
				<Roll>90</Roll>
				<Yaw>90.0000076</Yaw>
			</Attachment>
		</Attachment>
		<Attachment>
			<ModelHash>0x55a8cf2a</ModelHash>
			<Type>3</Type>
			<Dynamic>false</Dynamic>
			<FrozenPos>true</FrozenPos>
			<HashName>prop_container_door_mb_l</HashName>
			<InitialHandle>644115</InitialHandle>
			<ObjectProperties>
				<TextureVariation>0</TextureVariation>
			</ObjectProperties>
			<OpacityLevel>255</OpacityLevel>
			<LodDistance>16960</LodDistance>
			<IsVisible>true</IsVisible>
			<MaxHealth>1000</MaxHealth>
			<Health>1000</Health>
			<HasGravity>true</HasGravity>
			<IsOnFire>false</IsOnFire>
			<IsInvincible>false</IsInvincible>
			<IsBulletProof>false</IsBulletProof>
			<IsCollisionProof>false</IsCollisionProof>
			<IsExplosionProof>false</IsExplosionProof>
			<IsFireProof>false</IsFireProof>
			<IsMeleeProof>false</IsMeleeProof>
			<IsOnlyDamagedByPlayer>false</IsOnlyDamagedByPlayer>
			<PositionRotation>
				<X>1028.76575</X>
				<Y>428.504456</Y>
				<Z>93.5240936</Z>
				<Pitch>86.6676865</Pitch>
				<Roll>22.1396179</Roll>
				<Yaw>-133.788406</Yaw>
			</PositionRotation>
			<Attachment isAttached="true">
				<AttachedTo>442374</AttachedTo>
				<BoneIndex>48</BoneIndex>
				<X>-1.30999982</X>
				<Y>-1.41999948</Y>
				<Z>1.85000062</Z>
				<Pitch>90.0000153</Pitch>
				<Roll>90</Roll>
				<Yaw>-90</Yaw>
			</Attachment>
		</Attachment>
		<Attachment>
			<ModelHash>0x55a8cf2a</ModelHash>
			<Type>3</Type>
			<Dynamic>false</Dynamic>
			<FrozenPos>true</FrozenPos>
			<HashName>prop_container_door_mb_l</HashName>
			<InitialHandle>331029</InitialHandle>
			<ObjectProperties>
				<TextureVariation>0</TextureVariation>
			</ObjectProperties>
			<OpacityLevel>255</OpacityLevel>
			<LodDistance>16960</LodDistance>
			<IsVisible>true</IsVisible>
			<MaxHealth>1000</MaxHealth>
			<Health>1000</Health>
			<HasGravity>true</HasGravity>
			<IsOnFire>false</IsOnFire>
			<IsInvincible>false</IsInvincible>
			<IsBulletProof>false</IsBulletProof>
			<IsCollisionProof>false</IsCollisionProof>
			<IsExplosionProof>false</IsExplosionProof>
			<IsFireProof>false</IsFireProof>
			<IsMeleeProof>false</IsMeleeProof>
			<IsOnlyDamagedByPlayer>false</IsOnlyDamagedByPlayer>
			<PositionRotation>
				<X>1028.74976</X>
				<Y>427.112823</Y>
				<Z>93.4686966</Z>
				<Pitch>86.667572</Pitch>
				<Roll>112.139847</Roll>
				<Yaw>-133.788651</Yaw>
			</PositionRotation>
			<Attachment isAttached="true">
				<AttachedTo>442374</AttachedTo>
				<BoneIndex>48</BoneIndex>
				<X>-0.00999952853</X>
				<Y>-0.919999361</Y>
				<Z>1.85000062</Z>
				<Pitch>90.0000153</Pitch>
				<Roll>90</Roll>
				<Yaw>1.90734863e-06</Yaw>
			</Attachment>
		</Attachment>
		<Attachment>
			<ModelHash>0x44083a8f</ModelHash>
			<Type>3</Type>
			<Dynamic>false</Dynamic>
			<FrozenPos>true</FrozenPos>
			<HashName>prop_ballistic_shield</HashName>
			<InitialHandle>195606</InitialHandle>
			<ObjectProperties>
				<TextureVariation>0</TextureVariation>
			</ObjectProperties>
			<OpacityLevel>255</OpacityLevel>
			<LodDistance>16960</LodDistance>
			<IsVisible>true</IsVisible>
			<MaxHealth>1000</MaxHealth>
			<Health>1000</Health>
			<HasGravity>true</HasGravity>
			<IsOnFire>false</IsOnFire>
			<IsInvincible>false</IsInvincible>
			<IsBulletProof>false</IsBulletProof>
			<IsCollisionProof>false</IsCollisionProof>
			<IsExplosionProof>false</IsExplosionProof>
			<IsFireProof>false</IsFireProof>
			<IsMeleeProof>false</IsMeleeProof>
			<IsOnlyDamagedByPlayer>false</IsOnlyDamagedByPlayer>
			<PositionRotation>
				<X>1031.13855</X>
				<Y>427.047668</Y>
				<Z>92.0133667</Z>
				<Pitch>-0.124358088</Pitch>
				<Roll>-3.33010793</Roll>
				<Yaw>138.347595</Yaw>
			</PositionRotation>
			<Attachment isAttached="true">
				<AttachedTo>442374</AttachedTo>
				<BoneIndex>48</BoneIndex>
				<X>-0.800000131</X>
				<Y>1.40000033</Y>
				<Z>0.50000006</Z>
				<Pitch>0</Pitch>
				<Roll>0</Roll>
				<Yaw>-109.999985</Yaw>
			</Attachment>
		</Attachment>
		<Attachment>
			<ModelHash>0x44083a8f</ModelHash>
			<Type>3</Type>
			<Dynamic>false</Dynamic>
			<FrozenPos>true</FrozenPos>
			<HashName>prop_ballistic_shield</HashName>
			<InitialHandle>92952</InitialHandle>
			<ObjectProperties>
				<TextureVariation>0</TextureVariation>
			</ObjectProperties>
			<OpacityLevel>255</OpacityLevel>
			<LodDistance>16960</LodDistance>
			<IsVisible>true</IsVisible>
			<MaxHealth>1000</MaxHealth>
			<Health>1000</Health>
			<HasGravity>true</HasGravity>
			<IsOnFire>false</IsOnFire>
			<IsInvincible>false</IsInvincible>
			<IsBulletProof>false</IsBulletProof>
			<IsCollisionProof>false</IsCollisionProof>
			<IsExplosionProof>false</IsExplosionProof>
			<IsFireProof>false</IsFireProof>
			<IsMeleeProof>false</IsMeleeProof>
			<IsOnlyDamagedByPlayer>false</IsOnlyDamagedByPlayer>
			<PositionRotation>
				<X>1031.58459</X>
				<Y>426.655884</Y>
				<Z>91.9788361</Z>
				<Pitch>-0.124358088</Pitch>
				<Roll>-3.33010793</Roll>
				<Yaw>138.347595</Yaw>
			</PositionRotation>
			<Attachment isAttached="true">
				<AttachedTo>442374</AttachedTo>
				<BoneIndex>48</BoneIndex>
				<X>-0.600000083</X>
				<Y>1.96000051</Y>
				<Z>0.50000006</Z>
				<Pitch>0</Pitch>
				<Roll>0</Roll>
				<Yaw>-109.999985</Yaw>
			</Attachment>
		</Attachment>
		<Attachment>
			<ModelHash>0x44083a8f</ModelHash>
			<Type>3</Type>
			<Dynamic>false</Dynamic>
			<FrozenPos>true</FrozenPos>
			<HashName>prop_ballistic_shield</HashName>
			<InitialHandle>63768</InitialHandle>
			<ObjectProperties>
				<TextureVariation>0</TextureVariation>
			</ObjectProperties>
			<OpacityLevel>255</OpacityLevel>
			<LodDistance>16960</LodDistance>
			<IsVisible>true</IsVisible>
			<MaxHealth>1000</MaxHealth>
			<Health>1000</Health>
			<HasGravity>true</HasGravity>
			<IsOnFire>false</IsOnFire>
			<IsInvincible>false</IsInvincible>
			<IsBulletProof>false</IsBulletProof>
			<IsCollisionProof>false</IsCollisionProof>
			<IsExplosionProof>false</IsExplosionProof>
			<IsFireProof>false</IsFireProof>
			<IsMeleeProof>false</IsMeleeProof>
			<IsOnlyDamagedByPlayer>false</IsOnlyDamagedByPlayer>
			<PositionRotation>
				<X>1031.14136</X>
				<Y>425.541046</Y>
				<Z>91.9525452</Z>
				<Pitch>2.23517227</Pitch>
				<Roll>2.47228098</Roll>
				<Yaw>-1.69702744</Yaw>
			</PositionRotation>
			<Attachment isAttached="true">
				<AttachedTo>442374</AttachedTo>
				<BoneIndex>48</BoneIndex>
				<X>0.600000143</X>
				<Y>1.96000051</Y>
				<Z>0.50000006</Z>
				<Pitch>0</Pitch>
				<Roll>0</Roll>
				<Yaw>110.000015</Yaw>
			</Attachment>
		</Attachment>
		<Attachment>
			<ModelHash>0x44083a8f</ModelHash>
			<Type>3</Type>
			<Dynamic>false</Dynamic>
			<FrozenPos>true</FrozenPos>
			<HashName>prop_ballistic_shield</HashName>
			<InitialHandle>179739</InitialHandle>
			<ObjectProperties>
				<TextureVariation>0</TextureVariation>
			</ObjectProperties>
			<OpacityLevel>255</OpacityLevel>
			<LodDistance>16960</LodDistance>
			<IsVisible>true</IsVisible>
			<MaxHealth>1000</MaxHealth>
			<Health>1000</Health>
			<HasGravity>true</HasGravity>
			<IsOnFire>false</IsOnFire>
			<IsInvincible>false</IsInvincible>
			<IsBulletProof>false</IsBulletProof>
			<IsCollisionProof>false</IsCollisionProof>
			<IsExplosionProof>false</IsExplosionProof>
			<IsFireProof>false</IsFireProof>
			<IsMeleeProof>false</IsMeleeProof>
			<IsOnlyDamagedByPlayer>false</IsOnlyDamagedByPlayer>
			<PositionRotation>
				<X>1030.54761</X>
				<Y>425.561249</Y>
				<Z>91.9783173</Z>
				<Pitch>2.23517275</Pitch>
				<Roll>2.47228098</Roll>
				<Yaw>-1.69702435</Yaw>
			</PositionRotation>
			<Attachment isAttached="true">
				<AttachedTo>442374</AttachedTo>
				<BoneIndex>48</BoneIndex>
				<X>0.80000025</X>
				<Y>1.40000033</Y>
				<Z>0.50000006</Z>
				<Pitch>0</Pitch>
				<Roll>0</Roll>
				<Yaw>110.000023</Yaw>
			</Attachment>
		</Attachment>
	</SpoonerAttachments>
</Vehicle>
