<?xml version="1.0"?>
<Vehicle menyoo_ver="0.9998753b">
	<ModelHash>0x4662bcbb</ModelHash>
	<InitialHandle>654866</InitialHandle>
	<VehicleProperties>
		<Colours>
			<Primary>0</Primary>
			<Secondary>0</Secondary>
			<Pearl>18</Pearl>
			<Rim>156</Rim>
			<Mod1_a>6</Mod1_a>
			<Mod1_b>-1</Mod1_b>
			<Mod1_c>-1</Mod1_c>
			<Mod2_a>6</Mod2_a>
			<Mod2_b>-1</Mod2_b>
			<IsPrimaryColourCustom>false</IsPrimaryColourCustom>
			<IsSecondaryColourCustom>false</IsSecondaryColourCustom>
			<tyreSmoke_R>255</tyreSmoke_R>
			<tyreSmoke_G>255</tyreSmoke_G>
			<tyreSmoke_B>255</tyreSmoke_B>
			<LrInterior>0</LrInterior>
			<LrDashboard>0</LrDashboard>
		</Colours>
		<Livery>-1</Livery>
		<NumberPlateText> MENYOO </NumberPlateText>
		<NumberPlateIndex>5</NumberPlateIndex>
		<WheelType>4</WheelType>
		<WheelsInvisible>false</WheelsInvisible>
		<EngineSoundName />
		<WindowTint>-1</WindowTint>
		<BulletProofTyres>true</BulletProofTyres>
		<DirtLevel>0.197574794</DirtLevel>
		<PaintFade>0.298039228</PaintFade>
		<RoofState>0</RoofState>
		<SirenActive>false</SirenActive>
		<EngineOn>true</EngineOn>
		<EngineHealth>2000</EngineHealth>
		<LightsOn>true</LightsOn>
		<IsRadioLoud>0</IsRadioLoud>
		<LockStatus>1</LockStatus>
		<Neons>
			<Left>false</Left>
			<Right>false</Right>
			<Front>false</Front>
			<Back>false</Back>
			<R>255</R>
			<G>0</G>
			<B>255</B>
		</Neons>
		<ModExtras />
		<Mods>
			<_0>-1,0</_0>
			<_1>-1,0</_1>
			<_2>-1,0</_2>
			<_3>-1,0</_3>
			<_4>-1,0</_4>
			<_5>-1,0</_5>
			<_6>-1,0</_6>
			<_7>-1,0</_7>
			<_8>-1,0</_8>
			<_9>-1,0</_9>
			<_10>-1,0</_10>
			<_11>-1,0</_11>
			<_12>-1,0</_12>
			<_13>-1,0</_13>
			<_14>-1,0</_14>
			<_15>-1,0</_15>
			<_16>-1,0</_16>
			<_17>false</_17>
			<_18>false</_18>
			<_19>false</_19>
			<_20>false</_20>
			<_21>false</_21>
			<_22>false</_22>
			<_23>-1,0</_23>
			<_24>-1,0</_24>
			<_25>-1,0</_25>
			<_26>-1,0</_26>
			<_27>-1,0</_27>
			<_28>-1,0</_28>
			<_29>-1,0</_29>
			<_30>-1,0</_30>
			<_31>-1,0</_31>
			<_32>-1,0</_32>
			<_33>-1,0</_33>
			<_34>-1,0</_34>
			<_35>-1,0</_35>
			<_36>-1,0</_36>
			<_37>-1,0</_37>
			<_38>-1,0</_38>
			<_39>-1,0</_39>
			<_40>-1,0</_40>
			<_41>-1,0</_41>
			<_42>-1,0</_42>
			<_43>-1,0</_43>
			<_44>-1,0</_44>
			<_45>-1,0</_45>
			<_46>-1,0</_46>
			<_47>-1,0</_47>
			<_48>-1,0</_48>
		</Mods>
		<DoorsOpen>
			<BackLeftDoor>false</BackLeftDoor>
			<BackRightDoor>false</BackRightDoor>
			<FrontLeftDoor>false</FrontLeftDoor>
			<FrontRightDoor>false</FrontRightDoor>
			<Hood>false</Hood>
			<Trunk>false</Trunk>
			<Trunk2>false</Trunk2>
		</DoorsOpen>
		<DoorsBroken>
			<BackLeftDoor>false</BackLeftDoor>
			<BackRightDoor>false</BackRightDoor>
			<FrontLeftDoor>false</FrontLeftDoor>
			<FrontRightDoor>false</FrontRightDoor>
			<Hood>false</Hood>
			<Trunk>false</Trunk>
			<Trunk2>false</Trunk2>
		</DoorsBroken>
		<TyresBursted>
			<FrontLeft>false</FrontLeft>
			<FrontRight>false</FrontRight>
			<_2>false</_2>
			<_3>false</_3>
			<BackLeft>false</BackLeft>
			<BackRight>false</BackRight>
			<_6>false</_6>
			<_7>false</_7>
			<_8>false</_8>
		</TyresBursted>
	</VehicleProperties>
	<OpacityLevel>255</OpacityLevel>
	<LodDistance>750</LodDistance>
	<IsVisible>true</IsVisible>
	<IsDriverVisible>true</IsDriverVisible>
	<MaxHealth>1000</MaxHealth>
	<Health>1000</Health>
	<HasGravity>true</HasGravity>
	<IsOnFire>false</IsOnFire>
	<IsInvincible>true</IsInvincible>
	<IsBulletProof>true</IsBulletProof>
	<IsExplosionProof>true</IsExplosionProof>
	<IsFireProof>false</IsFireProof>
	<IsMeleeProof>true</IsMeleeProof>
	<IsOnlyDamagedByPlayer>false</IsOnlyDamagedByPlayer>
	<SpoonerAttachments SetAttachmentsPersistentAndAddToSpoonerDatabase="true" StartTaskSequencesOnLoad="true">
		<Attachment>
			<ModelHash>0x4fcad2e0</ModelHash>
			<Type>3</Type>
			<Dynamic>false</Dynamic>
			<FrozenPos>true</FrozenPos>
			<HashName>apa_mp_apa_yacht</HashName>
			<InitialHandle>101392</InitialHandle>
			<ObjectProperties>
				<TextureVariation>16</TextureVariation>
			</ObjectProperties>
			<OpacityLevel>255</OpacityLevel>
			<LodDistance>16960</LodDistance>
			<IsVisible>true</IsVisible>
			<MaxHealth>1000</MaxHealth>
			<Health>1000</Health>
			<HasGravity>true</HasGravity>
			<IsOnFire>false</IsOnFire>
			<IsInvincible>true</IsInvincible>
			<IsBulletProof>false</IsBulletProof>
			<IsCollisionProof>true</IsCollisionProof>
			<IsExplosionProof>true</IsExplosionProof>
			<IsFireProof>false</IsFireProof>
			<IsMeleeProof>true</IsMeleeProof>
			<IsOnlyDamagedByPlayer>false</IsOnlyDamagedByPlayer>
			<PositionRotation>
				<X>-1226.84546</X>
				<Y>-3107.31079</Y>
				<Z>18.6218796</Z>
				<Pitch>0.825601816</Pitch>
				<Roll>0.902550638</Roll>
				<Yaw>-37.8084221</Yaw>
			</PositionRotation>
			<Attachment isAttached="true">
				<AttachedTo>654866</AttachedTo>
				<BoneIndex>0</BoneIndex>
				<X>-3.43562961</X>
				<Y>15.4075594</Y>
				<Z>5.11224747</Z>
				<Pitch>0.840065241</Pitch>
				<Roll>0.826237738</Roll>
				<Yaw>92.3535156</Yaw>
			</Attachment>
		</Attachment>
		<Attachment>
			<ModelHash>0x54c3574f</ModelHash>
			<Type>3</Type>
			<Dynamic>false</Dynamic>
			<FrozenPos>true</FrozenPos>
			<HashName>apa_mp_apa_yacht_o3_rail_b</HashName>
			<InitialHandle>727826</InitialHandle>
			<ObjectProperties>
				<TextureVariation>0</TextureVariation>
			</ObjectProperties>
			<OpacityLevel>255</OpacityLevel>
			<LodDistance>16960</LodDistance>
			<IsVisible>true</IsVisible>
			<MaxHealth>1000</MaxHealth>
			<Health>0</Health>
			<HasGravity>true</HasGravity>
			<IsOnFire>false</IsOnFire>
			<IsInvincible>false</IsInvincible>
			<IsBulletProof>false</IsBulletProof>
			<IsCollisionProof>false</IsCollisionProof>
			<IsExplosionProof>false</IsExplosionProof>
			<IsFireProof>false</IsFireProof>
			<IsMeleeProof>false</IsMeleeProof>
			<IsOnlyDamagedByPlayer>false</IsOnlyDamagedByPlayer>
			<PositionRotation>
				<X>-1226.48938</X>
				<Y>-3107.16016</Y>
				<Z>32.9134521</Z>
				<Pitch>-0.480309188</Pitch>
				<Roll>1.17486048</Roll>
				<Yaw>-37.6105881</Yaw>
			</PositionRotation>
			<Attachment isAttached="true">
				<AttachedTo>101392</AttachedTo>
				<BoneIndex>0</BoneIndex>
				<X>-0.0359902754</X>
				<Y>0.543168068</Y>
				<Z>14.286437</Z>
				<Pitch>-1.30886126</Pitch>
				<Roll>0.274930835</Roll>
				<Yaw>0.177277923</Yaw>
			</Attachment>
		</Attachment>
		<Attachment>
			<ModelHash>0xd16854bb</ModelHash>
			<Type>3</Type>
			<Dynamic>true</Dynamic>
			<FrozenPos>false</FrozenPos>
			<HashName>apa_mp_apa_yacht_jacuzzi_ripple003</HashName>
			<InitialHandle>628754</InitialHandle>
			<TaskSequence>
				<Task>
					<Type>25</Type>
					<Duration>1000</Duration>
					<KeepTaskRunningAfterTime>-2</KeepTaskRunningAfterTime>
					<IsLoopedTask>true</IsLoopedTask>
					<IsRelative>true</IsRelative>
					<Heading>94</Heading>
					<Pitch>22</Pitch>
					<Magnitude>12.5</Magnitude>
				</Task>
			</TaskSequence>
			<ObjectProperties>
				<TextureVariation>3</TextureVariation>
			</ObjectProperties>
			<OpacityLevel>255</OpacityLevel>
			<LodDistance>16960</LodDistance>
			<IsVisible>true</IsVisible>
			<MaxHealth>1000</MaxHealth>
			<Health>1000</Health>
			<HasGravity>false</HasGravity>
			<IsOnFire>false</IsOnFire>
			<IsInvincible>false</IsInvincible>
			<IsBulletProof>false</IsBulletProof>
			<IsCollisionProof>false</IsCollisionProof>
			<IsExplosionProof>false</IsExplosionProof>
			<IsFireProof>false</IsFireProof>
			<IsMeleeProof>false</IsMeleeProof>
			<IsOnlyDamagedByPlayer>false</IsOnlyDamagedByPlayer>
			<PositionRotation>
				<X>-1268.42346</X>
				<Y>-3077.71704</Y>
				<Z>19.4533119</Z>
				<Pitch>-2.06236267</Pitch>
				<Roll>-1.22902572</Roll>
				<Yaw>137.75531</Yaw>
			</PositionRotation>
			<Attachment isAttached="true">
				<AttachedTo>101392</AttachedTo>
				<BoneIndex>0</BoneIndex>
				<X>-50.9982033</X>
				<Y>-2.09517312</Y>
				<Z>0.0584031492</Z>
				<Pitch>-1.30886126</Pitch>
				<Roll>-0.265069366</Roll>
				<Yaw>175.585602</Yaw>
			</Attachment>
		</Attachment>
		<Attachment>
			<ModelHash>0xc5c4ea52</ModelHash>
			<Type>3</Type>
			<Dynamic>false</Dynamic>
			<FrozenPos>true</FrozenPos>
			<HashName>apa_mp_apa_yacht_option3</HashName>
			<InitialHandle>121105</InitialHandle>
			<ObjectProperties>
				<TextureVariation>0</TextureVariation>
			</ObjectProperties>
			<OpacityLevel>255</OpacityLevel>
			<LodDistance>16960</LodDistance>
			<IsVisible>true</IsVisible>
			<MaxHealth>1000</MaxHealth>
			<Health>0</Health>
			<HasGravity>true</HasGravity>
			<IsOnFire>false</IsOnFire>
			<IsInvincible>false</IsInvincible>
			<IsBulletProof>false</IsBulletProof>
			<IsCollisionProof>false</IsCollisionProof>
			<IsExplosionProof>false</IsExplosionProof>
			<IsFireProof>false</IsFireProof>
			<IsMeleeProof>false</IsMeleeProof>
			<IsOnlyDamagedByPlayer>false</IsOnlyDamagedByPlayer>
			<PositionRotation>
				<X>-1226.34741</X>
				<Y>-3107.37354</Y>
				<Z>33.383522</Z>
				<Pitch>-0.982604325</Pitch>
				<Roll>0.837124825</Roll>
				<Yaw>-37.7525368</Yaw>
			</PositionRotation>
			<Attachment isAttached="true">
				<AttachedTo>101392</AttachedTo>
				<BoneIndex>0</BoneIndex>
				<X>0.199517637</X>
				<Y>0.46833384</Y>
				<Z>14.7613993</Z>
				<Pitch>-1.80886221</Pitch>
				<Roll>-0.0650696903</Roll>
				<Yaw>0.0274085999</Yaw>
			</Attachment>
		</Attachment>
		<Attachment>
			<ModelHash>0x2a54c47d</ModelHash>
			<Type>2</Type>
			<Dynamic>false</Dynamic>
			<FrozenPos>true</FrozenPos>
			<HashName>SuperVolito</HashName>
			<InitialHandle>470034</InitialHandle>
			<VehicleProperties>
				<Colours>
					<Primary>111</Primary>
					<Secondary>63</Secondary>
					<Pearl>5</Pearl>
					<Rim>156</Rim>
					<Mod1_a>-1</Mod1_a>
					<Mod1_b>-3</Mod1_b>
					<Mod1_c>-3</Mod1_c>
					<Mod2_a>-1</Mod2_a>
					<Mod2_b>-1</Mod2_b>
					<IsPrimaryColourCustom>false</IsPrimaryColourCustom>
					<IsSecondaryColourCustom>false</IsSecondaryColourCustom>
					<tyreSmoke_R>255</tyreSmoke_R>
					<tyreSmoke_G>255</tyreSmoke_G>
					<tyreSmoke_B>255</tyreSmoke_B>
					<LrInterior>0</LrInterior>
					<LrDashboard>0</LrDashboard>
				</Colours>
				<Livery>-1</Livery>
				<NumberPlateText>48BMA158</NumberPlateText>
				<NumberPlateIndex>4</NumberPlateIndex>
				<WheelType>0</WheelType>
				<WheelsInvisible>false</WheelsInvisible>
				<EngineSoundName />
				<WindowTint>-1</WindowTint>
				<BulletProofTyres>true</BulletProofTyres>
				<DirtLevel>0</DirtLevel>
				<PaintFade>0.298039228</PaintFade>
				<RoofState>0</RoofState>
				<SirenActive>false</SirenActive>
				<EngineOn>false</EngineOn>
				<EngineHealth>1000</EngineHealth>
				<LightsOn>false</LightsOn>
				<IsRadioLoud>0</IsRadioLoud>
				<LockStatus>1</LockStatus>
				<Neons>
					<Left>false</Left>
					<Right>false</Right>
					<Front>false</Front>
					<Back>false</Back>
					<R>255</R>
					<G>0</G>
					<B>255</B>
				</Neons>
				<DoorsOpen>
					<BackLeftDoor>false</BackLeftDoor>
					<BackRightDoor>false</BackRightDoor>
					<FrontLeftDoor>false</FrontLeftDoor>
					<FrontRightDoor>false</FrontRightDoor>
					<Hood>false</Hood>
					<Trunk>false</Trunk>
					<Trunk2>false</Trunk2>
				</DoorsOpen>
				<DoorsBroken>
					<BackLeftDoor>false</BackLeftDoor>
					<BackRightDoor>false</BackRightDoor>
					<FrontLeftDoor>false</FrontLeftDoor>
					<FrontRightDoor>false</FrontRightDoor>
					<Hood>false</Hood>
					<Trunk>false</Trunk>
					<Trunk2>false</Trunk2>
				</DoorsBroken>
				<TyresBursted>
					<FrontLeft>false</FrontLeft>
					<FrontRight>false</FrontRight>
					<_2>false</_2>
					<_3>false</_3>
					<BackLeft>false</BackLeft>
					<BackRight>false</BackRight>
					<_6>false</_6>
					<_7>false</_7>
					<_8>false</_8>
				</TyresBursted>
				<ModExtras>
					<_1>true</_1>
					<_2>true</_2>
					<_7>true</_7>
				</ModExtras>
				<Mods>
					<_0>-1,0</_0>
					<_1>-1,0</_1>
					<_2>-1,0</_2>
					<_3>-1,0</_3>
					<_4>-1,0</_4>
					<_5>-1,0</_5>
					<_6>-1,0</_6>
					<_7>-1,0</_7>
					<_8>-1,0</_8>
					<_9>-1,0</_9>
					<_10>-1,0</_10>
					<_11>-1,0</_11>
					<_12>-1,0</_12>
					<_13>-1,0</_13>
					<_14>-1,0</_14>
					<_15>-1,0</_15>
					<_16>-1,0</_16>
					<_17>false</_17>
					<_18>false</_18>
					<_19>false</_19>
					<_20>false</_20>
					<_21>false</_21>
					<_22>false</_22>
					<_23>-1,0</_23>
					<_24>-1,0</_24>
					<_25>-1,0</_25>
					<_26>-1,0</_26>
					<_27>-1,0</_27>
					<_28>-1,0</_28>
					<_29>-1,0</_29>
					<_30>-1,0</_30>
					<_31>-1,0</_31>
					<_32>-1,0</_32>
					<_33>-1,0</_33>
					<_34>-1,0</_34>
					<_35>-1,0</_35>
					<_36>-1,0</_36>
					<_37>-1,0</_37>
					<_38>-1,0</_38>
					<_39>-1,0</_39>
					<_40>-1,0</_40>
					<_41>-1,0</_41>
					<_42>-1,0</_42>
					<_43>-1,0</_43>
					<_44>-1,0</_44>
					<_45>-1,0</_45>
					<_46>-1,0</_46>
					<_47>-1,0</_47>
					<_48>-1,0</_48>
				</Mods>
			</VehicleProperties>
			<OpacityLevel>255</OpacityLevel>
			<LodDistance>16960</LodDistance>
			<IsVisible>true</IsVisible>
			<MaxHealth>1000</MaxHealth>
			<Health>1000</Health>
			<HasGravity>true</HasGravity>
			<IsOnFire>false</IsOnFire>
			<IsInvincible>false</IsInvincible>
			<IsBulletProof>false</IsBulletProof>
			<IsCollisionProof>false</IsCollisionProof>
			<IsExplosionProof>false</IsExplosionProof>
			<IsFireProof>false</IsFireProof>
			<IsMeleeProof>false</IsMeleeProof>
			<IsOnlyDamagedByPlayer>false</IsOnlyDamagedByPlayer>
			<PositionRotation>
				<X>-1251.2572</X>
				<Y>-3091.03955</Y>
				<Z>26.5082588</Z>
				<Pitch>0.548742354</Pitch>
				<Roll>0.636915207</Roll>
				<Yaw>-36.3784027</Yaw>
			</PositionRotation>
			<Attachment isAttached="true">
				<AttachedTo>101392</AttachedTo>
				<BoneIndex>0</BoneIndex>
				<X>-29.3826313</X>
				<Y>-1.99571753</Y>
				<Z>7.45405293</Z>
				<Pitch>-0.299090385</Pitch>
				<Roll>-0.244763374</Roll>
				<Yaw>1.42544174</Yaw>
			</Attachment>
		</Attachment>
		<Attachment>
			<ModelHash>0x72bfc423</ModelHash>
			<Type>3</Type>
			<Dynamic>false</Dynamic>
			<FrozenPos>true</FrozenPos>
			<HashName>apa_mp_apa_crashed_usaf_01a</HashName>
			<InitialHandle>217879</InitialHandle>
			<TaskSequence>
				<Task>
					<Type>39</Type>
					<Duration>-2147483500</Duration>
					<KeepTaskRunningAfterTime>-2</KeepTaskRunningAfterTime>
					<IsLoopedTask>true</IsLoopedTask>
					<Delay>500</Delay>
					<AssetName>scr_agencyheist</AssetName>
					<EffectName>scr_fbi_dd_breach_smoke</EffectName>
					<Scale>1.85999906</Scale>
					<Colour R="255" G="255" B="255" A="255" />
					<RelativePosition X="0" Y="0" Z="0" />
					<RelativeRotation X="0" Y="0" Z="0" />
				</Task>
			</TaskSequence>
			<ObjectProperties>
				<TextureVariation>0</TextureVariation>
			</ObjectProperties>
			<OpacityLevel>255</OpacityLevel>
			<LodDistance>16960</LodDistance>
			<IsVisible>true</IsVisible>
			<MaxHealth>1000</MaxHealth>
			<Health>1000</Health>
			<HasGravity>true</HasGravity>
			<IsOnFire>false</IsOnFire>
			<IsInvincible>false</IsInvincible>
			<IsBulletProof>false</IsBulletProof>
			<IsCollisionProof>false</IsCollisionProof>
			<IsExplosionProof>false</IsExplosionProof>
			<IsFireProof>false</IsFireProof>
			<IsMeleeProof>false</IsMeleeProof>
			<IsOnlyDamagedByPlayer>false</IsOnlyDamagedByPlayer>
			<PositionRotation>
				<X>-1239.23657</X>
				<Y>-3109.43774</Y>
				<Z>22.3049908</Z>
				<Pitch>-22.7791996</Pitch>
				<Roll>0.421370655</Roll>
				<Yaw>-78.7943726</Yaw>
			</PositionRotation>
			<Attachment isAttached="true">
				<AttachedTo>101392</AttachedTo>
				<BoneIndex>0</BoneIndex>
				<X>-8.54496956</X>
				<Y>-9.22236538</Y>
				<Z>3.68224978</Z>
				<Pitch>-22.8049107</Pitch>
				<Roll>-0.905118108</Roll>
				<Yaw>-41.5063477</Yaw>
			</Attachment>
		</Attachment>
		<Attachment>
			<ModelHash>0x982282f5</ModelHash>
			<Type>3</Type>
			<Dynamic>false</Dynamic>
			<FrozenPos>true</FrozenPos>
			<HashName>apa_mp_h_str_sideboardl_13</HashName>
			<InitialHandle>443679</InitialHandle>
			<TaskSequence>
				<Task>
					<Type>39</Type>
					<Duration>-2147483500</Duration>
					<KeepTaskRunningAfterTime>-2</KeepTaskRunningAfterTime>
					<IsLoopedTask>true</IsLoopedTask>
					<Delay>2147471800</Delay>
					<AssetName>scr_agencyheist</AssetName>
					<EffectName>scr_fbi_exp_building</EffectName>
					<Scale>2.19999886</Scale>
					<Colour R="255" G="255" B="255" A="255" />
					<RelativePosition X="0" Y="0" Z="0" />
					<RelativeRotation X="0" Y="0" Z="0" />
				</Task>
			</TaskSequence>
			<ObjectProperties>
				<TextureVariation>0</TextureVariation>
			</ObjectProperties>
			<OpacityLevel>255</OpacityLevel>
			<LodDistance>16960</LodDistance>
			<IsVisible>true</IsVisible>
			<MaxHealth>1000</MaxHealth>
			<Health>1000</Health>
			<HasGravity>true</HasGravity>
			<IsOnFire>false</IsOnFire>
			<IsInvincible>false</IsInvincible>
			<IsBulletProof>false</IsBulletProof>
			<IsCollisionProof>false</IsCollisionProof>
			<IsExplosionProof>false</IsExplosionProof>
			<IsFireProof>false</IsFireProof>
			<IsMeleeProof>false</IsMeleeProof>
			<IsOnlyDamagedByPlayer>false</IsOnlyDamagedByPlayer>
			<PositionRotation>
				<X>-1273.09692</X>
				<Y>-3074.1001</Y>
				<Z>15.3344183</Z>
				<Pitch>-1.70955706</Pitch>
				<Roll>-0.0816357732</Roll>
				<Yaw>-127.941467</Yaw>
			</PositionRotation>
			<Attachment isAttached="true">
				<AttachedTo>101392</AttachedTo>
				<BoneIndex>0</BoneIndex>
				<X>-56.8422623</X>
				<Y>-2.16180301</Y>
				<Z>-4.15253448</Z>
				<Pitch>-0.804915249</Pitch>
				<Roll>-0.905118346</Roll>
				<Yaw>-90.1576233</Yaw>
			</Attachment>
		</Attachment>
		<Attachment>
			<ModelHash>0x4019cb4c</ModelHash>
			<Type>2</Type>
			<Dynamic>true</Dynamic>
			<FrozenPos>false</FrozenPos>
			<HashName>Swift Deluxe</HashName>
			<InitialHandle>689426</InitialHandle>
			<VehicleProperties>
				<Colours>
					<Primary>159</Primary>
					<Secondary>0</Secondary>
					<Pearl>160</Pearl>
					<Rim>156</Rim>
					<Mod1_a>6</Mod1_a>
					<Mod1_b>-1</Mod1_b>
					<Mod1_c>-1</Mod1_c>
					<Mod2_a>6</Mod2_a>
					<Mod2_b>-1</Mod2_b>
					<IsPrimaryColourCustom>false</IsPrimaryColourCustom>
					<IsSecondaryColourCustom>false</IsSecondaryColourCustom>
					<tyreSmoke_R>255</tyreSmoke_R>
					<tyreSmoke_G>255</tyreSmoke_G>
					<tyreSmoke_B>255</tyreSmoke_B>
					<LrInterior>0</LrInterior>
					<LrDashboard>0</LrDashboard>
				</Colours>
				<Livery>-1</Livery>
				<NumberPlateText>21PEC226</NumberPlateText>
				<NumberPlateIndex>4</NumberPlateIndex>
				<WheelType>0</WheelType>
				<WheelsInvisible>false</WheelsInvisible>
				<EngineSoundName />
				<WindowTint>-1</WindowTint>
				<BulletProofTyres>true</BulletProofTyres>
				<DirtLevel>0</DirtLevel>
				<PaintFade>0.298039228</PaintFade>
				<RoofState>0</RoofState>
				<SirenActive>false</SirenActive>
				<EngineOn>false</EngineOn>
				<EngineHealth>972.150024</EngineHealth>
				<LightsOn>false</LightsOn>
				<IsRadioLoud>0</IsRadioLoud>
				<LockStatus>1</LockStatus>
				<Neons>
					<Left>false</Left>
					<Right>false</Right>
					<Front>false</Front>
					<Back>false</Back>
					<R>255</R>
					<G>0</G>
					<B>255</B>
				</Neons>
				<DoorsOpen>
					<BackLeftDoor>false</BackLeftDoor>
					<BackRightDoor>false</BackRightDoor>
					<FrontLeftDoor>false</FrontLeftDoor>
					<FrontRightDoor>false</FrontRightDoor>
					<Hood>false</Hood>
					<Trunk>false</Trunk>
					<Trunk2>false</Trunk2>
				</DoorsOpen>
				<DoorsBroken>
					<BackLeftDoor>false</BackLeftDoor>
					<BackRightDoor>false</BackRightDoor>
					<FrontLeftDoor>false</FrontLeftDoor>
					<FrontRightDoor>false</FrontRightDoor>
					<Hood>false</Hood>
					<Trunk>false</Trunk>
					<Trunk2>false</Trunk2>
				</DoorsBroken>
				<TyresBursted>
					<FrontLeft>false</FrontLeft>
					<FrontRight>false</FrontRight>
					<_2>false</_2>
					<_3>false</_3>
					<BackLeft>false</BackLeft>
					<BackRight>false</BackRight>
					<_6>false</_6>
					<_7>false</_7>
					<_8>false</_8>
				</TyresBursted>
				<ModExtras>
					<_1>true</_1>
					<_2>true</_2>
					<_7>true</_7>
				</ModExtras>
				<Mods>
					<_0>-1,0</_0>
					<_1>-1,0</_1>
					<_2>-1,0</_2>
					<_3>-1,0</_3>
					<_4>-1,0</_4>
					<_5>-1,0</_5>
					<_6>-1,0</_6>
					<_7>-1,0</_7>
					<_8>-1,0</_8>
					<_9>-1,0</_9>
					<_10>-1,0</_10>
					<_11>-1,0</_11>
					<_12>-1,0</_12>
					<_13>-1,0</_13>
					<_14>-1,0</_14>
					<_15>-1,0</_15>
					<_16>-1,0</_16>
					<_17>false</_17>
					<_18>false</_18>
					<_19>false</_19>
					<_20>false</_20>
					<_21>false</_21>
					<_22>false</_22>
					<_23>-1,0</_23>
					<_24>-1,0</_24>
					<_25>-1,0</_25>
					<_26>-1,0</_26>
					<_27>-1,0</_27>
					<_28>-1,0</_28>
					<_29>-1,0</_29>
					<_30>-1,0</_30>
					<_31>-1,0</_31>
					<_32>-1,0</_32>
					<_33>-1,0</_33>
					<_34>-1,0</_34>
					<_35>-1,0</_35>
					<_36>-1,0</_36>
					<_37>-1,0</_37>
					<_38>-1,0</_38>
					<_39>-1,0</_39>
					<_40>-1,0</_40>
					<_41>-1,0</_41>
					<_42>-1,0</_42>
					<_43>-1,0</_43>
					<_44>-1,0</_44>
					<_45>-1,0</_45>
					<_46>-1,0</_46>
					<_47>-1,0</_47>
					<_48>-1,0</_48>
				</Mods>
			</VehicleProperties>
			<OpacityLevel>255</OpacityLevel>
			<LodDistance>16960</LodDistance>
			<IsVisible>true</IsVisible>
			<MaxHealth>1000</MaxHealth>
			<Health>972</Health>
			<HasGravity>true</HasGravity>
			<IsOnFire>false</IsOnFire>
			<IsInvincible>false</IsInvincible>
			<IsBulletProof>false</IsBulletProof>
			<IsCollisionProof>false</IsCollisionProof>
			<IsExplosionProof>false</IsExplosionProof>
			<IsFireProof>false</IsFireProof>
			<IsMeleeProof>false</IsMeleeProof>
			<IsOnlyDamagedByPlayer>false</IsOnlyDamagedByPlayer>
			<PositionRotation>
				<X>-1199.98511</X>
				<Y>-3131.5813</Y>
				<Z>23.0712547</Z>
				<Pitch>-1.29270673</Pitch>
				<Roll>0.847601533</Roll>
				<Yaw>-37.9598503</Yaw>
			</PositionRotation>
			<Attachment isAttached="true">
				<AttachedTo>121105</AttachedTo>
				<BoneIndex>0</BoneIndex>
				<X>35.8124313</X>
				<Y>-2.82243943</Y>
				<Z>-9.84002209</Z>
				<Pitch>-0.307047695</Pitch>
				<Roll>0.0140256286</Roll>
				<Yaw>-0.211776733</Yaw>
			</Attachment>
		</Attachment>
		<Attachment>
			<ModelHash>0x04b8b79a</ModelHash>
			<Type>3</Type>
			<Dynamic>false</Dynamic>
			<FrozenPos>true</FrozenPos>
			<HashName>apa_mp_h_acc_box_trinket_01</HashName>
			<InitialHandle>743954</InitialHandle>
			<TaskSequence>
				<Task>
					<Type>39</Type>
					<Duration>-2147483500</Duration>
					<KeepTaskRunningAfterTime>-2</KeepTaskRunningAfterTime>
					<IsLoopedTask>true</IsLoopedTask>
					<Delay>100</Delay>
					<AssetName>scr_agencyheist</AssetName>
					<EffectName>scr_fbi_dd_breach_smoke</EffectName>
					<Scale>2.17999887</Scale>
					<Colour R="255" G="255" B="255" A="255" />
					<RelativePosition X="0" Y="0" Z="0" />
					<RelativeRotation X="0" Y="0" Z="0" />
				</Task>
			</TaskSequence>
			<ObjectProperties>
				<TextureVariation>0</TextureVariation>
			</ObjectProperties>
			<OpacityLevel>255</OpacityLevel>
			<LodDistance>16960</LodDistance>
			<IsVisible>true</IsVisible>
			<MaxHealth>1000</MaxHealth>
			<Health>0</Health>
			<HasGravity>true</HasGravity>
			<IsOnFire>false</IsOnFire>
			<IsInvincible>false</IsInvincible>
			<IsBulletProof>false</IsBulletProof>
			<IsCollisionProof>false</IsCollisionProof>
			<IsExplosionProof>false</IsExplosionProof>
			<IsFireProof>false</IsFireProof>
			<IsMeleeProof>false</IsMeleeProof>
			<IsOnlyDamagedByPlayer>false</IsOnlyDamagedByPlayer>
			<PositionRotation>
				<X>-1201.26013</X>
				<Y>-3129.31152</Y>
				<Z>22.1913204</Z>
				<Pitch>0.110763319</Pitch>
				<Roll>-1.77229941</Roll>
				<Yaw>-124.437569</Yaw>
			</PositionRotation>
			<Attachment isAttached="true">
				<AttachedTo>121105</AttachedTo>
				<BoneIndex>0</BoneIndex>
				<X>33.4276161</X>
				<Y>-1.79360557</Y>
				<Z>-10.7373772</Z>
				<Pitch>1.00328851</Pitch>
				<Roll>-0.839712799</Roll>
				<Yaw>-86.6869202</Yaw>
			</Attachment>
		</Attachment>
	</SpoonerAttachments>
</Vehicle>
