<?xml version="1.0" encoding="ISO-8859-1"?>
<Vehicle menyoo_ver="0.9998744b">
	<ModelHash>0x9cf21e0f</ModelHash>
	<InitialHandle>214787</InitialHandle>
	<VehicleProperties>
		<Colours>
			<Primary>116</Primary>
			<Secondary>0</Secondary>
			<Pearl>116</Pearl>
			<Rim>156</Rim>
			<Mod1_a>6</Mod1_a>
			<Mod1_b>-1</Mod1_b>
			<Mod1_c>-1</Mod1_c>
			<Mod2_a>6</Mod2_a>
			<Mod2_b>-1</Mod2_b>
			<IsPrimaryColourCustom>false</IsPrimaryColourCustom>
			<IsSecondaryColourCustom>false</IsSecondaryColourCustom>
			<tyreSmoke_R>255</tyreSmoke_R>
			<tyreSmoke_G>255</tyreSmoke_G>
			<tyreSmoke_B>255</tyreSmoke_B>
			<LrInterior>0</LrInterior>
			<LrDashboard>0</LrDashboard>
		</Colours>
		<Livery>-1</Livery>
		<NumberPlateText>05AYD661</NumberPlateText>
		<NumberPlateIndex>2</NumberPlateIndex>
		<WheelType>4</WheelType>
		<WheelsInvisible>false</WheelsInvisible>
		<EngineSoundName></EngineSoundName>
		<WindowTint>1</WindowTint>
		<BulletProofTyres>false</BulletProofTyres>
		<DirtLevel>0.100611806</DirtLevel>
		<PaintFade>0.298039228</PaintFade>
		<RoofState>0</RoofState>
		<SirenActive>false</SirenActive>
		<EngineOn>true</EngineOn>
		<EngineHealth>1000</EngineHealth>
		<LightsOn>false</LightsOn>
		<IsRadioLoud>0</IsRadioLoud>
		<LockStatus>1</LockStatus>
		<Neons>
			<Left>false</Left>
			<Right>false</Right>
			<Front>false</Front>
			<Back>false</Back>
			<R>255</R>
			<G>0</G>
			<B>255</B>
		</Neons>
		<ModExtras>
			<_2>false</_2>
		</ModExtras>
		<Mods>
			<_0>-1,0</_0>
			<_1>-1,0</_1>
			<_2>-1,0</_2>
			<_3>-1,0</_3>
			<_4>-1,0</_4>
			<_5>-1,0</_5>
			<_6>-1,0</_6>
			<_7>-1,0</_7>
			<_8>-1,0</_8>
			<_9>-1,0</_9>
			<_10>-1,0</_10>
			<_11>3,0</_11>
			<_12>2,0</_12>
			<_13>2,0</_13>
			<_14>44,0</_14>
			<_15>3,0</_15>
			<_16>4,0</_16>
			<_17>false</_17>
			<_18>true</_18>
			<_19>false</_19>
			<_20>true</_20>
			<_21>false</_21>
			<_22>false</_22>
			<_23>-1,0</_23>
			<_24>-1,0</_24>
			<_25>-1,0</_25>
			<_26>-1,0</_26>
			<_27>-1,0</_27>
			<_28>-1,0</_28>
			<_29>-1,0</_29>
			<_30>-1,0</_30>
			<_31>-1,0</_31>
			<_32>-1,0</_32>
			<_33>-1,0</_33>
			<_34>-1,0</_34>
			<_35>-1,0</_35>
			<_36>-1,0</_36>
			<_37>-1,0</_37>
			<_38>-1,0</_38>
			<_39>-1,0</_39>
			<_40>-1,0</_40>
			<_41>-1,0</_41>
			<_42>-1,0</_42>
			<_43>-1,0</_43>
			<_44>-1,0</_44>
			<_45>-1,0</_45>
			<_46>-1,0</_46>
			<_47>-1,0</_47>
			<_48>-1,0</_48>
		</Mods>
		<DoorsOpen>
			<BackLeftDoor>false</BackLeftDoor>
			<BackRightDoor>false</BackRightDoor>
			<FrontLeftDoor>false</FrontLeftDoor>
			<FrontRightDoor>false</FrontRightDoor>
			<Hood>false</Hood>
			<Trunk>false</Trunk>
			<Trunk2>false</Trunk2>
		</DoorsOpen>
		<DoorsBroken>
			<BackLeftDoor>false</BackLeftDoor>
			<BackRightDoor>false</BackRightDoor>
			<FrontLeftDoor>false</FrontLeftDoor>
			<FrontRightDoor>false</FrontRightDoor>
			<Hood>false</Hood>
			<Trunk>false</Trunk>
			<Trunk2>false</Trunk2>
		</DoorsBroken>
		<TyresBursted>
			<FrontLeft>false</FrontLeft>
			<FrontRight>false</FrontRight>
			<_2>false</_2>
			<_3>false</_3>
			<BackLeft>false</BackLeft>
			<BackRight>false</BackRight>
			<_6>false</_6>
			<_7>false</_7>
			<_8>false</_8>
		</TyresBursted>
		<RpmMultiplier>1</RpmMultiplier>
		<TorqueMultiplier>1</TorqueMultiplier>
		<HeadlightIntensity>1</HeadlightIntensity>
	</VehicleProperties>
	<OpacityLevel>255</OpacityLevel>
	<LodDistance>16960</LodDistance>
	<IsVisible>true</IsVisible>
	<IsDriverVisible>true</IsDriverVisible>
	<MaxHealth>1000</MaxHealth>
	<Health>1000</Health>
	<HasGravity>true</HasGravity>
	<IsOnFire>false</IsOnFire>
	<IsInvincible>false</IsInvincible>
	<IsBulletProof>false</IsBulletProof>
	<IsExplosionProof>false</IsExplosionProof>
	<IsFireProof>false</IsFireProof>
	<IsMeleeProof>false</IsMeleeProof>
	<IsOnlyDamagedByPlayer>false</IsOnlyDamagedByPlayer>
	<SpoonerAttachments SetAttachmentsPersistentAndAddToSpoonerDatabase="false" StartTaskSequencesOnLoad="true">
		<Attachment>
			<ModelHash>0x5580fd85</ModelHash>
			<Type>3</Type>
			<Dynamic>false</Dynamic>
			<FrozenPos>true</FrozenPos>
			<HashName>prop_rub_carwreck_12</HashName>
			<InitialHandle>644867</InitialHandle>
			<ObjectProperties>
				<TextureVariation>0</TextureVariation>
			</ObjectProperties>
			<OpacityLevel>255</OpacityLevel>
			<LodDistance>16960</LodDistance>
			<IsVisible>true</IsVisible>
			<MaxHealth>1000</MaxHealth>
			<Health>1000</Health>
			<HasGravity>true</HasGravity>
			<IsOnFire>false</IsOnFire>
			<IsInvincible>false</IsInvincible>
			<IsBulletProof>false</IsBulletProof>
			<IsCollisionProof>false</IsCollisionProof>
			<IsExplosionProof>false</IsExplosionProof>
			<IsFireProof>false</IsFireProof>
			<IsMeleeProof>false</IsMeleeProof>
			<IsOnlyDamagedByPlayer>false</IsOnlyDamagedByPlayer>
			<PositionRotation>
				<X>423.581696</X>
				<Y>-610.169678</Y>
				<Z>27.9940453</Z>
				<Pitch>0.0225047395</Pitch>
				<Roll>0.163387194</Roll>
				<Yaw>-1.2843281</Yaw>
			</PositionRotation>
			<Attachment isAttached="true">
				<AttachedTo>214787</AttachedTo>
				<BoneIndex>0</BoneIndex>
				<X>0.00538676465</X>
				<Y>-0.206628606</Y>
				<Z>0.0457073003</Z>
				<Pitch>-0.0152415065</Pitch>
				<Roll>0.000746505393</Roll>
				<Yaw>-0.425453186</Yaw>
			</Attachment>
		</Attachment>
		<Attachment>
			<ModelHash>0xdf31c32b</ModelHash>
			<Type>3</Type>
			<Dynamic>false</Dynamic>
			<FrozenPos>true</FrozenPos>
			<HashName>prop_burto_gate_01</HashName>
			<InitialHandle>501512</InitialHandle>
			<ObjectProperties>
				<TextureVariation>0</TextureVariation>
			</ObjectProperties>
			<OpacityLevel>255</OpacityLevel>
			<LodDistance>16960</LodDistance>
			<IsVisible>true</IsVisible>
			<MaxHealth>1000</MaxHealth>
			<Health>1000</Health>
			<HasGravity>true</HasGravity>
			<IsOnFire>false</IsOnFire>
			<IsInvincible>false</IsInvincible>
			<IsBulletProof>false</IsBulletProof>
			<IsCollisionProof>false</IsCollisionProof>
			<IsExplosionProof>false</IsExplosionProof>
			<IsFireProof>false</IsFireProof>
			<IsMeleeProof>false</IsMeleeProof>
			<IsOnlyDamagedByPlayer>false</IsOnlyDamagedByPlayer>
			<PositionRotation>
				<X>424.165955</X>
				<Y>-609.530518</Y>
				<Z>28.7679176</Z>
				<Pitch>-60.0562782</Pitch>
				<Roll>-0.323280931</Roll>
				<Yaw>179.742065</Yaw>
			</PositionRotation>
			<Attachment isAttached="true">
				<AttachedTo>214787</AttachedTo>
				<BoneIndex>0</BoneIndex>
				<X>0.57779479</X>
				<Y>0.441764146</Y>
				<Z>0.820763528</Z>
				<Pitch>-60.0152435</Pitch>
				<Roll>0.000746532052</Roll>
				<Yaw>-179.118347</Yaw>
			</Attachment>
		</Attachment>
		<Attachment>
			<ModelHash>0xdf31c32b</ModelHash>
			<Type>3</Type>
			<Dynamic>false</Dynamic>
			<FrozenPos>true</FrozenPos>
			<HashName>prop_burto_gate_01</HashName>
			<InitialHandle>774410</InitialHandle>
			<ObjectProperties>
				<TextureVariation>0</TextureVariation>
			</ObjectProperties>
			<OpacityLevel>255</OpacityLevel>
			<LodDistance>16960</LodDistance>
			<IsVisible>true</IsVisible>
			<MaxHealth>1000</MaxHealth>
			<Health>1000</Health>
			<HasGravity>true</HasGravity>
			<IsOnFire>false</IsOnFire>
			<IsInvincible>false</IsInvincible>
			<IsBulletProof>false</IsBulletProof>
			<IsCollisionProof>false</IsCollisionProof>
			<IsExplosionProof>false</IsExplosionProof>
			<IsFireProof>false</IsFireProof>
			<IsMeleeProof>false</IsMeleeProof>
			<IsOnlyDamagedByPlayer>false</IsOnlyDamagedByPlayer>
			<PositionRotation>
				<X>422.990295</X>
				<Y>-611.512756</Y>
				<Z>28.7782326</Z>
				<Pitch>-59.9762688</Pitch>
				<Roll>0.325406909</Roll>
				<Yaw>-0.711529076</Yaw>
			</PositionRotation>
			<Attachment isAttached="true">
				<AttachedTo>214787</AttachedTo>
				<BoneIndex>0</BoneIndex>
				<X>-0.568027854</X>
				<Y>-1.55789709</Y>
				<Z>0.829190493</Z>
				<Pitch>-60.0152435</Pitch>
				<Roll>0.000745773315</Roll>
				<Yaw>-0.133817673</Yaw>
			</Attachment>
		</Attachment>
		<Attachment>
			<ModelHash>0x8735a0a9</ModelHash>
			<Type>3</Type>
			<Dynamic>false</Dynamic>
			<FrozenPos>true</FrozenPos>
			<HashName>prop_mk_bike_logo_1</HashName>
			<InitialHandle>588556</InitialHandle>
			<ObjectProperties>
				<TextureVariation>0</TextureVariation>
			</ObjectProperties>
			<OpacityLevel>255</OpacityLevel>
			<LodDistance>16960</LodDistance>
			<IsVisible>true</IsVisible>
			<MaxHealth>1000</MaxHealth>
			<Health>1000</Health>
			<HasGravity>true</HasGravity>
			<IsOnFire>false</IsOnFire>
			<IsInvincible>false</IsInvincible>
			<IsBulletProof>false</IsBulletProof>
			<IsCollisionProof>false</IsCollisionProof>
			<IsExplosionProof>false</IsExplosionProof>
			<IsFireProof>false</IsFireProof>
			<IsMeleeProof>false</IsMeleeProof>
			<IsOnlyDamagedByPlayer>false</IsOnlyDamagedByPlayer>
			<PositionRotation>
				<X>423.542145</X>
				<Y>-610.657349</Y>
				<Z>29.1339893</Z>
				<Pitch>-0.0492929704</Pitch>
				<Roll>-0.162708402</Roll>
				<Yaw>177.416077</Yaw>
			</PositionRotation>
			<Attachment isAttached="true">
				<AttachedTo>214787</AttachedTo>
				<BoneIndex>0</BoneIndex>
				<X>-0.0300866254</X>
				<Y>-0.694081962</Y>
				<Z>1.1858865</Z>
				<Pitch>-0.0152450232</Pitch>
				<Roll>0.000746532052</Roll>
				<Yaw>-181.72496</Yaw>
			</Attachment>
		</Attachment>
		<Attachment>
			<ModelHash>0xf0c46723</ModelHash>
			<Type>3</Type>
			<Dynamic>false</Dynamic>
			<FrozenPos>true</FrozenPos>
			<HashName>p_bison_winch_s</HashName>
			<InitialHandle>679692</InitialHandle>
			<ObjectProperties>
				<TextureVariation>0</TextureVariation>
			</ObjectProperties>
			<OpacityLevel>255</OpacityLevel>
			<LodDistance>16960</LodDistance>
			<IsVisible>true</IsVisible>
			<MaxHealth>1000</MaxHealth>
			<Health>1000</Health>
			<HasGravity>true</HasGravity>
			<IsOnFire>false</IsOnFire>
			<IsInvincible>false</IsInvincible>
			<IsBulletProof>false</IsBulletProof>
			<IsCollisionProof>false</IsCollisionProof>
			<IsExplosionProof>false</IsExplosionProof>
			<IsFireProof>false</IsFireProof>
			<IsMeleeProof>false</IsMeleeProof>
			<IsOnlyDamagedByPlayer>false</IsOnlyDamagedByPlayer>
			<PositionRotation>
				<X>423.527588</X>
				<Y>-612.026367</Y>
				<Z>28.485836</Z>
				<Pitch>0.0231911615</Pitch>
				<Roll>-179.836624</Roll>
				<Yaw>-1.04092848</Yaw>
			</PositionRotation>
			<Attachment isAttached="true">
				<AttachedTo>214787</AttachedTo>
				<BoneIndex>0</BoneIndex>
				<X>-0.0222848281</X>
				<Y>-2.06359196</Y>
				<Z>0.538682997</Z>
				<Pitch>-0.0152456639</Pitch>
				<Roll>-179.9991</Roll>
				<Yaw>-0.182052612</Yaw>
			</Attachment>
		</Attachment>
		<Attachment>
			<ModelHash>0x2250786a</ModelHash>
			<Type>3</Type>
			<Dynamic>false</Dynamic>
			<FrozenPos>true</FrozenPos>
			<HashName>prop_rub_carpart_05</HashName>
			<InitialHandle>202004</InitialHandle>
			<ObjectProperties>
				<TextureVariation>0</TextureVariation>
			</ObjectProperties>
			<OpacityLevel>255</OpacityLevel>
			<LodDistance>16960</LodDistance>
			<IsVisible>true</IsVisible>
			<MaxHealth>1000</MaxHealth>
			<Health>1000</Health>
			<HasGravity>true</HasGravity>
			<IsOnFire>false</IsOnFire>
			<IsInvincible>false</IsInvincible>
			<IsBulletProof>false</IsBulletProof>
			<IsCollisionProof>false</IsCollisionProof>
			<IsExplosionProof>false</IsExplosionProof>
			<IsFireProof>false</IsFireProof>
			<IsMeleeProof>false</IsMeleeProof>
			<IsOnlyDamagedByPlayer>false</IsOnlyDamagedByPlayer>
			<PositionRotation>
				<X>423.47644</X>
				<Y>-609.957764</Y>
				<Z>27.8374329</Z>
				<Pitch>0.0223649479</Pitch>
				<Roll>0.163418785</Roll>
				<Yaw>-1.3323319</Yaw>
			</PositionRotation>
			<Attachment isAttached="true">
				<AttachedTo>214787</AttachedTo>
				<BoneIndex>0</BoneIndex>
				<X>-0.102582067</X>
				<Y>0.00354303257</Y>
				<Z>-0.11135444</Z>
				<Pitch>-0.0152450232</Pitch>
				<Roll>0.000746532052</Roll>
				<Yaw>-0.473457336</Yaw>
			</Attachment>
		</Attachment>
		<Attachment>
			<ModelHash>0xf5c39f51</ModelHash>
			<Type>3</Type>
			<Dynamic>false</Dynamic>
			<FrozenPos>true</FrozenPos>
			<HashName>prop_rub_carpart_04</HashName>
			<InitialHandle>208917</InitialHandle>
			<ObjectProperties>
				<TextureVariation>0</TextureVariation>
			</ObjectProperties>
			<OpacityLevel>255</OpacityLevel>
			<LodDistance>16960</LodDistance>
			<IsVisible>true</IsVisible>
			<MaxHealth>1000</MaxHealth>
			<Health>1000</Health>
			<HasGravity>true</HasGravity>
			<IsOnFire>false</IsOnFire>
			<IsInvincible>false</IsInvincible>
			<IsBulletProof>false</IsBulletProof>
			<IsCollisionProof>false</IsCollisionProof>
			<IsExplosionProof>false</IsExplosionProof>
			<IsFireProof>false</IsFireProof>
			<IsMeleeProof>false</IsMeleeProof>
			<IsOnlyDamagedByPlayer>false</IsOnlyDamagedByPlayer>
			<PositionRotation>
				<X>424.284027</X>
				<Y>-611.824646</Y>
				<Z>28.3096828</Z>
				<Pitch>-89.8197708</Pitch>
				<Roll>170.176575</Roll>
				<Yaw>78.0722046</Yaw>
			</PositionRotation>
			<Attachment isAttached="true">
				<AttachedTo>214787</AttachedTo>
				<BoneIndex>0</BoneIndex>
				<X>0.731540143</X>
				<Y>-1.85070312</Y>
				<Z>0.364521384</Z>
				<Pitch>-90.0152435</Pitch>
				<Roll>17.728878</Roll>
				<Yaw>-73.5166321</Yaw>
			</Attachment>
		</Attachment>
		<Attachment>
			<ModelHash>0xf5c39f51</ModelHash>
			<Type>3</Type>
			<Dynamic>false</Dynamic>
			<FrozenPos>true</FrozenPos>
			<HashName>prop_rub_carpart_04</HashName>
			<InitialHandle>607254</InitialHandle>
			<ObjectProperties>
				<TextureVariation>0</TextureVariation>
			</ObjectProperties>
			<OpacityLevel>255</OpacityLevel>
			<LodDistance>16960</LodDistance>
			<IsVisible>true</IsVisible>
			<MaxHealth>1000</MaxHealth>
			<Health>1000</Health>
			<HasGravity>true</HasGravity>
			<IsOnFire>false</IsOnFire>
			<IsInvincible>false</IsInvincible>
			<IsBulletProof>false</IsBulletProof>
			<IsCollisionProof>false</IsCollisionProof>
			<IsExplosionProof>false</IsExplosionProof>
			<IsFireProof>false</IsFireProof>
			<IsMeleeProof>false</IsMeleeProof>
			<IsOnlyDamagedByPlayer>false</IsOnlyDamagedByPlayer>
			<PositionRotation>
				<X>422.71051</X>
				<Y>-611.851013</Y>
				<Z>28.3347569</Z>
				<Pitch>-89.8208618</Pitch>
				<Roll>169.43631</Roll>
				<Yaw>78.0715866</Yaw>
			</PositionRotation>
			<Attachment isAttached="true">
				<AttachedTo>214787</AttachedTo>
				<BoneIndex>0</BoneIndex>
				<X>-0.841469347</X>
				<Y>-1.90060151</Y>
				<Z>0.385171682</Z>
				<Pitch>-90.0152435</Pitch>
				<Roll>16.9892483</Roll>
				<Yaw>-73.5166321</Yaw>
			</Attachment>
		</Attachment>
		<Attachment>
			<ModelHash>0x45195a3f</ModelHash>
			<Type>3</Type>
			<Dynamic>false</Dynamic>
			<FrozenPos>true</FrozenPos>
			<HashName>prop_fnccorgm_02pole</HashName>
			<InitialHandle>237849</InitialHandle>
			<ObjectProperties>
				<TextureVariation>0</TextureVariation>
			</ObjectProperties>
			<OpacityLevel>255</OpacityLevel>
			<LodDistance>16960</LodDistance>
			<IsVisible>true</IsVisible>
			<MaxHealth>1000</MaxHealth>
			<Health>1000</Health>
			<HasGravity>true</HasGravity>
			<IsOnFire>false</IsOnFire>
			<IsInvincible>false</IsInvincible>
			<IsBulletProof>false</IsBulletProof>
			<IsCollisionProof>false</IsCollisionProof>
			<IsExplosionProof>false</IsExplosionProof>
			<IsFireProof>false</IsFireProof>
			<IsMeleeProof>false</IsMeleeProof>
			<IsOnlyDamagedByPlayer>false</IsOnlyDamagedByPlayer>
			<PositionRotation>
				<X>422.832245</X>
				<Y>-608.738647</Y>
				<Z>28.1169605</Z>
				<Pitch>-0.178505689</Pitch>
				<Roll>90.0356598</Roll>
				<Yaw>-92.2616501</Yaw>
			</PositionRotation>
			<Attachment isAttached="true">
				<AttachedTo>214787</AttachedTo>
				<BoneIndex>0</BoneIndex>
				<X>-0.765777469</X>
				<Y>1.21307206</Y>
				<Z>0.165473327</Z>
				<Pitch>-0.0152441692</Pitch>
				<Roll>90.0006943</Roll>
				<Yaw>-91.4028473</Yaw>
			</Attachment>
		</Attachment>
		<Attachment>
			<ModelHash>0x45195a3f</ModelHash>
			<Type>3</Type>
			<Dynamic>false</Dynamic>
			<FrozenPos>true</FrozenPos>
			<HashName>prop_fnccorgm_02pole</HashName>
			<InitialHandle>541976</InitialHandle>
			<ObjectProperties>
				<TextureVariation>0</TextureVariation>
			</ObjectProperties>
			<OpacityLevel>255</OpacityLevel>
			<LodDistance>16960</LodDistance>
			<IsVisible>true</IsVisible>
			<MaxHealth>1000</MaxHealth>
			<Health>1000</Health>
			<HasGravity>true</HasGravity>
			<IsOnFire>false</IsOnFire>
			<IsInvincible>false</IsInvincible>
			<IsBulletProof>false</IsBulletProof>
			<IsCollisionProof>false</IsCollisionProof>
			<IsExplosionProof>false</IsExplosionProof>
			<IsFireProof>false</IsFireProof>
			<IsMeleeProof>false</IsMeleeProof>
			<IsOnlyDamagedByPlayer>false</IsOnlyDamagedByPlayer>
			<PositionRotation>
				<X>424.420288</X>
				<Y>-608.775208</Y>
				<Z>28.0923939</Z>
				<Pitch>0.146728471</Pitch>
				<Roll>-90.0396805</Roll>
				<Yaw>89.6828232</Yaw>
			</PositionRotation>
			<Attachment isAttached="true">
				<AttachedTo>214787</AttachedTo>
				<BoneIndex>0</BoneIndex>
				<X>0.822707534</X>
				<Y>1.20031035</Y>
				<Z>0.145416155</Z>
				<Pitch>-0.0152458772</Pitch>
				<Roll>-89.9992142</Roll>
				<Yaw>90.5416412</Yaw>
			</Attachment>
		</Attachment>
		<Attachment>
			<ModelHash>0x7e1240ea</ModelHash>
			<Type>3</Type>
			<Dynamic>false</Dynamic>
			<FrozenPos>true</FrozenPos>
			<HashName>prop_tool_consaw</HashName>
			<InitialHandle>150558</InitialHandle>
			<ObjectProperties>
				<TextureVariation>0</TextureVariation>
			</ObjectProperties>
			<OpacityLevel>255</OpacityLevel>
			<LodDistance>16960</LodDistance>
			<IsVisible>true</IsVisible>
			<MaxHealth>1000</MaxHealth>
			<Health>1000</Health>
			<HasGravity>true</HasGravity>
			<IsOnFire>false</IsOnFire>
			<IsInvincible>false</IsInvincible>
			<IsBulletProof>false</IsBulletProof>
			<IsCollisionProof>false</IsCollisionProof>
			<IsExplosionProof>false</IsExplosionProof>
			<IsFireProof>false</IsFireProof>
			<IsMeleeProof>false</IsMeleeProof>
			<IsOnlyDamagedByPlayer>false</IsOnlyDamagedByPlayer>
			<PositionRotation>
				<X>423.967377</X>
				<Y>-608.558838</Y>
				<Z>27.8498745</Z>
				<Pitch>-0.181206286</Pitch>
				<Roll>0.0190120991</Roll>
				<Yaw>-98.0697937</Yaw>
			</PositionRotation>
			<Attachment isAttached="true">
				<AttachedTo>214787</AttachedTo>
				<BoneIndex>0</BoneIndex>
				<X>0.367295235</X>
				<Y>1.40971589</Y>
				<Z>-0.0985377654</Z>
				<Pitch>-0.0152450232</Pitch>
				<Roll>0.000746651262</Roll>
				<Yaw>-97.2109528</Yaw>
			</Attachment>
		</Attachment>
		<Attachment>
			<ModelHash>0x7e1240ea</ModelHash>
			<Type>3</Type>
			<Dynamic>false</Dynamic>
			<FrozenPos>true</FrozenPos>
			<HashName>prop_tool_consaw</HashName>
			<InitialHandle>742430</InitialHandle>
			<ObjectProperties>
				<TextureVariation>0</TextureVariation>
			</ObjectProperties>
			<OpacityLevel>255</OpacityLevel>
			<LodDistance>16960</LodDistance>
			<IsVisible>true</IsVisible>
			<MaxHealth>1000</MaxHealth>
			<Health>1000</Health>
			<HasGravity>true</HasGravity>
			<IsOnFire>false</IsOnFire>
			<IsInvincible>false</IsInvincible>
			<IsBulletProof>false</IsBulletProof>
			<IsCollisionProof>false</IsCollisionProof>
			<IsExplosionProof>false</IsExplosionProof>
			<IsFireProof>false</IsFireProof>
			<IsMeleeProof>false</IsMeleeProof>
			<IsOnlyDamagedByPlayer>false</IsOnlyDamagedByPlayer>
			<PositionRotation>
				<X>423.586273</X>
				<Y>-608.530945</Y>
				<Z>27.8670921</Z>
				<Pitch>-0.177184075</Pitch>
				<Roll>0.0413977653</Roll>
				<Yaw>-90.258728</Yaw>
			</PositionRotation>
			<Attachment isAttached="true">
				<AttachedTo>214787</AttachedTo>
				<BoneIndex>0</BoneIndex>
				<X>-0.0142402705</X>
				<Y>1.43189144</Y>
				<Z>-0.0824160054</Z>
				<Pitch>-0.0152450232</Pitch>
				<Roll>0.000746532052</Roll>
				<Yaw>-89.3999329</Yaw>
			</Attachment>
		</Attachment>
		<Attachment>
			<ModelHash>0x7e1240ea</ModelHash>
			<Type>3</Type>
			<Dynamic>false</Dynamic>
			<FrozenPos>true</FrozenPos>
			<HashName>prop_tool_consaw</HashName>
			<InitialHandle>180767</InitialHandle>
			<ObjectProperties>
				<TextureVariation>0</TextureVariation>
			</ObjectProperties>
			<OpacityLevel>255</OpacityLevel>
			<LodDistance>16960</LodDistance>
			<IsVisible>true</IsVisible>
			<MaxHealth>1000</MaxHealth>
			<Health>1000</Health>
			<HasGravity>true</HasGravity>
			<IsOnFire>false</IsOnFire>
			<IsInvincible>false</IsInvincible>
			<IsBulletProof>false</IsBulletProof>
			<IsCollisionProof>false</IsCollisionProof>
			<IsExplosionProof>false</IsExplosionProof>
			<IsFireProof>false</IsFireProof>
			<IsMeleeProof>false</IsMeleeProof>
			<IsOnlyDamagedByPlayer>false</IsOnlyDamagedByPlayer>
			<PositionRotation>
				<X>423.230743</X>
				<Y>-608.515625</Y>
				<Z>27.845829</Z>
				<Pitch>-0.169701532</Pitch>
				<Roll>0.0641497448</Roll>
				<Yaw>-82.0326004</Yaw>
			</PositionRotation>
			<Attachment isAttached="true">
				<AttachedTo>214787</AttachedTo>
				<BoneIndex>0</BoneIndex>
				<X>-0.369897366</X>
				<Y>1.44188702</Y>
				<Z>-0.104693905</Z>
				<Pitch>-0.0152450232</Pitch>
				<Roll>0.000746532052</Roll>
				<Yaw>-81.1738358</Yaw>
			</Attachment>
		</Attachment>
		<Attachment>
			<ModelHash>0x7526574c</ModelHash>
			<Type>3</Type>
			<Dynamic>false</Dynamic>
			<FrozenPos>true</FrozenPos>
			<HashName>prop_wall_light_03b</HashName>
			<InitialHandle>147239</InitialHandle>
			<ObjectProperties>
				<TextureVariation>0</TextureVariation>
			</ObjectProperties>
			<OpacityLevel>255</OpacityLevel>
			<LodDistance>16960</LodDistance>
			<IsVisible>true</IsVisible>
			<MaxHealth>1000</MaxHealth>
			<Health>1000</Health>
			<HasGravity>true</HasGravity>
			<IsOnFire>false</IsOnFire>
			<IsInvincible>false</IsInvincible>
			<IsBulletProof>false</IsBulletProof>
			<IsCollisionProof>false</IsCollisionProof>
			<IsExplosionProof>false</IsExplosionProof>
			<IsFireProof>false</IsFireProof>
			<IsMeleeProof>false</IsMeleeProof>
			<IsOnlyDamagedByPlayer>false</IsOnlyDamagedByPlayer>
			<PositionRotation>
				<X>423.124603</X>
				<Y>-608.2099</Y>
				<Z>28.4432774</Z>
				<Pitch>-0.0715105832</Pitch>
				<Roll>-0.156450719</Roll>
				<Yaw>-174.656677</Yaw>
			</PositionRotation>
			<Attachment isAttached="true">
				<AttachedTo>214787</AttachedTo>
				<BoneIndex>0</BoneIndex>
				<X>-0.482304037</X>
				<Y>1.74635935</Y>
				<Z>0.49223119</Z>
				<Pitch>-0.0152450232</Pitch>
				<Roll>0.000746532052</Roll>
				<Yaw>-173.797699</Yaw>
			</Attachment>
		</Attachment>
		<Attachment>
			<ModelHash>0x7526574c</ModelHash>
			<Type>3</Type>
			<Dynamic>false</Dynamic>
			<FrozenPos>true</FrozenPos>
			<HashName>prop_wall_light_03b</HashName>
			<InitialHandle>360488</InitialHandle>
			<ObjectProperties>
				<TextureVariation>0</TextureVariation>
			</ObjectProperties>
			<OpacityLevel>255</OpacityLevel>
			<LodDistance>16960</LodDistance>
			<IsVisible>true</IsVisible>
			<MaxHealth>1000</MaxHealth>
			<Health>1000</Health>
			<HasGravity>true</HasGravity>
			<IsOnFire>false</IsOnFire>
			<IsInvincible>false</IsInvincible>
			<IsBulletProof>false</IsBulletProof>
			<IsCollisionProof>false</IsCollisionProof>
			<IsExplosionProof>false</IsExplosionProof>
			<IsFireProof>false</IsFireProof>
			<IsMeleeProof>false</IsMeleeProof>
			<IsOnlyDamagedByPlayer>false</IsOnlyDamagedByPlayer>
			<PositionRotation>
				<X>424.115326</X>
				<Y>-608.242798</Y>
				<Z>28.4293938</Z>
				<Pitch>-0.034050554</Pitch>
				<Roll>-0.165154427</Roll>
				<Yaw>172.116638</Yaw>
			</PositionRotation>
			<Attachment isAttached="true">
				<AttachedTo>214787</AttachedTo>
				<BoneIndex>0</BoneIndex>
				<X>0.508839428</X>
				<Y>1.72831452</Y>
				<Z>0.481167674</Z>
				<Pitch>-0.0152450232</Pitch>
				<Roll>0.000746532052</Roll>
				<Yaw>-187.024414</Yaw>
			</Attachment>
		</Attachment>
		<Attachment>
			<ModelHash>0xde6251f1</ModelHash>
			<Type>3</Type>
			<Dynamic>false</Dynamic>
			<FrozenPos>true</FrozenPos>
			<HashName>prop_wheel_06</HashName>
			<InitialHandle>7218</InitialHandle>
			<ObjectProperties>
				<TextureVariation>0</TextureVariation>
			</ObjectProperties>
			<OpacityLevel>255</OpacityLevel>
			<LodDistance>16960</LodDistance>
			<IsVisible>true</IsVisible>
			<MaxHealth>1000</MaxHealth>
			<Health>1000</Health>
			<HasGravity>true</HasGravity>
			<IsOnFire>false</IsOnFire>
			<IsInvincible>false</IsInvincible>
			<IsBulletProof>false</IsBulletProof>
			<IsCollisionProof>false</IsCollisionProof>
			<IsExplosionProof>false</IsExplosionProof>
			<IsFireProof>false</IsFireProof>
			<IsMeleeProof>false</IsMeleeProof>
			<IsOnlyDamagedByPlayer>false</IsOnlyDamagedByPlayer>
			<PositionRotation>
				<X>422.783234</X>
				<Y>-608.920044</Y>
				<Z>28.226717</Z>
				<Pitch>-0.220648497</Pitch>
				<Roll>0.180917367</Roll>
				<Yaw>-91.0239944</Yaw>
			</PositionRotation>
			<Attachment isAttached="true">
				<AttachedTo>214787</AttachedTo>
				<BoneIndex>0</BoneIndex>
				<X>-0.812371314</X>
				<Y>1.03105056</Y>
				<Z>0.275221705</Z>
				<Pitch>-0.0581809618</Pitch>
				<Roll>0.142432645</Roll>
				<Yaw>-90.1652374</Yaw>
			</Attachment>
		</Attachment>
		<Attachment>
			<ModelHash>0xde6251f1</ModelHash>
			<Type>3</Type>
			<Dynamic>false</Dynamic>
			<FrozenPos>true</FrozenPos>
			<HashName>prop_wheel_06</HashName>
			<InitialHandle>724784</InitialHandle>
			<ObjectProperties>
				<TextureVariation>0</TextureVariation>
			</ObjectProperties>
			<OpacityLevel>255</OpacityLevel>
			<LodDistance>16960</LodDistance>
			<IsVisible>true</IsVisible>
			<MaxHealth>1000</MaxHealth>
			<Health>1000</Health>
			<HasGravity>true</HasGravity>
			<IsOnFire>false</IsOnFire>
			<IsInvincible>false</IsInvincible>
			<IsBulletProof>false</IsBulletProof>
			<IsCollisionProof>false</IsCollisionProof>
			<IsExplosionProof>false</IsExplosionProof>
			<IsFireProof>false</IsFireProof>
			<IsMeleeProof>false</IsMeleeProof>
			<IsOnlyDamagedByPlayer>false</IsOnlyDamagedByPlayer>
			<PositionRotation>
				<X>424.443359</X>
				<Y>-608.950439</Y>
				<Z>28.1970959</Z>
				<Pitch>0.10292884</Pitch>
				<Roll>0.0986102074</Roll>
				<Yaw>90.8660965</Yaw>
			</PositionRotation>
			<Attachment isAttached="true">
				<AttachedTo>214787</AttachedTo>
				<BoneIndex>0</BoneIndex>
				<X>0.848105371</X>
				<Y>1.02551508</Y>
				<Z>0.250309318</Z>
				<Pitch>-0.0581809618</Pitch>
				<Roll>0.142432645</Roll>
				<Yaw>-268.275055</Yaw>
			</Attachment>
		</Attachment>
		<Attachment>
			<ModelHash>0x856e5e8e</ModelHash>
			<Type>3</Type>
			<Dynamic>false</Dynamic>
			<FrozenPos>true</FrozenPos>
			<HashName>w_mg_mg</HashName>
			<InitialHandle>311602</InitialHandle>
			<ObjectProperties>
				<TextureVariation>0</TextureVariation>
			</ObjectProperties>
			<OpacityLevel>255</OpacityLevel>
			<LodDistance>16960</LodDistance>
			<IsVisible>true</IsVisible>
			<MaxHealth>1000</MaxHealth>
			<Health>1000</Health>
			<HasGravity>true</HasGravity>
			<IsOnFire>false</IsOnFire>
			<IsInvincible>false</IsInvincible>
			<IsBulletProof>false</IsBulletProof>
			<IsCollisionProof>false</IsCollisionProof>
			<IsExplosionProof>false</IsExplosionProof>
			<IsFireProof>false</IsFireProof>
			<IsMeleeProof>false</IsMeleeProof>
			<IsOnlyDamagedByPlayer>false</IsOnlyDamagedByPlayer>
			<PositionRotation>
				<X>422.963257</X>
				<Y>-610.049561</Y>
				<Z>28.6713142</Z>
				<Pitch>0.0481145829</Pitch>
				<Roll>0.0136769461</Roll>
				<Yaw>126.107864</Yaw>
			</PositionRotation>
			<Attachment isAttached="true">
				<AttachedTo>214787</AttachedTo>
				<BoneIndex>0</BoneIndex>
				<X>-0.616701305</X>
				<Y>-0.0953664035</Y>
				<Z>0.721139908</Z>
				<Pitch>-0.0581809618</Pitch>
				<Roll>0.142432645</Roll>
				<Yaw>-233.033234</Yaw>
			</Attachment>
		</Attachment>
	</SpoonerAttachments>
</Vehicle>
