<?xml version="1.0" encoding="ISO-8859-1"?>
<Vehicle menyoo_ver="0.999876782b">
	<ModelHash>0x0612f4b6</ModelHash>
	<InitialHandle>305947</InitialHandle>
	<VehicleProperties>
		<Colours>
			<Primary>12</Primary>
			<Secondary>12</Secondary>
			<Pearl>0</Pearl>
			<Rim>3</Rim>
			<Mod1_a>6</Mod1_a>
			<Mod1_b>-1</Mod1_b>
			<Mod1_c>-1</Mod1_c>
			<Mod2_a>6</Mod2_a>
			<Mod2_b>-1</Mod2_b>
			<IsPrimaryColourCustom>false</IsPrimaryColourCustom>
			<IsSecondaryColourCustom>false</IsSecondaryColourCustom>
			<tyreSmoke_R>255</tyreSmoke_R>
			<tyreSmoke_G>255</tyreSmoke_G>
			<tyreSmoke_B>255</tyreSmoke_B>
			<LrInterior>3</LrInterior>
			<LrDashboard>134</LrDashboard>
		</Colours>
		<Livery>-1</Livery>
		<NumberPlateText>44UIW143</NumberPlateText>
		<NumberPlateIndex>0</NumberPlateIndex>
		<WheelType>4</WheelType>
		<WheelsInvisible>false</WheelsInvisible>
		<EngineSoundName></EngineSoundName>
		<WindowTint>-1</WindowTint>
		<BulletProofTyres>true</BulletProofTyres>
		<DirtLevel>0.212442905</DirtLevel>
		<PaintFade>0.298039228</PaintFade>
		<RoofState>0</RoofState>
		<SirenActive>false</SirenActive>
		<EngineOn>true</EngineOn>
		<EngineHealth>1000</EngineHealth>
		<LightsOn>false</LightsOn>
		<IsRadioLoud>0</IsRadioLoud>
		<LockStatus>1</LockStatus>
		<Neons>
			<Left>false</Left>
			<Right>false</Right>
			<Front>false</Front>
			<Back>false</Back>
			<R>255</R>
			<G>0</G>
			<B>255</B>
		</Neons>
		<ModExtras>
			<_1>false</_1>
			<_2>false</_2>
			<_3>false</_3>
			<_4>false</_4>
			<_5>false</_5>
		</ModExtras>
		<Mods>
			<_0>-1,0</_0>
			<_1>-1,0</_1>
			<_2>-1,0</_2>
			<_3>-1,0</_3>
			<_4>-1,0</_4>
			<_5>-1,0</_5>
			<_6>-1,0</_6>
			<_7>-1,0</_7>
			<_8>-1,0</_8>
			<_9>-1,0</_9>
			<_10>-1,0</_10>
			<_11>-1,0</_11>
			<_12>-1,0</_12>
			<_13>-1,0</_13>
			<_14>-1,0</_14>
			<_15>-1,0</_15>
			<_16>-1,0</_16>
			<_17>false</_17>
			<_18>false</_18>
			<_19>false</_19>
			<_20>false</_20>
			<_21>false</_21>
			<_22>false</_22>
			<_23>-1,0</_23>
			<_24>-1,0</_24>
			<_25>-1,0</_25>
			<_26>-1,0</_26>
			<_27>-1,0</_27>
			<_28>-1,0</_28>
			<_29>-1,0</_29>
			<_30>-1,0</_30>
			<_31>-1,0</_31>
			<_32>-1,0</_32>
			<_33>-1,0</_33>
			<_34>-1,0</_34>
			<_35>-1,0</_35>
			<_36>-1,0</_36>
			<_37>-1,0</_37>
			<_38>-1,0</_38>
			<_39>-1,0</_39>
			<_40>-1,0</_40>
			<_41>-1,0</_41>
			<_42>-1,0</_42>
			<_43>-1,0</_43>
			<_44>-1,0</_44>
			<_45>-1,0</_45>
			<_46>-1,0</_46>
			<_47>-1,0</_47>
			<_48>-1,0</_48>
		</Mods>
		<DoorsOpen>
			<BackLeftDoor>false</BackLeftDoor>
			<BackRightDoor>false</BackRightDoor>
			<FrontLeftDoor>false</FrontLeftDoor>
			<FrontRightDoor>false</FrontRightDoor>
			<Hood>false</Hood>
			<Trunk>false</Trunk>
			<Trunk2>false</Trunk2>
		</DoorsOpen>
		<DoorsBroken>
			<BackLeftDoor>false</BackLeftDoor>
			<BackRightDoor>false</BackRightDoor>
			<FrontLeftDoor>true</FrontLeftDoor>
			<FrontRightDoor>true</FrontRightDoor>
			<Hood>false</Hood>
			<Trunk>false</Trunk>
			<Trunk2>false</Trunk2>
		</DoorsBroken>
		<TyresBursted>
			<FrontLeft>false</FrontLeft>
			<FrontRight>false</FrontRight>
			<_2>false</_2>
			<_3>false</_3>
			<BackLeft>false</BackLeft>
			<BackRight>false</BackRight>
			<_6>false</_6>
			<_7>false</_7>
			<_8>false</_8>
		</TyresBursted>
		<RpmMultiplier>1</RpmMultiplier>
		<TorqueMultiplier>1</TorqueMultiplier>
		<HeadlightIntensity>1</HeadlightIntensity>
	</VehicleProperties>
	<OpacityLevel>255</OpacityLevel>
	<LodDistance>16960</LodDistance>
	<IsVisible>true</IsVisible>
	<IsDriverVisible>true</IsDriverVisible>
	<MaxHealth>1000</MaxHealth>
	<Health>1000</Health>
	<HasGravity>true</HasGravity>
	<IsOnFire>false</IsOnFire>
	<IsInvincible>true</IsInvincible>
	<IsBulletProof>true</IsBulletProof>
	<IsExplosionProof>true</IsExplosionProof>
	<IsFireProof>false</IsFireProof>
	<IsMeleeProof>true</IsMeleeProof>
	<IsOnlyDamagedByPlayer>false</IsOnlyDamagedByPlayer>
	<SpoonerAttachments SetAttachmentsPersistentAndAddToSpoonerDatabase="false" StartTaskSequencesOnLoad="true">
		<Attachment>
			<ModelHash>0x1fd824af</ModelHash>
			<Type>2</Type>
			<Dynamic>true</Dynamic>
			<FrozenPos>false</FrozenPos>
			<HashName>Space Docker</HashName>
			<InitialHandle>287003</InitialHandle>
			<VehicleProperties>
				<Colours>
					<Primary>132</Primary>
					<Secondary>132</Secondary>
					<Pearl>0</Pearl>
					<Rim>0</Rim>
					<Mod1_a>617</Mod1_a>
					<Mod1_b>-883359744</Mod1_b>
					<Mod1_c>-1392494793</Mod1_c>
					<Mod2_a>-996611040</Mod2_a>
					<Mod2_b>7</Mod2_b>
					<IsPrimaryColourCustom>false</IsPrimaryColourCustom>
					<IsSecondaryColourCustom>false</IsSecondaryColourCustom>
					<tyreSmoke_R>255</tyreSmoke_R>
					<tyreSmoke_G>255</tyreSmoke_G>
					<tyreSmoke_B>255</tyreSmoke_B>
					<LrInterior>0</LrInterior>
					<LrDashboard>0</LrDashboard>
				</Colours>
				<Livery>-1</Livery>
				<NumberPlateText>00KNY320</NumberPlateText>
				<NumberPlateIndex>4</NumberPlateIndex>
				<WheelType>4</WheelType>
				<WheelsInvisible>false</WheelsInvisible>
				<EngineSoundName></EngineSoundName>
				<WindowTint>-1</WindowTint>
				<BulletProofTyres>false</BulletProofTyres>
				<DirtLevel>0</DirtLevel>
				<PaintFade>0.298039228</PaintFade>
				<RoofState>0</RoofState>
				<SirenActive>false</SirenActive>
				<EngineOn>false</EngineOn>
				<EngineHealth>1000</EngineHealth>
				<LightsOn>false</LightsOn>
				<IsRadioLoud>0</IsRadioLoud>
				<LockStatus>1</LockStatus>
				<Neons>
					<Left>false</Left>
					<Right>false</Right>
					<Front>false</Front>
					<Back>false</Back>
					<R>255</R>
					<G>0</G>
					<B>255</B>
				</Neons>
				<DoorsOpen>
					<BackLeftDoor>false</BackLeftDoor>
					<BackRightDoor>false</BackRightDoor>
					<FrontLeftDoor>false</FrontLeftDoor>
					<FrontRightDoor>false</FrontRightDoor>
					<Hood>false</Hood>
					<Trunk>false</Trunk>
					<Trunk2>false</Trunk2>
				</DoorsOpen>
				<DoorsBroken>
					<BackLeftDoor>false</BackLeftDoor>
					<BackRightDoor>false</BackRightDoor>
					<FrontLeftDoor>false</FrontLeftDoor>
					<FrontRightDoor>false</FrontRightDoor>
					<Hood>false</Hood>
					<Trunk>false</Trunk>
					<Trunk2>false</Trunk2>
				</DoorsBroken>
				<TyresBursted>
					<FrontLeft>false</FrontLeft>
					<FrontRight>false</FrontRight>
					<_2>false</_2>
					<_3>false</_3>
					<BackLeft>false</BackLeft>
					<BackRight>false</BackRight>
					<_6>false</_6>
					<_7>false</_7>
					<_8>false</_8>
				</TyresBursted>
				<ModExtras />
				<Mods>
					<_0>-1,0</_0>
					<_1>-1,0</_1>
					<_2>-1,0</_2>
					<_3>-1,0</_3>
					<_4>-1,0</_4>
					<_5>-1,0</_5>
					<_6>-1,0</_6>
					<_7>-1,0</_7>
					<_8>-1,0</_8>
					<_9>-1,0</_9>
					<_10>-1,0</_10>
					<_11>-1,0</_11>
					<_12>-1,0</_12>
					<_13>-1,0</_13>
					<_14>-1,0</_14>
					<_15>-1,0</_15>
					<_16>-1,0</_16>
					<_17>false</_17>
					<_18>false</_18>
					<_19>false</_19>
					<_20>false</_20>
					<_21>false</_21>
					<_22>false</_22>
					<_23>-1,0</_23>
					<_24>-1,0</_24>
					<_25>-1,0</_25>
					<_26>-1,0</_26>
					<_27>-1,0</_27>
					<_28>-1,0</_28>
					<_29>-1,0</_29>
					<_30>-1,0</_30>
					<_31>-1,0</_31>
					<_32>-1,0</_32>
					<_33>-1,0</_33>
					<_34>-1,0</_34>
					<_35>-1,0</_35>
					<_36>-1,0</_36>
					<_37>-1,0</_37>
					<_38>-1,0</_38>
					<_39>-1,0</_39>
					<_40>-1,0</_40>
					<_41>-1,0</_41>
					<_42>-1,0</_42>
					<_43>-1,0</_43>
					<_44>-1,0</_44>
					<_45>-1,0</_45>
					<_46>-1,0</_46>
					<_47>-1,0</_47>
					<_48>-1,0</_48>
				</Mods>
			</VehicleProperties>
			<OpacityLevel>255</OpacityLevel>
			<LodDistance>16960</LodDistance>
			<IsVisible>true</IsVisible>
			<MaxHealth>1000</MaxHealth>
			<Health>1000</Health>
			<HasGravity>true</HasGravity>
			<IsOnFire>false</IsOnFire>
			<IsInvincible>false</IsInvincible>
			<IsBulletProof>false</IsBulletProof>
			<IsCollisionProof>true</IsCollisionProof>
			<IsExplosionProof>false</IsExplosionProof>
			<IsFireProof>false</IsFireProof>
			<IsMeleeProof>false</IsMeleeProof>
			<IsOnlyDamagedByPlayer>false</IsOnlyDamagedByPlayer>
			<PositionRotation>
				<X>90.392189</X>
				<Y>-1054.44568</Y>
				<Z>29.1496143</Z>
				<Pitch>-1.7310133</Pitch>
				<Roll>-0.134090602</Roll>
				<Yaw>84.5317383</Yaw>
			</PositionRotation>
			<Attachment isAttached="true">
				<AttachedTo>305947</AttachedTo>
				<BoneIndex>0</BoneIndex>
				<X>0</X>
				<Y>0</Y>
				<Z>0</Z>
				<Pitch>0</Pitch>
				<Roll>0</Roll>
				<Yaw>0</Yaw>
			</Attachment>
		</Attachment>
		<Attachment>
			<ModelHash>0xd37a33c0</ModelHash>
			<Type>3</Type>
			<Dynamic>false</Dynamic>
			<FrozenPos>true</FrozenPos>
			<HashName>w_sr_heavysniper</HashName>
			<InitialHandle>466463</InitialHandle>
			<ObjectProperties>
				<TextureVariation>0</TextureVariation>
			</ObjectProperties>
			<OpacityLevel>255</OpacityLevel>
			<LodDistance>16960</LodDistance>
			<IsVisible>true</IsVisible>
			<MaxHealth>1000</MaxHealth>
			<Health>1000</Health>
			<HasGravity>true</HasGravity>
			<IsOnFire>false</IsOnFire>
			<IsInvincible>false</IsInvincible>
			<IsBulletProof>false</IsBulletProof>
			<IsCollisionProof>true</IsCollisionProof>
			<IsExplosionProof>false</IsExplosionProof>
			<IsFireProof>false</IsFireProof>
			<IsMeleeProof>false</IsMeleeProof>
			<IsOnlyDamagedByPlayer>false</IsOnlyDamagedByPlayer>
			<PositionRotation>
				<X>88.778389</X>
				<Y>-1054.29285</Y>
				<Z>29.8209534</Z>
				<Pitch>-0.134029001</Pitch>
				<Roll>1.7310183</Roll>
				<Yaw>174.535782</Yaw>
			</PositionRotation>
			<Attachment isAttached="true">
				<AttachedTo>305947</AttachedTo>
				<BoneIndex>0</BoneIndex>
				<X>0</X>
				<Y>1.60000014</Y>
				<Z>0.720000267</Z>
				<Pitch>0</Pitch>
				<Roll>0</Roll>
				<Yaw>90.0000153</Yaw>
			</Attachment>
		</Attachment>
		<Attachment>
			<ModelHash>0xf5c39f51</ModelHash>
			<Type>3</Type>
			<Dynamic>false</Dynamic>
			<FrozenPos>true</FrozenPos>
			<HashName>prop_rub_carpart_04</HashName>
			<InitialHandle>612651</InitialHandle>
			<ObjectProperties>
				<TextureVariation>0</TextureVariation>
			</ObjectProperties>
			<OpacityLevel>255</OpacityLevel>
			<LodDistance>16960</LodDistance>
			<IsVisible>true</IsVisible>
			<MaxHealth>1000</MaxHealth>
			<Health>1000</Health>
			<HasGravity>true</HasGravity>
			<IsOnFire>false</IsOnFire>
			<IsInvincible>false</IsInvincible>
			<IsBulletProof>false</IsBulletProof>
			<IsCollisionProof>true</IsCollisionProof>
			<IsExplosionProof>false</IsExplosionProof>
			<IsFireProof>false</IsFireProof>
			<IsMeleeProof>false</IsMeleeProof>
			<IsOnlyDamagedByPlayer>false</IsOnlyDamagedByPlayer>
			<PositionRotation>
				<X>92.4219742</X>
				<Y>-1054.64001</Y>
				<Z>29.211237</Z>
				<Pitch>-0.0432457179</Pitch>
				<Roll>21.7356644</Roll>
				<Yaw>177.534409</Yaw>
			</PositionRotation>
			<Attachment isAttached="true">
				<AttachedTo>305947</AttachedTo>
				<BoneIndex>0</BoneIndex>
				<X>0</X>
				<Y>-2.03999853</Y>
				<Z>0</Z>
				<Pitch>2.0980835e-05</Pitch>
				<Roll>20.0000038</Roll>
				<Yaw>93.0000076</Yaw>
			</Attachment>
		</Attachment>
		<Attachment>
			<ModelHash>0x0c9fcd09</ModelHash>
			<Type>3</Type>
			<Dynamic>true</Dynamic>
			<FrozenPos>false</FrozenPos>
			<HashName>prop_rub_carpart_02</HashName>
			<InitialHandle>147759</InitialHandle>
			<ObjectProperties>
				<TextureVariation>0</TextureVariation>
			</ObjectProperties>
			<OpacityLevel>255</OpacityLevel>
			<LodDistance>16960</LodDistance>
			<IsVisible>true</IsVisible>
			<MaxHealth>1000</MaxHealth>
			<Health>1000</Health>
			<HasGravity>true</HasGravity>
			<IsOnFire>false</IsOnFire>
			<IsInvincible>false</IsInvincible>
			<IsBulletProof>false</IsBulletProof>
			<IsCollisionProof>true</IsCollisionProof>
			<IsExplosionProof>false</IsExplosionProof>
			<IsFireProof>false</IsFireProof>
			<IsMeleeProof>false</IsMeleeProof>
			<IsOnlyDamagedByPlayer>false</IsOnlyDamagedByPlayer>
			<PositionRotation>
				<X>90.2232971</X>
				<Y>-1055.26331</Y>
				<Z>29.1549492</Z>
				<Pitch>-0.134030029</Pitch>
				<Roll>1.73101807</Roll>
				<Yaw>174.535767</Yaw>
			</PositionRotation>
			<Attachment isAttached="true">
				<AttachedTo>305947</AttachedTo>
				<BoneIndex>-1</BoneIndex>
				<X>-0.829999566</X>
				<Y>0.0900000185</Y>
				<Z>0.0100000016</Z>
				<Pitch>0</Pitch>
				<Roll>0</Roll>
				<Yaw>89.9999847</Yaw>
			</Attachment>
		</Attachment>
		<Attachment>
			<ModelHash>0xa38d9617</ModelHash>
			<Type>3</Type>
			<Dynamic>false</Dynamic>
			<FrozenPos>true</FrozenPos>
			<HashName>winerow</HashName>
			<InitialHandle>756259</InitialHandle>
			<ObjectProperties>
				<TextureVariation>0</TextureVariation>
			</ObjectProperties>
			<OpacityLevel>255</OpacityLevel>
			<LodDistance>16960</LodDistance>
			<IsVisible>true</IsVisible>
			<MaxHealth>1000</MaxHealth>
			<Health>1000</Health>
			<HasGravity>true</HasGravity>
			<IsOnFire>false</IsOnFire>
			<IsInvincible>false</IsInvincible>
			<IsBulletProof>false</IsBulletProof>
			<IsCollisionProof>true</IsCollisionProof>
			<IsExplosionProof>false</IsExplosionProof>
			<IsFireProof>false</IsFireProof>
			<IsMeleeProof>false</IsMeleeProof>
			<IsOnlyDamagedByPlayer>false</IsOnlyDamagedByPlayer>
			<PositionRotation>
				<X>91.3565903</X>
				<Y>-1054.54041</Y>
				<Z>30.1893578</Z>
				<Pitch>-1.7310133</Pitch>
				<Roll>-0.134090602</Roll>
				<Yaw>84.5317383</Yaw>
			</PositionRotation>
			<Attachment isAttached="true">
				<AttachedTo>287003</AttachedTo>
				<BoneIndex>-1</BoneIndex>
				<X>0</X>
				<Y>-1.00000012</Y>
				<Z>1.01000011</Z>
				<Pitch>0</Pitch>
				<Roll>0</Roll>
				<Yaw>0</Yaw>
			</Attachment>
		</Attachment>
		<Attachment>
			<ModelHash>0xc2e3e902</ModelHash>
			<Type>3</Type>
			<Dynamic>false</Dynamic>
			<FrozenPos>true</FrozenPos>
			<HashName>prop_copier_01</HashName>
			<InitialHandle>452901</InitialHandle>
			<ObjectProperties>
				<TextureVariation>0</TextureVariation>
			</ObjectProperties>
			<OpacityLevel>255</OpacityLevel>
			<LodDistance>16960</LodDistance>
			<IsVisible>true</IsVisible>
			<MaxHealth>1000</MaxHealth>
			<Health>1000</Health>
			<HasGravity>true</HasGravity>
			<IsOnFire>false</IsOnFire>
			<IsInvincible>false</IsInvincible>
			<IsBulletProof>false</IsBulletProof>
			<IsCollisionProof>true</IsCollisionProof>
			<IsExplosionProof>false</IsExplosionProof>
			<IsFireProof>false</IsFireProof>
			<IsMeleeProof>false</IsMeleeProof>
			<IsOnlyDamagedByPlayer>false</IsOnlyDamagedByPlayer>
			<PositionRotation>
				<X>90.7092361</X>
				<Y>-1054.47839</Y>
				<Z>30.1897144</Z>
				<Pitch>-1.7310133</Pitch>
				<Roll>-0.134090602</Roll>
				<Yaw>84.5317383</Yaw>
			</PositionRotation>
			<Attachment isAttached="true">
				<AttachedTo>287003</AttachedTo>
				<BoneIndex>0</BoneIndex>
				<X>0</X>
				<Y>-0.349999994</Y>
				<Z>1.03000009</Z>
				<Pitch>0</Pitch>
				<Roll>0</Roll>
				<Yaw>0</Yaw>
			</Attachment>
		</Attachment>
		<Attachment>
			<ModelHash>0x46b1a5ae</ModelHash>
			<Type>3</Type>
			<Dynamic>false</Dynamic>
			<FrozenPos>true</FrozenPos>
			<HashName>prop_telescope_01</HashName>
			<InitialHandle>520228</InitialHandle>
			<ObjectProperties>
				<TextureVariation>0</TextureVariation>
			</ObjectProperties>
			<OpacityLevel>255</OpacityLevel>
			<LodDistance>16960</LodDistance>
			<IsVisible>true</IsVisible>
			<MaxHealth>1000</MaxHealth>
			<Health>1000</Health>
			<HasGravity>true</HasGravity>
			<IsOnFire>false</IsOnFire>
			<IsInvincible>false</IsInvincible>
			<IsBulletProof>false</IsBulletProof>
			<IsCollisionProof>true</IsCollisionProof>
			<IsExplosionProof>false</IsExplosionProof>
			<IsFireProof>false</IsFireProof>
			<IsMeleeProof>false</IsMeleeProof>
			<IsOnlyDamagedByPlayer>false</IsOnlyDamagedByPlayer>
			<PositionRotation>
				<X>90.3054199</X>
				<Y>-1054.75317</Y>
				<Z>31.0380211</Z>
				<Pitch>-1.7310133</Pitch>
				<Roll>-0.134090602</Roll>
				<Yaw>84.5317383</Yaw>
			</PositionRotation>
			<Attachment isAttached="true">
				<AttachedTo>287003</AttachedTo>
				<BoneIndex>0</BoneIndex>
				<X>-0.310000032</X>
				<Y>0</Y>
				<Z>1.88999856</Z>
				<Pitch>0</Pitch>
				<Roll>0</Roll>
				<Yaw>0</Yaw>
			</Attachment>
		</Attachment>
		<Attachment>
			<ModelHash>0xd37a33c0</ModelHash>
			<Type>3</Type>
			<Dynamic>false</Dynamic>
			<FrozenPos>true</FrozenPos>
			<HashName>w_sr_heavysniper</HashName>
			<InitialHandle>40223</InitialHandle>
			<ObjectProperties>
				<TextureVariation>0</TextureVariation>
			</ObjectProperties>
			<OpacityLevel>255</OpacityLevel>
			<LodDistance>16960</LodDistance>
			<IsVisible>true</IsVisible>
			<MaxHealth>1000</MaxHealth>
			<Health>1000</Health>
			<HasGravity>true</HasGravity>
			<IsOnFire>false</IsOnFire>
			<IsInvincible>false</IsInvincible>
			<IsBulletProof>false</IsBulletProof>
			<IsCollisionProof>true</IsCollisionProof>
			<IsExplosionProof>false</IsExplosionProof>
			<IsFireProof>false</IsFireProof>
			<IsMeleeProof>false</IsMeleeProof>
			<IsOnlyDamagedByPlayer>false</IsOnlyDamagedByPlayer>
			<PositionRotation>
				<X>88.8345718</X>
				<Y>-1053.70557</Y>
				<Z>29.8223343</Z>
				<Pitch>-0.134029001</Pitch>
				<Roll>1.7310183</Roll>
				<Yaw>174.535782</Yaw>
			</PositionRotation>
			<Attachment isAttached="true">
				<AttachedTo>466463</AttachedTo>
				<BoneIndex>0</BoneIndex>
				<X>0</X>
				<Y>-0.589999735</Y>
				<Z>0</Z>
				<Pitch>0</Pitch>
				<Roll>0</Roll>
				<Yaw>0</Yaw>
			</Attachment>
		</Attachment>
		<Attachment>
			<ModelHash>0xd37a33c0</ModelHash>
			<Type>3</Type>
			<Dynamic>false</Dynamic>
			<FrozenPos>true</FrozenPos>
			<HashName>w_sr_heavysniper</HashName>
			<InitialHandle>272415</InitialHandle>
			<ObjectProperties>
				<TextureVariation>0</TextureVariation>
			</ObjectProperties>
			<OpacityLevel>255</OpacityLevel>
			<LodDistance>16960</LodDistance>
			<IsVisible>true</IsVisible>
			<MaxHealth>1000</MaxHealth>
			<Health>1000</Health>
			<HasGravity>true</HasGravity>
			<IsOnFire>false</IsOnFire>
			<IsInvincible>false</IsInvincible>
			<IsBulletProof>false</IsBulletProof>
			<IsCollisionProof>true</IsCollisionProof>
			<IsExplosionProof>false</IsExplosionProof>
			<IsFireProof>false</IsFireProof>
			<IsMeleeProof>false</IsMeleeProof>
			<IsOnlyDamagedByPlayer>false</IsOnlyDamagedByPlayer>
			<PositionRotation>
				<X>88.7222061</X>
				<Y>-1054.88013</Y>
				<Z>29.8195724</Z>
				<Pitch>-0.134029001</Pitch>
				<Roll>1.7310183</Roll>
				<Yaw>174.535782</Yaw>
			</PositionRotation>
			<Attachment isAttached="true">
				<AttachedTo>466463</AttachedTo>
				<BoneIndex>0</BoneIndex>
				<X>0</X>
				<Y>0.589999735</Y>
				<Z>0</Z>
				<Pitch>0</Pitch>
				<Roll>0</Roll>
				<Yaw>0</Yaw>
			</Attachment>
		</Attachment>
		<Attachment>
			<ModelHash>0x3ad2a96e</ModelHash>
			<Type>3</Type>
			<Dynamic>false</Dynamic>
			<FrozenPos>true</FrozenPos>
			<HashName>prop_rub_carpart_03</HashName>
			<InitialHandle>17455</InitialHandle>
			<ObjectProperties>
				<TextureVariation>0</TextureVariation>
			</ObjectProperties>
			<OpacityLevel>255</OpacityLevel>
			<LodDistance>16960</LodDistance>
			<IsVisible>true</IsVisible>
			<MaxHealth>1000</MaxHealth>
			<Health>1000</Health>
			<HasGravity>true</HasGravity>
			<IsOnFire>false</IsOnFire>
			<IsInvincible>false</IsInvincible>
			<IsBulletProof>false</IsBulletProof>
			<IsCollisionProof>true</IsCollisionProof>
			<IsExplosionProof>false</IsExplosionProof>
			<IsFireProof>false</IsFireProof>
			<IsMeleeProof>false</IsMeleeProof>
			<IsOnlyDamagedByPlayer>false</IsOnlyDamagedByPlayer>
			<PositionRotation>
				<X>90.3813705</X>
				<Y>-1053.61084</Y>
				<Z>29.1588326</Z>
				<Pitch>0.1340307</Pitch>
				<Roll>-1.73101795</Roll>
				<Yaw>-5.464252</Yaw>
			</PositionRotation>
			<Attachment isAttached="true">
				<AttachedTo>147759</AttachedTo>
				<BoneIndex>0</BoneIndex>
				<X>0</X>
				<Y>-1.65999877</Y>
				<Z>0</Z>
				<Pitch>0</Pitch>
				<Roll>0</Roll>
				<Yaw>179.999985</Yaw>
			</Attachment>
		</Attachment>
	</SpoonerAttachments>
</Vehicle>
